content,ctime,like,reply_count,user_name,user_level,is_sub_reply,oid,episode,episode_title,anime_title
按时间排序是吧[doge],2024-11-14 21:12:29,77,2,尘舞苍穹,6,0,26552395,1,统治者的忧郁,OVERLORD Ⅲ
[doge_金箍],2025-12-25 20:49:09,0,0,汤圆汤圆圆宝,6,1,26552395,1,统治者的忧郁,OVERLORD Ⅲ
[doge_金箍],2026-03-16 16:40:35,0,0,喵_喵_喵-_-,6,1,26552395,1,统治者的忧郁,OVERLORD Ⅲ
大骨汤[doge],2023-03-15 20:31:04,75,0,神社的博丽灵梦,6,0,26552395,1,统治者的忧郁,OVERLORD Ⅲ
安兹的敌对势力分布:78%氮气，21%氧气，0.94%稀有气体，0.03%二氧化碳，0.03%杂质,2018-07-11 14:37:15,56866,264,Ni3Co2,6,0,26552395,1,统治者的忧郁,OVERLORD Ⅲ
来早一点，你或许能上热评╮(￣▽￣)╭,2018-07-11 14:39:37,496,0,一般路過-えみや,6,1,26552395,1,统治者的忧郁,OVERLORD Ⅲ
送你上热评！,2018-07-11 14:40:49,184,0,PhilippWan,6,1,26552395,1,统治者的忧郁,OVERLORD Ⅲ
希望你能上去,2018-07-11 15:03:28,168,0,快乐老乡人,6,1,26552395,1,统治者的忧郁,OVERLORD Ⅲ
就你皮！哈哈哈哈哈哈！,2018-07-11 15:06:08,58,0,诗音大宝贝,6,1,26552395,1,统治者的忧郁,OVERLORD Ⅲ
破绽服，送你上去(･∀･),2018-07-11 17:38:35,36,0,雨声鱼zz,6,1,26552395,1,统治者的忧郁,OVERLORD Ⅲ
送你上去,2018-07-12 14:38:59,10,0,冰啵哒冰,6,1,26552395,1,统治者的忧郁,OVERLORD Ⅲ
你怎么上来了(°∀°)ﾉ,2018-07-13 00:04:26,11,0,清清洋洋233,6,1,26552395,1,统治者的忧郁,OVERLORD Ⅲ
哇，我怎么就上不去呢（￣へ￣）,2018-07-13 00:12:55,10,0,丸山萝莉,6,1,26552395,1,统治者的忧郁,OVERLORD Ⅲ
送你上去,2018-07-13 00:24:49,4,0,克劳泽,6,1,26552395,1,统治者的忧郁,OVERLORD Ⅲ
一看就知道是上过补习班,2018-07-13 00:26:38,24,0,_幽香果,6,1,26552395,1,统治者的忧郁,OVERLORD Ⅲ
真希望你能上去,2018-07-14 09:07:51,3,0,写不完的病历,6,1,26552395,1,统治者的忧郁,OVERLORD Ⅲ
哈哈哈笑出声,2018-07-15 14:59:06,2,0,アストリア,6,1,26552395,1,统治者的忧郁,OVERLORD Ⅲ
你怎么也上来了,2018-07-16 19:22:15,0,0,丸山萝莉,6,1,26552395,1,统治者的忧郁,OVERLORD Ⅲ
居然上热评了(〜￣△￣)〜,2018-07-16 19:34:54,2,0,名瀬,6,1,26552395,1,统治者的忧郁,OVERLORD Ⅲ
什么意思我没读懂(´･_･`),2018-07-17 22:23:59,11,0,噼噼啪啪噗噗boom,6,1,26552395,1,统治者的忧郁,OVERLORD Ⅲ
回复 @噼噼啪啪噗噗boom :空氣,2018-07-22 02:29:31,18,0,画册回复,5,1,26552395,1,统治者的忧郁,OVERLORD Ⅲ
蒂花之秀,2018-07-26 10:36:44,4,0,1-0-2-3,5,1,26552395,1,统治者的忧郁,OVERLORD Ⅲ
回复 @噼噼啪啪噗噗boom:空气的组成百分比。老实人。,2018-07-26 11:43:44,28,0,把你id名称给我交了,6,1,26552395,1,统治者的忧郁,OVERLORD Ⅲ
上去！,2018-07-26 12:01:41,2,0,我不是DD_,6,1,26552395,1,统治者的忧郁,OVERLORD Ⅲ
优秀,2018-07-26 13:43:27,2,0,哲学真菌,6,1,26552395,1,统治者的忧郁,OVERLORD Ⅲ
"看月亮时
老骨：这月亮真好看
小迪：月亮好看→景色真美→世界真美→征服世界独占这份美丽！！",2018-07-18 00:08:42,9931,28,吃鱼会死会死会死的吧,6,0,27081349,2,再访卡恩村,OVERLORD Ⅲ
有丶优秀,2018-07-18 00:14:53,69,0,空中想,6,1,27081349,2,再访卡恩村,OVERLORD Ⅲ
优秀的回答,2018-07-18 00:17:38,23,0,木槿MoJi,6,1,27081349,2,再访卡恩村,OVERLORD Ⅲ
@俺已自了宫,2019-04-21 16:33:40,3,0,-泽言真香-,6,1,27081349,2,再访卡恩村,OVERLORD Ⅲ
思想逐渐迪化[滑稽],2019-05-07 11:02:41,67,0,寂青泠,6,1,27081349,2,再访卡恩村,OVERLORD Ⅲ
其实那一集里老骨开玩笑的说了一句“征服世界也不错”然后小迪就当真了……,2019-05-11 17:58:19,1262,0,日常假酒少女,6,1,27081349,2,再访卡恩村,OVERLORD Ⅲ
回复 @日常假酒少女 :是呀！哈哈哈哈,2019-07-30 14:30:05,42,0,优伤的东哥,5,1,27081349,2,再访卡恩村,OVERLORD Ⅲ
月亮等于戒指,2020-02-16 11:57:12,12,0,一只马桶桑,6,1,27081349,2,再访卡恩村,OVERLORD Ⅲ
月色真美,2020-02-16 16:36:06,3,0,非后浪,6,1,27081349,2,再访卡恩村,OVERLORD Ⅲ
@夏目漱石,2020-02-16 16:36:31,4,0,非后浪,6,1,27081349,2,再访卡恩村,OVERLORD Ⅲ
你看这月亮像不像一个戒指,2020-03-29 22:11:18,22,0,此花诞亭中,5,1,27081349,2,再访卡恩村,OVERLORD Ⅲ
月亮真美→美→稀有→缺货→少→戒指→所以我戒指呢？,2020-04-01 21:35:58,38,0,哈院睿慈,6,1,27081349,2,再访卡恩村,OVERLORD Ⅲ
雅儿贝德：噢噢噢噢噢噢噢噢噢！/扑倒,2020-04-02 14:07:42,4,0,许灵瑞,6,1,27081349,2,再访卡恩村,OVERLORD Ⅲ
回复 @日常假酒少女 :原来如此！,2020-04-06 11:04:25,3,0,__summer_____,6,1,27081349,2,再访卡恩村,OVERLORD Ⅲ
"3、夏⑨追击逃脱的冒险者，

6、安兹通过雅界级道具效果，直接慌了，以为是高玩设的套要阴他，随后回家立刻取
7、潘多拉能力平庸，但其特殊能力十分强大，他可以模拟41位公果",2020-04-10 21:00:34,15,0,是世棋呀,5,1,27081349,2,再访卡恩村,OVERLORD Ⅲ
你看这月亮像不像戒指,2020-04-11 13:13:02,4,0,老婆们太可爱了,5,1,27081349,2,再访卡恩村,OVERLORD Ⅲ
哈哈哈哈哈哈哈哈哈哈哈哈哈哈哈哈哈哈哈哈哈哈哈哈哈哈哈哈哈哈哈哈哈哈哈哈哈哈哈哈哈哈哈哈哈哈哈哈哈哈哈哈哈哈哈哈哈哈哈哈哈哈哈哈哈哈哈哈哈哈哈哈哈哈哈哈哈哈哈哈,2020-07-14 21:18:14,2,0,帮主_,5,1,27081349,2,再访卡恩村,OVERLORD Ⅲ
"老骨：小迪有点帅哦～
小迪：[害羞][害羞][害羞]",2020-08-13 10:44:53,3,0,Lex思麻,6,1,27081349,2,再访卡恩村,OVERLORD Ⅲ
嗯？额？哈？,2020-10-23 10:08:13,1,0,游の魂,6,1,27081349,2,再访卡恩村,OVERLORD Ⅲ
回复 @大凶萌妹纸 :你没看第一季吗，第一季的剧情啊，还是说你已经忘了,2020-11-02 02:40:58,3,0,柑橘味的糖果屋,5,1,27081349,2,再访卡恩村,OVERLORD Ⅲ
月色真美不是表白的意思吗[吃瓜],2020-11-08 10:08:16,3,0,祈梩,6,1,27081349,2,再访卡恩村,OVERLORD Ⅲ
"老板：先保住公司。
员工：先赚他一个亿！",2018-07-17 23:41:51,3923,5,橙色八月0_0,6,0,27081349,2,再访卡恩村,OVERLORD Ⅲ
生动形象233333,2018-07-17 23:47:53,49,0,繁火枫叶,6,1,27081349,2,再访卡恩村,OVERLORD Ⅲ
"老板：先保住公司。
员工：先赚他一个亿！",2020-01-31 14:34:06,93,0,海中月光,6,1,27081349,2,再访卡恩村,OVERLORD Ⅲ
"老板：目前市场竞争压力有点大，好几家公司可能会构成威胁，那么我们下一步的目标是先保…
员工：先保底把他们全部收购了搞垄断！",2020-06-03 09:12:18,593,0,次元之陈,6,1,27081349,2,再访卡恩村,OVERLORD Ⅲ
老板:一脸懵逼，喵喵喵,2020-06-28 22:52:46,24,0,畿丘封狐,6,1,27081349,2,再访卡恩村,OVERLORD Ⅲ
草,2020-07-31 15:41:58,3,0,想被夜翼大腿绞杀,5,1,27081349,2,再访卡恩村,OVERLORD Ⅲ
安兹这种心情就像马云给秘书说：你给我去买个麦当劳。然后秘书回头就把阿里巴巴收购麦当劳的方案和预算摆到马云办公桌上是一个感觉。。。唉？哪里不对劲？[小电视_吃惊],2018-07-18 11:11:38,10628,42,料理man,6,0,27081349,2,再访卡恩村,OVERLORD Ⅲ
兄弟说的好，给你点个赞！,2018-07-18 11:12:57,111,0,赵燕翎,5,1,27081349,2,再访卡恩村,OVERLORD Ⅲ
"秘书：买好了，九十亿。
马云：？？？",2018-07-19 06:42:03,681,0,登峰造7境,5,1,27081349,2,再访卡恩村,OVERLORD Ⅲ
"安兹看似稳的不行，实则慌得一批
安莉看似稳的不行，实则慌得一批
安兹跟他手下演戏提高名声
安莉跟她手下演戏收服食人魔
人们称他为“漆黑英雄”
人们称她为“血染安莉”
果然 有其父必有其女",2018-07-24 22:32:40,12257,89,铃木悟゙,6,0,27629157,3,安莉动荡又匆忙的生活,OVERLORD Ⅲ
数字论证，请,2018-07-24 22:36:13,250,0,麻豆卡密,6,1,27629157,3,安莉动荡又匆忙的生活,OVERLORD Ⅲ
得占个楼  万一火了呢,2018-07-24 23:19:35,75,0,我不差六枚硬币,6,1,27629157,3,安莉动荡又匆忙的生活,OVERLORD Ⅲ
回复 @麻豆卡密:安兹首字母az编号为1和26，1*26=1*5*4+4+1+1组合为114514，安莉首字母编号为1和12，12=3*4，（3+1）*4=1+1+4+5+1+4是114514 论证完毕     Q.E.D,2018-07-24 23:21:55,1656,0,森远霖之助,5,1,27629157,3,安莉动荡又匆忙的生活,OVERLORD Ⅲ
回复 @鑫森淼焱垚燚 :过于有力(呕),2018-07-24 23:23:54,149,0,平江渡来,6,1,27629157,3,安莉动荡又匆忙的生活,OVERLORD Ⅲ
没毛病hhh,2018-07-24 23:40:03,12,0,小说新番都在追,6,1,27629157,3,安莉动荡又匆忙的生活,OVERLORD Ⅲ
回复 @麻豆卡密 :唐突论证,2018-07-24 23:50:10,40,0,账号已注销,0,1,27629157,3,安莉动荡又匆忙的生活,OVERLORD Ⅲ
唐突论证草,2018-07-25 00:17:27,27,0,音临海,6,1,27629157,3,安莉动荡又匆忙的生活,OVERLORD Ⅲ
恶  臭  回  复,2018-07-25 00:26:52,21,0,萌萌车车人,5,1,27629157,3,安莉动荡又匆忙的生活,OVERLORD Ⅲ
全世界都是银梦厨（确信）,2018-07-25 02:24:33,28,0,SK_KMP7,6,1,27629157,3,安莉动荡又匆忙的生活,OVERLORD Ⅲ
有人科普一下吗，没懂,2018-07-25 02:53:59,3,0,裹骨虫,6,1,27629157,3,安莉动荡又匆忙的生活,OVERLORD Ⅲ
nb,2018-07-25 02:59:18,0,0,糖人街糖仁,6,1,27629157,3,安莉动荡又匆忙的生活,OVERLORD Ⅲ
回复 @优雅的小彩 :你这是什么意思,2018-07-25 03:09:09,0,0,以我之命许我有缘之人,6,1,27629157,3,安莉动荡又匆忙的生活,OVERLORD Ⅲ
回复 @优雅的小彩 :看不懂的问一下(°∀°)ﾉ,2018-07-25 03:12:11,0,0,账号已注销,0,1,27629157,3,安莉动荡又匆忙的生活,OVERLORD Ⅲ
这层逐渐臭了起来(首),2018-07-25 03:27:49,6,0,鱼饵94,6,1,27629157,3,安莉动荡又匆忙的生活,OVERLORD Ⅲ
要 素 察 觉,2018-07-25 03:29:28,5,0,中二の传承桑哒,6,1,27629157,3,安莉动荡又匆忙的生活,OVERLORD Ⅲ
啥意思。,2018-07-25 03:40:34,1,0,名字句号,6,1,27629157,3,安莉动荡又匆忙的生活,OVERLORD Ⅲ
回复 @鑫森淼焱垚燚 :草wwwwww,2018-07-25 03:47:17,3,0,毛球狐狸喵,6,1,27629157,3,安莉动荡又匆忙的生活,OVERLORD Ⅲ
回复 @叶゚修 :这么恶臭的东西有什么了解的必要吗,2018-07-25 04:04:39,5,0,Sarrett7,6,1,27629157,3,安莉动荡又匆忙的生活,OVERLORD Ⅲ
回复 @稀神-旭东 :那个只是开玩笑吧………,2018-07-25 08:50:52,0,0,程小祤,4,1,27629157,3,安莉动荡又匆忙的生活,OVERLORD Ⅲ
回复 @beta量子 :那个只是开玩笑吧………,2018-07-25 08:51:08,1,0,程小祤,4,1,27629157,3,安莉动荡又匆忙的生活,OVERLORD Ⅲ
"我来宣传一下科普就走。


历代穿越玩家盘点
www.bilibili.com/read/cv297440


41位无上至尊资料
www.bilibili.com/read/cv497043

overlord大背景（适合萌新）
www.bilibili.com/read/cv173911

第三季科普

第一集
www.bilibili.com/read/cv709556

第二集
www.bilibili.com/read/cv750102

第三集
www.bilibili.com/read/cv796038

紧赶慢赶总算赶出来了。。。


我说实话，比我做的好科普有很多，他们有时间做视频，但是996下的我没有。
我科普的优势在于快，对，【快】。
我可以在动画出来一小时以内提审发布。这是所有up都没法做到的。毕竟我一直都是一个专栏up。
这也是我唯一的优势。
再说一句实话，我并不觉得我写的文章有多好，但是不少粉丝都说我写的好，而且其中大部分还都是女粉丝说的。

然而我倒现在还是想不明白这是为什么。

还有，喷我的人也请你知道，并不是每一个人都有时间看小说，我群里26岁以上的粉丝一大堆，有的孩子都两个了，他们有工作有家庭，没时间看小说，就是看我文章。

更别说我群里那些苦逼的高考党小孩子了。

我一度想放弃，但是为了他们我又坚持下来了。

毕竟科普就是用自己的时间来节省别人的时间。

用自己的生命来给别人**。***

觉得我不行的自己做就是了啊，做好了给大家看就行了啊。

你键盘质量应该还可以吧。

你做的好自然有人看，不用关心我怎么怎么样，没太多意义。

又不是没被喷过，早就习惯了，省省吧。

我为粉丝而做，他们还需要，我就会继续坚持，就这样，哪怕只有一个人。

【我是做的很差，但是我尽力了。】

以上，告辞",2018-07-25 07:15:38,5411,72,有呆毛的大雪猴,6,0,27629157,3,安莉动荡又匆忙的生活,OVERLORD Ⅲ
辛苦了,2018-07-25 07:16:58,15,0,elichikanico,6,1,27629157,3,安莉动荡又匆忙的生活,OVERLORD Ⅲ
下班回去看,2018-07-25 07:17:17,0,0,elichikanico,6,1,27629157,3,安莉动荡又匆忙的生活,OVERLORD Ⅲ
辛苦了,2018-07-25 07:23:33,0,0,等到黑夜翻面之后的你,6,1,27629157,3,安莉动荡又匆忙的生活,OVERLORD Ⅲ
xkl,2018-07-25 07:26:55,0,0,灵魂小波,6,1,27629157,3,安莉动荡又匆忙的生活,OVERLORD Ⅲ
辛苦啦(°∀°)ﾉ,2018-07-25 07:31:05,0,0,空想律,5,1,27629157,3,安莉动荡又匆忙的生活,OVERLORD Ⅲ
辛苦了，肥宅王,2018-07-25 07:54:06,1,0,大狩,6,1,27629157,3,安莉动荡又匆忙的生活,OVERLORD Ⅲ
"小孩子报道(▔□▔)/
蟹蟹(°∀°)ﾉ",2018-07-25 07:59:45,1,0,好好努立,6,1,27629157,3,安莉动荡又匆忙的生活,OVERLORD Ⅲ
关注了(=・ω・=),2018-07-25 08:00:41,0,0,孤港丿,6,1,27629157,3,安莉动荡又匆忙的生活,OVERLORD Ⅲ
依我看来，第二季和第三季的间隔只有半年，明明可以放在一起播出却偏要拆成两季，岂不是多此一举？但我知道，以我粗鄙的眼光是无法窥探安玆大人的智慧的。因此我认为，安玆大人一定是从多方深思熟虑。如果只有一季的话，就只能霸权一个季度，分成两季，就能让更多人知道安兹乌尔恭的强大。但我知道事情远远没有这么简单，安玆大人一定是了解了bilibilimoe，有什么比当上燃王更能传播名声的呢?一次的燃王很容易被人遗忘，因此就卡在了七月这个时间点，让明年的bmoe还能登场。不知道以上是不是安玆大人的观点。如果有所出入，对于窥探到安玆大人无限智慧其中冰山一角的我来说，真是不胜荣幸。,2018-07-31 22:34:48,42865,824,璃鱼不是鲤鱼,6,0,28191646,4,东方巨人、西方魔蛇,OVERLORD Ⅲ
怎么会有这么优秀的人,2018-07-31 22:37:26,2717,0,下次一定会单推,6,1,28191646,4,东方巨人、西方魔蛇,OVERLORD Ⅲ
回复 @莫负莫璃 :(=・ω・=),2018-07-31 22:39:10,366,0,璃鱼不是鲤鱼,6,1,28191646,4,东方巨人、西方魔蛇,OVERLORD Ⅲ
优秀,2018-07-31 22:39:23,313,0,陌寒___,6,1,28191646,4,东方巨人、西方魔蛇,OVERLORD Ⅲ
小迪式分析,2018-07-31 23:28:36,1204,0,Catahol1c,6,1,28191646,4,东方巨人、西方魔蛇,OVERLORD Ⅲ
迪独秀分析方式（其实就是缺钱）(=・ω・=),2018-07-31 23:34:23,1560,0,六级号想当水军,6,1,28191646,4,东方巨人、西方魔蛇,OVERLORD Ⅲ
如此清新的解释拖更，下个星期来骨头社上班吧！滑稽,2018-07-31 23:37:24,680,0,组成性异染色质,6,1,28191646,4,东方巨人、西方魔蛇,OVERLORD Ⅲ
迪式分析法,2018-07-31 23:39:34,305,0,小说新番都在追,6,1,28191646,4,东方巨人、西方魔蛇,OVERLORD Ⅲ
小迪本人吧你,2018-07-31 23:41:08,317,0,滴了个答丶,6,1,28191646,4,东方巨人、西方魔蛇,OVERLORD Ⅲ
你怎么可以这样秀，2333333,2018-07-31 23:41:25,76,0,莼碱-拉基瓷德,6,1,28191646,4,东方巨人、西方魔蛇,OVERLORD Ⅲ
‭ ‭ ‭ ‭ ‭ ‭ ‭ ‭ ‭,2018-07-31 23:49:36,79,0,C3mffs,6,1,28191646,4,东方巨人、西方魔蛇,OVERLORD Ⅲ
回复 @C3mffs :(ಥ_ಥ),2018-07-31 23:53:32,18,0,gekka昙绫,6,1,28191646,4,东方巨人、西方魔蛇,OVERLORD Ⅲ
回复 @永远的昙绫 :想必你也看到我精彩的发言了吧，是不是吓的你都想打自己2下，来表示对我的敬佩(°∀°)ﾉ,2018-08-01 00:12:14,73,0,C3mffs,6,1,28191646,4,东方巨人、西方魔蛇,OVERLORD Ⅲ
回复 @C3mffs :啊！快看看这个精彩的发言，虽然没有任何字体，有句名言说得好:无声胜有声!想必这位发言者心里十分复杂，千言万语道不尽心中的欢悦，加减乘除算不尽你现在嘚瑟的分钟(￣-￣)，这位同志一定是欢悦上有着惊讶，老夫掐指一算，你现在也许还说着:bilibili万岁,2018-08-01 00:24:56,178,0,gekka昙绫,6,1,28191646,4,东方巨人、西方魔蛇,OVERLORD Ⅲ
"回复 @永远的昙绫 : 啊！快看看这个精彩的发言，虽然没有一个句号，但这并不影响我的理解。如此漂亮的言论，我已为您总结出以下6点

......",2018-08-01 00:42:37,159,0,C3mffs,6,1,28191646,4,东方巨人、西方魔蛇,OVERLORD Ⅲ
回复 @C3mffs :快看这6点!虽然只有很少的几个符号，但它生动形象地表现出来了这位同志的观点。简直是具体详细，准确恰当。(￣-￣),2018-08-01 00:47:33,97,0,gekka昙绫,6,1,28191646,4,东方巨人、西方魔蛇,OVERLORD Ⅲ
斯巴拉西,2018-08-01 00:48:08,31,0,向橙舟舟,6,1,28191646,4,东方巨人、西方魔蛇,OVERLORD Ⅲ
顶上去，兄弟你太秀了。你一定是小迪本人2333333,2018-08-01 00:53:43,15,0,罗帷信雨,6,1,28191646,4,东方巨人、西方魔蛇,OVERLORD Ⅲ
回复 @永远的昙绫 :每晚补6集番，睡觉什么是不存在的(￣ε(#￣) Σ,2018-08-01 00:56:50,10,0,C3mffs,6,1,28191646,4,东方巨人、西方魔蛇,OVERLORD Ⅲ
这个太强了兄弟,2018-08-01 11:51:17,5,0,奈次波露酱,6,1,28191646,4,东方巨人、西方魔蛇,OVERLORD Ⅲ
(;¬_¬)一月三开了解下,2018-08-01 11:51:54,3,0,吸血鬼女公爵,6,1,28191646,4,东方巨人、西方魔蛇,OVERLORD Ⅲ
"同样是二十四分钟，你看别的番，感觉像看了一小时。
你看OVERLORD，感觉不到五分钟。
这就是相对论。
                                                   ——爱因斯坦",2018-07-31 23:28:17,8461,33,DERTF,6,0,28191646,4,东方巨人、西方魔蛇,OVERLORD Ⅲ
惨案,2018-08-01 00:00:53,8,0,谙逸-,6,1,28191646,4,东方巨人、西方魔蛇,OVERLORD Ⅲ
真是让人难受，看完一次就得等一个星期，平时不能把老骨挂在心上，不然馋死(´；ω；`),2018-08-01 00:01:01,215,0,永远都长不大的Energy,6,1,28191646,4,东方巨人、西方魔蛇,OVERLORD Ⅲ
回复 @永远都长不大的Energy :没有无上至尊的日子，度日如年，七年一更(´；ω；`),2018-08-01 00:02:14,194,0,DERTF,6,1,28191646,4,东方巨人、西方魔蛇,OVERLORD Ⅲ
越看越馋，越馋越想看,2018-08-01 01:27:57,17,0,0三0三0,5,1,28191646,4,东方巨人、西方魔蛇,OVERLORD Ⅲ
确实。。,2018-08-01 07:06:19,1,0,你还在嘴硬吗12,6,1,28191646,4,东方巨人、西方魔蛇,OVERLORD Ⅲ
不是鲁迅说的么？,2018-08-01 09:29:42,9,0,界袁本初华,6,1,28191646,4,东方巨人、西方魔蛇,OVERLORD Ⅲ
回复 @晨昏的业炎 :根据爱因斯坦的原话改编的,2018-08-01 09:43:32,1,0,DERTF,6,1,28191646,4,东方巨人、西方魔蛇,OVERLORD Ⅲ
回复 @永远都长不大的Energy :你这句话让我感觉你想喝骨头汤了x,2018-08-01 13:13:55,2,0,月映罂粟,6,1,28191646,4,东方巨人、西方魔蛇,OVERLORD Ⅲ
"对于b站的审查风波，安兹大人睿智的决定先放几集卡恩村日常，待到风波稍稍平静，再放出本季较为精彩也较为暴力的黑工篇以及破军篇


这样可以减少遭下架的风险，让大家能够尽可能的在b站上完整的欣赏完overlord精彩的第三季，从而收获更多的观众，以便让安兹乌尔恭的名声传播的更远，更有利于找到曾经那萨利克的同伴


其实，这一切是安兹大人早就计划好的，只要仔细思考动画将原作小说第8卷放到第7卷前面的深意，无论是谁都能够明白，没有哪位愚蠢到不明白这一点吧


当然，我十分清楚这一定只是足智多谋的安兹大人计划中的沧海一粟而已，可惜以我才疏学浅之身无法窥探到贵为智慧结晶的至尊所制订的计划的全貌，仅能发觉其冰山一角罢了，即便如此，我也对能窥探到深谋远虑的安兹大人计划的皮毛而感到荣幸之至",2018-08-07 22:50:40,82054,2500,账号已注销,0,0,28751415,5,两位指导者,OVERLORD Ⅲ
顶你上去，能不能火就靠你了,2018-08-07 22:51:29,4808,0,RAye-1,6,1,28751415,5,两位指导者,OVERLORD Ⅲ
但你迟了,2018-08-07 22:51:54,1633,0,明三更,6,1,28751415,5,两位指导者,OVERLORD Ⅲ
秀。。。。外慧中,2018-08-07 22:57:12,2261,0,祁絔,5,1,28751415,5,两位指导者,OVERLORD Ⅲ
666,2018-08-07 22:58:36,500,0,辰星未寒,6,1,28751415,5,两位指导者,OVERLORD Ⅲ
顶你个位,2018-08-07 23:01:02,366,0,纯鹿亻,6,1,28751415,5,两位指导者,OVERLORD Ⅲ
你是小迪吗 脑补帝,2018-08-07 23:03:14,977,0,坚定的失败主义者,6,1,28751415,5,两位指导者,OVERLORD Ⅲ
不亏是无上的至尊 连这个都考虑到了,2018-08-07 23:03:16,1654,0,大囧ORZ,6,1,28751415,5,两位指导者,OVERLORD Ⅲ
不一样的九年义务教育,2018-08-07 23:03:35,409,0,开心点嘛朋友,6,1,28751415,5,两位指导者,OVERLORD Ⅲ
优秀,2018-08-07 23:04:10,43,0,镜梦花舒,6,1,28751415,5,两位指导者,OVERLORD Ⅲ
安玆:嗯?诶?啊?,2018-08-07 23:05:29,1299,0,热评不想被上,6,1,28751415,5,两位指导者,OVERLORD Ⅲ
挤一挤,2018-08-07 23:08:16,19,0,APotatoBear,6,1,28751415,5,两位指导者,OVERLORD Ⅲ
牛逼,2018-08-07 23:09:32,14,0,Louise-Lord,6,1,28751415,5,两位指导者,OVERLORD Ⅲ
赏你个戒指吧,2018-08-07 23:09:48,273,0,坑蒙拐骗样样行,6,1,28751415,5,两位指导者,OVERLORD Ⅲ
优秀啊兄dei 送你上去,2018-08-07 23:10:12,25,0,海象加猫猫,6,1,28751415,5,两位指导者,OVERLORD Ⅲ
这么秀的嘛,2018-08-07 23:10:15,15,0,夜凌音Official,6,1,28751415,5,两位指导者,OVERLORD Ⅲ
安兹：没错，我都知道（你知道个锤子）,2018-08-07 23:10:20,487,0,东坡先生想让我告白,6,1,28751415,5,两位指导者,OVERLORD Ⅲ
挤一挤,2018-08-07 23:10:21,16,0,酪蛋白哟,3,1,28751415,5,两位指导者,OVERLORD Ⅲ
一万楼上热评，(｀・ω・´),2018-08-07 23:10:41,32,0,Usami-Sumireko,6,1,28751415,5,两位指导者,OVERLORD Ⅲ
厉害,2018-08-07 23:10:59,11,0,时羽凪曦,6,1,28751415,5,两位指导者,OVERLORD Ⅲ
"安兹：真亏你能看出来啊，……是，是那次吗？楼主：没错就是那次！安兹：（到底哪次啊？！！）楼主摇了摇尾巴～",2018-08-07 23:11:22,773,0,骨头_Bones,6,1,28751415,5,两位指导者,OVERLORD Ⅲ
两个人在坟墓里走上了婚姻的殿堂，可喜可贺,2018-08-07 22:53:07,7632,37,奇迹双岛牛奶,6,0,28751415,5,两位指导者,OVERLORD Ⅲ
婚姻的坟墓？,2018-08-07 22:56:14,275,0,芳村老师,6,1,28751415,5,两位指导者,OVERLORD Ⅲ
能不能火就靠你了,2018-08-08 00:00:52,31,0,KsnkiMyag,5,1,28751415,5,两位指导者,OVERLORD Ⅲ
进入了恋爱的坟墓模式(°∀°)ﾉ,2018-08-08 00:21:24,62,0,爆炸的粉末,5,1,28751415,5,两位指导者,OVERLORD Ⅲ
可喜可贺可喜可贺╮(￣▽￣)╭,2018-08-08 01:47:18,5,0,鹭泽ARS,6,1,28751415,5,两位指导者,OVERLORD Ⅲ
可喜可贺可喜可贺,2018-08-08 11:36:11,3,0,难哥灬,6,1,28751415,5,两位指导者,OVERLORD Ⅲ
你为什么干不过10167楼(ﾟ⊿ﾟ)ﾂ,2018-08-08 12:11:29,2,0,雨色糖纸,6,1,28751415,5,两位指导者,OVERLORD Ⅲ
2333,2018-08-08 14:43:19,2,0,xxs的小宝贝,6,1,28751415,5,两位指导者,OVERLORD Ⅲ
哈哈哈哈哈嗝,2018-08-10 11:02:55,2,0,绀蓝靛青,3,1,28751415,5,两位指导者,OVERLORD Ⅲ
"灭世级副本：【纳萨里克地下大坟墓】
本次参与副本人数：4+
可参与副本人数：100000000…～∞
参与者详情：黑工四人组，炮灰众人
推荐等级：100级
目前平均等级差：极其巨大
系统预测：团灭
正在分析最佳方案…………
警告！实力差巨大！系统崩溃重启中！
系统恢复中……
系统推荐方案：逃跑
【接受】     【拒绝】
您已拒绝逃跑，系统在此祝您一帆风顺。
同时去死（划）愉快（*＾ワ＾*）",2018-08-14 23:02:04,38141,639,英雄欺人,6,0,29347056,6,死亡邀约,OVERLORD Ⅲ
就是这个，为你上热评尽力一脚,2018-08-14 23:03:47,1143,0,越过分神期的天才老年,6,1,29347056,6,死亡邀约,OVERLORD Ⅲ
已被抠掉逃跑键,2018-08-15 00:06:03,1435,0,白水一一十,4,1,29347056,6,死亡邀约,OVERLORD Ⅲ
骨王：是否拒绝这次任务。炮灰组：不拒绝，我等吊打！,2018-08-15 00:10:45,2028,0,An安安aa,6,1,29347056,6,死亡邀约,OVERLORD Ⅲ
回复 @浮华如梦丷 :老骨：等在那头见到了蜥蜴人可别说我把你们的b键也扣了啊  (;¬_¬),2018-08-15 01:01:52,750,0,银色的剑,6,1,29347056,6,死亡邀约,OVERLORD Ⅲ
天秀(=・ω・=),2018-08-15 06:13:06,101,0,Mrsqdjy,6,1,29347056,6,死亡邀约,OVERLORD Ⅲ
快请卢来佛主给你加个无敌buff,2018-08-15 06:14:11,185,0,青色下雨天,6,1,29347056,6,死亡邀约,OVERLORD Ⅲ
已经没什么好怕的了,2018-08-15 06:29:18,95,0,群星ー我的归宿,6,1,29347056,6,死亡邀约,OVERLORD Ⅲ
不死不回城,2018-08-15 06:45:00,60,0,夜很安静的么,6,1,29347056,6,死亡邀约,OVERLORD Ⅲ
"通关奖励：原·纳萨力克大坟墓一个；世界级道具≥5；传说级道具——若干；神器级道具——大量；稀有材料——不计其数；安兹乌尔贡之杖一个；金币奖励——3000亿以上。
现在任务开始，你已获得buff——“美好生活的激励”一个，可增加20%行动速度，20%韧性。祝您游戏愉快",2018-08-15 06:45:05,2876,0,糖霜油条,6,1,29347056,6,死亡邀约,OVERLORD Ⅲ
祝你热评不落,2018-08-15 06:47:07,36,0,广邪生,6,1,29347056,6,死亡邀约,OVERLORD Ⅲ
回复 @糖霜油条 :你好真实啊,2018-08-15 06:52:55,51,0,焚香猫猫头,6,1,29347056,6,死亡邀约,OVERLORD Ⅲ
唯一通关条件 抱紧莫莫大腿,2018-08-15 07:06:46,262,0,麻花一点都不疼,5,1,29347056,6,死亡邀约,OVERLORD Ⅲ
骨王给了个逃跑键，炮灰们给抠掉了,2018-08-15 07:10:06,366,0,统一了再改名吧,6,1,29347056,6,死亡邀约,OVERLORD Ⅲ
2333333,2018-08-15 07:12:05,10,0,踏雪无痕a,6,1,29347056,6,死亡邀约,OVERLORD Ⅲ
emmmmmmmm求一个剧透，抚养妹妹贵族小姐最后咋样了？,2018-08-15 07:15:54,79,0,贤狼呦,6,1,29347056,6,死亡邀约,OVERLORD Ⅲ
回复 @贤狼呦 :死了，声带被虫妹拿去用了,2018-08-15 07:18:19,172,0,贝拉明天就带我走,6,1,29347056,6,死亡邀约,OVERLORD Ⅲ
都是腰椎间盘，为何您这么突出。,2018-08-15 07:22:40,13,0,账号已注销,0,1,29347056,6,死亡邀约,OVERLORD Ⅲ
被安排的明明白白,2018-08-15 07:23:56,19,0,LoIiconNeet,6,1,29347056,6,死亡邀约,OVERLORD Ⅲ
不，我接受！,2018-08-15 07:25:21,12,0,敏感昵称,6,1,29347056,6,死亡邀约,OVERLORD Ⅲ
回复 @贤狼呦 :老残了，死的都不忍直视,2018-08-15 07:27:11,23,0,ghh-new,6,1,29347056,6,死亡邀约,OVERLORD Ⅲ
"国民党：你调查鲁迅，我调查周树人
鲜血帝：你调查安兹乌尔恭，我调查漆黑的莫莫",2019-03-30 22:21:42,6154,17,羊驼TxT,6,0,29347056,6,死亡邀约,OVERLORD Ⅲ
晚了，你上不了热评了,2019-03-31 13:23:09,13,0,对映异构,6,1,29347056,6,死亡邀约,OVERLORD Ⅲ
回复 @对映异构 :你若是评论发的早，哪有一楼什么事,2019-04-10 14:27:29,8,0,MHAshen,5,1,29347056,6,死亡邀约,OVERLORD Ⅲ
哈哈哈哈哈哈哈,2019-06-22 17:04:34,2,0,杳难及,5,1,29347056,6,死亡邀约,OVERLORD Ⅲ
鲁迅和周树人不是一个人，别问为啥我做过这种题[doge],2020-03-26 12:15:25,69,0,中交名子,5,1,29347056,6,死亡邀约,OVERLORD Ⅲ
你们抓鲁迅和我周树人有什么关系？,2020-04-20 22:07:56,29,0,N0B0DYX,6,1,29347056,6,死亡邀约,OVERLORD Ⅲ
你调查我，我调查吴彦祖,2020-04-21 00:09:52,3,0,゚゙゚゙゚゙坂田银时,6,1,29347056,6,死亡邀约,OVERLORD Ⅲ
你调查我，我调查张三[doge][doge],2020-04-28 21:26:31,4,0,临虚,6,1,29347056,6,死亡邀约,OVERLORD Ⅲ
回复 @临虚 :阀呙邝㐋,2020-11-25 14:34:59,0,0,是辞皓不是次浩,6,1,29347056,6,死亡邀约,OVERLORD Ⅲ
恐怖公那里全黑的，因为那俩人体内和体外，全都被大大小小的蟑螂塞满了，就算挣扎着咬碎嘴里的蟑螂，张嘴的时候还会有更多的蟑螂爬进来，最后被蟑螂从体内到体外一点点吃光，最后貌似还会被治疗魔法治愈，然后再来一次（￣▽￣）,2018-08-21 23:03:49,1228,13,你再说你号就没了,3,0,29937432,7,落入蜘蛛网的蝴蝶,OVERLORD Ⅲ
卧槽。。还不如一刀砍死自己,2018-08-21 23:15:39,32,0,喵斯妳,6,1,29937432,7,落入蜘蛛网的蝴蝶,OVERLORD Ⅲ
突然想了想。。砍死自己，还有复活魔法。。。生不如死,2018-08-21 23:16:22,68,0,喵斯妳,6,1,29937432,7,落入蜘蛛网的蝴蝶,OVERLORD Ⅲ
ID瞩目(=・ω・=),2018-08-21 23:28:02,1,0,遵纪守法丶山泥若,6,1,29937432,7,落入蜘蛛网的蝴蝶,OVERLORD Ⅲ
回复 @珩凛家的夏娜哟 :复活需要，被复活的人同意，如果复活的人不同意，那就无法复活,2018-08-21 23:57:13,8,0,La林sn,6,1,29937432,7,落入蜘蛛网的蝴蝶,OVERLORD Ⅲ
回复 @LA林S :神官狼妹在线强制复活了解一下,2018-08-22 01:43:46,43,0,提灯鬼目,6,1,29937432,7,落入蜘蛛网的蝴蝶,OVERLORD Ⅲ
"不愁吃穿了。
毕竟在下也不是什么恐怖公眷属。(･∀･)",2018-08-22 02:22:42,13,0,战意电竞丶虎王护,6,1,29937432,7,落入蜘蛛网的蝴蝶,OVERLORD Ⅲ
回复 @珩凛家的夏娜哟 :小说里就有描写，有个人疯狂大喊不能死结果蟑螂爬他嘴里从里面吃，动画里也有表述就是他喊着喊着声音就被堵住了，能听到点声更多的是淅淅索索的声音,2018-08-22 11:47:11,112,0,萨达哈丶鲁,6,1,29937432,7,落入蜘蛛网的蝴蝶,OVERLORD Ⅲ
回复 @提灯鬼目 :狼妹至少看着还是不错的，恐怖公真的不敢想，拷问官完全就是精神污染了，我就算30天治疗套餐也不要去恐怖公和拷问官那,2019-07-31 16:53:56,52,0,世界之中_,6,1,29937432,7,落入蜘蛛网的蝴蝶,OVERLORD Ⅲ
真幸福,2022-11-28 12:56:56,2,0,天名小莫,5,1,29937432,7,落入蜘蛛网的蝴蝶,OVERLORD Ⅲ
突然想起来，八指的干部了,2023-01-03 20:28:03,2,0,山泉绕屋,6,1,29937432,7,落入蜘蛛网的蝴蝶,OVERLORD Ⅲ
回复 @柏木幸政_ :如果以后出了动画片剧情改的地下大坟墓的VR参观一类的……[微笑],2023-01-26 22:40:34,2,0,段铃兰,5,1,29937432,7,落入蜘蛛网的蝴蝶,OVERLORD Ⅲ
回复 @人在喵在 :不会死的，因为大坟墓里不让你死，你就绝对死不掉,2023-02-04 11:27:46,7,0,占据一个电饭煲的粽子,6,1,29937432,7,落入蜘蛛网的蝴蝶,OVERLORD Ⅲ
我擦，这下死亡真成了仁慈了,2024-07-21 23:20:03,1,0,我呜噜呀-正在觅食中,6,1,29937432,7,落入蜘蛛网的蝴蝶,OVERLORD Ⅲ
"本集科普
纳萨力克大坟墓防御系统·工作者入侵事件
「绿叶·帕尔帕多拉」小队
遭遇：纳萨力克资深护卫·八只
遭遇地点：纳萨力克大坟墓地上·灵庙入口
结局：全灭
评价：纳萨力克资深护卫的等级为【LV18】，加上魔法装备加成，大概相当于人类的顶尖秘银级冒险者。
而帕尔帕多拉是前山铜级冒险者，其实力是强于纳萨力克资深护卫的，如果是八个帕尔帕多拉进行战斗，胜利的可能性不小。
可惜，队友太坑。
「沉重粉碎者」小队
〔1〕遭遇：低阶不死者·僵尸&amp;骷髅
遭遇地点：纳萨力克大坟墓地下·一层某处
结局：清理完毕·全员生还
评价：不要嫌这些低阶不死者太弱，毕竟是大风刮来的。
〔2〕遭遇：瘟疫爆击手
遭遇地点：纳萨力克大坟墓地下一层·陷坑
结局：逃离陷阱·全员生还
评价：这一场打的中规中矩吧，避开了门型拟态魔算是比较聪明。
瘟疫爆击手是一种自爆型不死者，会给予自爆范围内的对象负面能量伤害，等级不明。
门型拟态魔是一种伪装·束缚型不死者，没分辨出来的话，会被困住，等级不明。
〔3〕遭遇：死者大魔法师·七只
遭遇地点：纳萨力克大坟墓地下·一层某处
结局：触发传送阵·生还两人
评价：我跟你们讲，如果他们是主角的话，这传送阵绝对就出去了。
死者大魔法师的实力，大概相当于人类的顶尖山铜级冒险者（蜥蜴人那只是有莫莫咖召唤加成的）。
〔4〕遭遇：恐怖公&amp;拷问官
遭遇地点：纳萨力克大坟墓地下二层·恐怖公的房间
结局：「拷问官·尼罗斯特」拷问中
评价：恐怖公的房间大家应该都能想象的出来，不多说了。
这队算是最惨的。
「天武」小队
遭遇：仓助
遭遇地点：纳萨力克大坟墓地下·一层某处
结局：「艾尔亚·乌瑟尔斯」死亡；
森林精灵全员生还。
评价：仓助的实力还是很强的，推测等级为【LV30】，以人类来说不好比喻，但吊打死者大魔法师还是没问题的，就算是有莫莫咖召唤加成的那只。
虽然B萌输了，没关系，明年来战。
诚邀喜欢骨王的米娜桑加入我们，一起为骨王应援！（个人资料·暗示下。(◍ ´꒳` ◍)）",2018-08-21 22:30:11,34660,915,心中的山治,6,0,29937432,7,落入蜘蛛网的蝴蝶,OVERLORD Ⅲ
靠你了！(｀・ω・´),2018-08-21 22:30:41,291,0,墟月幻洛,6,1,29937432,7,落入蜘蛛网的蝴蝶,OVERLORD Ⅲ
(=・ω・=),2018-08-21 22:30:59,199,0,心中的山治,6,1,29937432,7,落入蜘蛛网的蝴蝶,OVERLORD Ⅲ
顶上去,2018-08-21 22:30:59,172,0,xintoon,6,1,29937432,7,落入蜘蛛网的蝴蝶,OVERLORD Ⅲ
哦哦,2018-08-21 22:31:05,11,0,就是爱阿尔托莉雅,4,1,29937432,7,落入蜘蛛网的蝴蝶,OVERLORD Ⅲ
(=・ω・=),2018-08-21 22:31:07,6,0,十年孤襟,6,1,29937432,7,落入蜘蛛网的蝴蝶,OVERLORD Ⅲ
行了，我们上去吧,2018-08-21 22:31:09,12,0,東雲なの丶,6,1,29937432,7,落入蜘蛛网的蝴蝶,OVERLORD Ⅲ
加油加油,2018-08-21 22:31:11,3,0,学不会温柔丶,6,1,29937432,7,落入蜘蛛网的蝴蝶,OVERLORD Ⅲ
能不能火就靠你了,2018-08-21 22:31:12,7,0,沐上颜如玉,6,1,29937432,7,落入蜘蛛网的蝴蝶,OVERLORD Ⅲ
挤一挤,2018-08-21 22:31:14,1,0,x-mux,6,1,29937432,7,落入蜘蛛网的蝴蝶,OVERLORD Ⅲ
1111,2018-08-21 22:31:15,3,0,露早GOGO_official,6,1,29937432,7,落入蜘蛛网的蝴蝶,OVERLORD Ⅲ
来啦(｡･ω･｡)ﾉ♡,2018-08-21 22:31:16,0,0,哔哩党,6,1,29937432,7,落入蜘蛛网的蝴蝶,OVERLORD Ⅲ
靠你了,2018-08-21 22:31:17,1,0,源為朝,6,1,29937432,7,落入蜘蛛网的蝴蝶,OVERLORD Ⅲ
激动!!!,2018-08-21 22:31:19,1,0,Cruffin,6,1,29937432,7,落入蜘蛛网的蝴蝶,OVERLORD Ⅲ
挤挤,2018-08-21 22:31:25,2,0,魯鲁修,6,1,29937432,7,落入蜘蛛网的蝴蝶,OVERLORD Ⅲ
加油啊，群主！(°∀°)ﾉ,2018-08-21 22:31:28,8,0,改个名称至于吗,5,1,29937432,7,落入蜘蛛网的蝴蝶,OVERLORD Ⅲ
"我在想一个场景，
马雷的声优大老远的来到录播室
然后
嘿～～",2018-08-29 13:15:50,10449,36,邢-老-大,6,0,30552710,8,一缕希望,OVERLORD Ⅲ
妈呀 笑得肚子疼,2018-08-29 13:16:31,196,0,杯具下的茶几,6,1,30552710,8,一缕希望,OVERLORD Ⅲ
画面感极强,2018-08-31 03:27:52,108,0,祿興,6,1,30552710,8,一缕希望,OVERLORD Ⅲ
猛男落泪(´；ω；`),2018-08-31 20:58:48,71,0,爆炸的粉末,5,1,30552710,8,一缕希望,OVERLORD Ⅲ
“嘿～～”，发出了猛男的声音,2018-08-31 23:57:50,283,0,氺鳥亂舞,6,1,30552710,8,一缕希望,OVERLORD Ⅲ
猛男怒吼(╯°口°)╯(┴—┴,2018-09-02 22:05:08,49,0,远远的看你,6,1,30552710,8,一缕希望,OVERLORD Ⅲ
我跟你讲，这嘿可是有讲究的(｀・ω・´),2018-09-04 20:39:56,70,0,whdunshxks,5,1,30552710,8,一缕希望,OVERLORD Ⅲ
帕克是大精灵，会瞬移(〜￣△￣)〜,2018-09-15 09:15:54,32,0,还是狗,6,1,30552710,8,一缕希望,OVERLORD Ⅲ
猛男咆哮：嘿！,2018-11-01 15:58:57,23,0,6个硬币得来的名字,5,1,30552710,8,一缕希望,OVERLORD Ⅲ
你笑到我了啊哈哈啊哈哈,2019-08-09 15:05:40,18,0,゚陈秋君,6,1,30552710,8,一缕希望,OVERLORD Ⅲ
这么多讨论骨王是否太没任性的评论里，就你是一股清流啊！秀！！！,2019-08-14 00:38:51,77,0,gunsteel,6,1,30552710,8,一缕希望,OVERLORD Ⅲ
哈哈哈哈哈哈笑死了，不过我当个老实人啊别打我，他们是做好了草稿好几集一起录的23333，不过你说的好好笑啊，有画面感了[大笑](｀・ω・´),2019-09-01 16:12:31,42,0,啊啊啊改个名好难啊,6,1,30552710,8,一缕希望,OVERLORD Ⅲ
很有画面感,2019-09-03 18:08:01,9,0,和赌毒势不两立,6,1,30552710,8,一缕希望,OVERLORD Ⅲ
cv工资按集数算得，有什么不好吗,2020-01-24 22:42:49,21,0,゚゙゚゙彩虹六号,6,1,30552710,8,一缕希望,OVERLORD Ⅲ
不能的 都是 一 次性的[doge]但是画面感好强,2020-01-29 20:19:07,11,0,謎女,6,1,30552710,8,一缕希望,OVERLORD Ⅲ
回复 @煤炭洗白工程师 :但是你大老远过来说一句话然后就没了 不蛋疼吗[吃瓜],2020-03-10 17:58:28,20,0,爱吃咖喱的猫丶,6,1,30552710,8,一缕希望,OVERLORD Ⅲ
回复 @爱吃咖喱的猫丶 :本来干2天活，结果3分钟就可以干完回家休息，这蛋疼么，觉得蛋疼可以回来义乌打杂活啊,2020-03-10 23:12:41,21,0,゚゙゚゙彩虹六号,6,1,30552710,8,一缕希望,OVERLORD Ⅲ
回复 @啊啊啊改个名好难啊 :可是cv工资照集数付啊，这可是价值一集工资的一声嘿~,2020-03-23 16:13:46,27,0,珂学永无止境,6,1,30552710,8,一缕希望,OVERLORD Ⅲ
我怎么有点懵，能解释解释不[呆][呆][呆],2020-07-26 15:51:29,3,0,龙套路人甲,5,1,30552710,8,一缕希望,OVERLORD Ⅲ
好吧，看到后面我才发现，嘿～～～,2020-07-26 15:55:16,4,0,龙套路人甲,5,1,30552710,8,一缕希望,OVERLORD Ⅲ
不会只配这一集的[笑哭],2020-08-06 13:30:54,3,0,阿拉大乐,6,1,30552710,8,一缕希望,OVERLORD Ⅲ
"这集由于小说篇幅写的过于“细致”导致删掉很多，看完一遍的我稍微说说我能想起来的地方吧
1，依米娜射的箭大家可以看到箭头是扁的，这种箭可以造成打击伤害而不是穿刺伤害，因为骷髅弱打击
2，小队判断安兹是魔法吟唱者的原因是“抛弃武器对战士来说是等同于投降的行为，但是那个怪物的气势却不降反升”
3，在让爱雪逃跑的时候，安兹让守护者打开了竞技场大门，想看他们闹内讧（工作者都是拿钱干活，所以大难临头各自飞很正常）
4，安兹之后打烦了，于是使用瞬发“时间静止”+“不死者的接触”（这里注意的是，安兹使用时间静止后，安兹也无法对任何人造成伤害，除非魔法解除，所以对于这个细节操作安兹在玩家时期练习了很久很久，会熟练运用这个操作的屈指可数）然后牧师就绝望了，很简单，人家这一个魔法就足够吊打了。
5，关于对牧师的对话
“夏提雅也是一个信仰系魔法战士，但是她信仰的神我知道是什么（够了你都和你家队友灭了它了），所以我想问的是，你们说的什么风神，雷神都是什么东西？”
“我也不知道。”
“那就是你们臆想出来的了?实际上那些神只是过去的伟人神格化?”
“别瞎说！”
“那你门为啥说信仰?你们是怎么感受到神的?”
“神一直在我们身边！我们使用魔法的时候，身后会有巨大的存在！”
“谁告诉你那就是神的?是神直接告诉你的?还是你认为那就是神?所以我觉得那些神只是相当于滴上颜色（属性）的力量团块一类东西，所以我想做这个实验。”",2018-08-28 23:14:50,11330,94,暗影之刻,6,0,30552710,8,一缕希望,OVERLORD Ⅲ
"最近看到的一条没仔细去查，但很可能是真的。据说，作者是为了砍掉支线节约篇幅而吧阿尔谢大小姐改死了——其实，一般情况来说，改写也会保留web这条线，而且怎么看前前后后也是主线了，描写背景比较详细埋伏笔推进主线了解帝国的优等生居然就这么死掉砍了戏份，而且还是原本web版有好结局广大读者也喜欢的角色，作者简直脑回路不一样……
全部解决，不一定要全杀，活捉招降都可以，而且全员进来没出去，也不存在单单少了谁谁谁的疑问。
有人说帝国首席法师的天赋和阿尔谢一样高又已经暗中效力，所以阿尔谢没用，更说不通。帝国首席法师已经那么老，而阿尔谢还那么年青，像web那样保持人类状态，如果再按纳萨力克的方式提升实力，更能测试这个世界人类的上限。
而且，谁都知道不能随随便便把宝都押在一个人身上，而且通过阿尔谢可以了解更全面的东西。
阿尔谢在出场人类里现在的实力已经是非常高的，魔法天赋极其优秀，对帝国和工作者的情况非常了解，之前还没有机会收复这样的人。可以说这次遇到阿尔谢在某种方面是最好的时机遇到最対的人，就算只是为了获取情况，也应该不急着杀。
对比第一季第一个敌人小队，一开始是先活捉收集情况。现在一下子全杀了，其实反而奇怪。
安兹不下令杀，夏提雅很可能就像web一样把阿尔谢收进后宫。",2018-08-29 10:28:38,1167,0,华英修,4,1,30552710,8,一缕希望,OVERLORD Ⅲ
"回复 @暗影之刻 :web版已经用到很多了……
web版被夏提雅百合了，但是没有取走贞洁，也没有把她像web版指甲刀一样变成吸血鬼，菊花被夏提雅玩坏了，后来安兹要去帝国，让阿尔谢教他跳舞，还答应了一个愿望。阿尔谢求安兹，让夏提雅把她的贞洁取走，安兹认为不是她正常状态许愿，所以保留（从后来见到妹妹，可以知道是为了活命装疯）。
下面基本只是剧情简介，我就直接复制别人的了……
帝国贵族为了给安兹的祭品，两个妹妹被下了致死的安眠药送到安兹面前，安兹治好了她们，然后阿尔谢看到了两个妹妹，取回丧失了的人性，以必死的想法对安兹说，让她和她两个妹妹幸福生活下去，安兹允许了。",2018-08-29 11:12:10,928,0,华英修,4,1,30552710,8,一缕希望,OVERLORD Ⅲ
回复 @华英修 :我都说看过了……所以我说这段并没有什么很重要的东西,2018-08-29 11:15:23,39,0,暗影之刻,6,1,30552710,8,一缕希望,OVERLORD Ⅲ
回复 @暗影之刻 :你说刚看，所以以为有可能只看了前面，你感觉没什么重要，但web主线这么走也很合理，而且如果要继续写也有很多用法。,2018-08-29 11:26:35,68,0,华英修,4,1,30552710,8,一缕希望,OVERLORD Ⅲ
回复 @放課後の時間 :贴吧精华贴上面有关键词web译文直接点,2018-08-29 16:28:17,31,0,暗影之刻,6,1,30552710,8,一缕希望,OVERLORD Ⅲ
回复 @华英修 :就是就是，如果阿尔谢还在的话现在魔导国的冒险者公会也会有进展，可丸山还是把她写死了，唉,2018-08-29 20:22:22,53,0,Katacuri,6,1,30552710,8,一缕希望,OVERLORD Ⅲ
回复 @冷言cold :你想的太简单了，安兹把她软禁，她对安兹只有恨意，绝不可能合作的，能让她待在森林里面已经是合作的极限了,2018-08-29 20:24:58,90,0,暗影之刻,6,1,30552710,8,一缕希望,OVERLORD Ⅲ
回复 @暗影之刻 :谢谢哈～,2018-08-29 21:56:06,2,0,拾玉鉴心,6,1,30552710,8,一缕希望,OVERLORD Ⅲ
小迪：你看我求了这么多集都要不到戒指，就叫指环王吧。,2018-09-04 22:58:51,27399,315,异世界单程票专车,6,0,31087162,9,唇枪舌战,OVERLORD Ⅲ
送你上去,2018-09-04 23:24:22,178,0,颐颐咦咦,6,1,31087162,9,唇枪舌战,OVERLORD Ⅲ
有、东西,2018-09-04 23:24:54,145,0,信仰空白之名,6,1,31087162,9,唇枪舌战,OVERLORD Ⅲ
你成功让我看完正片以后再次笑出猪叫(°∀°),2018-09-04 23:25:18,646,0,骨头_Bones,6,1,31087162,9,唇枪舌战,OVERLORD Ⅲ
233333,2018-09-05 00:02:02,9,0,彻茫辉暇,6,1,31087162,9,唇枪舌战,OVERLORD Ⅲ
發出了豬叫的聲音,2018-09-05 00:42:31,27,0,虎纹魔理鲨,6,1,31087162,9,唇枪舌战,OVERLORD Ⅲ
这都第三季了  难怪小迪最后背叛了 滑稽～,2018-09-05 01:34:27,134,0,兵长打巨人,6,1,31087162,9,唇枪舌战,OVERLORD Ⅲ
回复 @兵长打巨人 :？？？背叛了？,2018-09-05 02:19:43,24,0,蕾米的蹲防,6,1,31087162,9,唇枪舌战,OVERLORD Ⅲ
回复 @蕾米的蹲防 :可能说的是小说后来魔皇亚达巴沃和安兹战争的剧情吧，没有真背叛,2018-09-05 02:44:10,158,0,山寄林,6,1,31087162,9,唇枪舌战,OVERLORD Ⅲ
啥戒指，看了后面忘了前面(=・ω・=),2018-09-05 02:55:04,15,0,萌萌哒的昔年,6,1,31087162,9,唇枪舌战,OVERLORD Ⅲ
笑出猪叫(ฅ∀&lt;`๑),2018-09-05 03:16:24,1,0,balala鱼仔,6,1,31087162,9,唇枪舌战,OVERLORD Ⅲ
笑出猪叫。,2018-09-05 03:46:07,0,0,beonr,6,1,31087162,9,唇枪舌战,OVERLORD Ⅲ
指环王八(°∀°)ﾉ,2018-09-05 04:28:38,27,0,莫要委身于安静的黄昏,6,1,31087162,9,唇枪舌战,OVERLORD Ⅲ
不过讲真安子为啥不给小迪个戒指？,2018-09-05 04:41:39,14,0,Seaver丶,6,1,31087162,9,唇枪舌战,OVERLORD Ⅲ
笑出猪叫(｡･ω･｡),2018-09-05 05:04:33,0,0,从未存在过的神明,6,1,31087162,9,唇枪舌战,OVERLORD Ⅲ
回复 @Seaver丶 :忘了,2018-09-05 05:37:56,13,0,Sarst,6,1,31087162,9,唇枪舌战,OVERLORD Ⅲ
回复 @萌萌哒的昔年 :可以在工会内部传送的戒指,2018-09-05 05:51:28,6,0,龍之戰歌,6,1,31087162,9,唇枪舌战,OVERLORD Ⅲ
哇……有哪个好人告诉我鲜血帝最后怎么样了QAQ 我好喜欢他啊_(:з」∠)_ 难得这么理智的人( ´_ゝ｀),2018-09-05 06:48:20,317,0,烨葉_晴人,6,1,31087162,9,唇枪舌战,OVERLORD Ⅲ
明示2333,2018-09-05 06:59:39,6,0,人总是后知后觉,6,1,31087162,9,唇枪舌战,OVERLORD Ⅲ
回复 @烨葉_晴人 :后期成了地中海,2018-09-05 07:04:19,45,0,奉天降杀任我逍遥,6,1,31087162,9,唇枪舌战,OVERLORD Ⅲ
回复 @裘鞔呙 :？？？！秃……秃头？？！,2018-09-05 07:04:49,14,0,烨葉_晴人,6,1,31087162,9,唇枪舌战,OVERLORD Ⅲ
1、安兹：“我派点兵保护你吧。”鲜血帝：“不必麻烦。”心中：真是狡猾呢，借口保护我，这样就可以用军队将我软禁起来了。2、安兹：“那我给你点礼物。”鲜血帝：“不必如此。”心中：真是狡猾呢，他给的礼物比我的任何东西都要珍贵，然后就让我永远还不上这个人情了。3、安兹：“我要多向你学习。”鲜血帝：“岂敢。”心中：真是狡猾呢，用派遣黑工的事来威胁我，表面上又装作不了解。4、安兹：“后会有期。”鲜血帝：“再会。”心中：还想把我弄到这里来么？可恶！（安兹表示交朋友真难）（鲜血帝表示狡猾狡猾）,2018-09-04 23:37:36,23903,145,小幸小幸可爱,6,0,31087162,9,唇枪舌战,OVERLORD Ⅲ
"…
这算不算惨案？",2018-09-05 00:34:14,210,0,自由老猫,5,1,31087162,9,唇枪舌战,OVERLORD Ⅲ
不愧是逼得上小迪脑补能力的脑补帝,2018-09-05 01:45:59,1349,0,花粉宝宝来了,6,1,31087162,9,唇枪舌战,OVERLORD Ⅲ
脑补帝,2018-09-05 03:18:31,213,0,倾城丶彼岸花,6,1,31087162,9,唇枪舌战,OVERLORD Ⅲ
来晚了，不然就是热评了,2018-09-05 04:41:20,58,0,一个悲伤,6,1,31087162,9,唇枪舌战,OVERLORD Ⅲ
难道只有我一个觉得特别有cp感么！,2018-09-05 06:26:00,392,0,kkxszz,6,1,31087162,9,唇枪舌战,OVERLORD Ⅲ
"安兹:来住一晚吧。皇帝:不了，我要回家吃饭。
内心:真是狡猾啊，留我们在这，就可以让那个操纵人心的青蛙脸控制我们了，啊！看那家伙，一脸狡猾的样子！",2018-09-05 07:43:32,1381,0,旧时王shit堂前yeah,6,1,31087162,9,唇枪舌战,OVERLORD Ⅲ
回复 @kkxszz :可惜后来掘土兽王横刀夺爱，据说是和鲜血帝发展出了可以令安子咬着手帕嘤嘤嘤的情谊(安子：明明是我先……),2018-09-05 09:37:30,687,0,铜银合金,6,1,31087162,9,唇枪舌战,OVERLORD Ⅲ
优秀,2018-09-05 12:51:56,7,0,冰镇口香糖,6,1,31087162,9,唇枪舌战,OVERLORD Ⅲ
这场战争，真的让人绝望。有多绝望呢？大概是你去参加省数学竞赛，你以为对手是市状元，结果人家是银河2号计算机……,2018-09-12 12:12:45,24466,152,华翛子,6,0,31534556,10,战争准备,OVERLORD Ⅲ
打破83赞0回复,2018-09-13 01:22:51,72,0,怠▪‖者☀,5,1,31534556,10,战争准备,OVERLORD Ⅲ
上星期刚去省数竞就看到这个_(:з」∠)_,2018-09-13 13:57:34,896,0,BETElGEU,6,1,31534556,10,战争准备,OVERLORD Ⅲ
回复 @天然呆re :绝望不兄dei？,2018-09-13 14:00:15,184,0,华翛子,6,1,31534556,10,战争准备,OVERLORD Ⅲ
回复 @天然呆re :惊现省数竞的大佬，膜拜一下,2018-09-14 23:20:07,328,0,果酱带着幸运,6,1,31534556,10,战争准备,OVERLORD Ⅲ
绝望,2018-09-16 02:20:37,13,0,梨浴,6,1,31534556,10,战争准备,OVERLORD Ⅲ
惊了过400赞了,2018-09-16 15:35:34,5,0,华翛子,6,1,31534556,10,战争准备,OVERLORD Ⅲ
打破689赞6回复惨案,2018-09-22 23:00:05,2,0,叮当改良版蒲公英,6,1,31534556,10,战争准备,OVERLORD Ⅲ
惊了700赞了……,2018-09-23 00:48:45,2,0,华翛子,6,1,31534556,10,战争准备,OVERLORD Ⅲ
嘿呀880赞了,2018-09-24 08:25:48,4,0,阿布莉斯,6,1,31534556,10,战争准备,OVERLORD Ⅲ
900赞……我玩b站其他评论加起来都没这个数……,2018-09-24 12:22:09,35,0,华翛子,6,1,31534556,10,战争准备,OVERLORD Ⅲ
千赞……我膨胀了,2018-09-24 20:37:05,25,0,华翛子,6,1,31534556,10,战争准备,OVERLORD Ⅲ
真是生动形象的对比,2018-09-26 01:24:26,13,0,一分钟59s,6,1,31534556,10,战争准备,OVERLORD Ⅲ
6个6送上,2018-09-26 11:57:32,1,0,誓丶空空,3,1,31534556,10,战争准备,OVERLORD Ⅲ
比喻很生动，来把这件短裙穿上(｀・ω・´),2018-09-26 14:50:36,58,0,水银魔女,6,1,31534556,10,战争准备,OVERLORD Ⅲ
天河2號，，，，，，，,2018-09-28 15:49:48,13,0,画鱼愆期,5,1,31534556,10,战争准备,OVERLORD Ⅲ
一万赞女装吧，这是男人间浪漫的约定啊,2018-09-29 00:27:21,54,0,西北老王,6,1,31534556,10,战争准备,OVERLORD Ⅲ
银河2号是什么鬼,2018-09-29 22:32:23,8,0,复苏之希望,6,1,31534556,10,战争准备,OVERLORD Ⅲ
回复 @复苏之希望 :我国第二强的超级计算机。,2018-09-30 18:49:40,26,0,青色雲雀,6,1,31534556,10,战争准备,OVERLORD Ⅲ
回复 @一阵风的等待 :我怎么记得是天河2号,2018-09-30 19:43:07,16,0,复苏之希望,6,1,31534556,10,战争准备,OVERLORD Ⅲ
回复 @复苏之希望 :因为他把名字打错了→_→,2018-09-30 21:03:12,16,0,青色雲雀,6,1,31534556,10,战争准备,OVERLORD Ⅲ
战士长:你们肯定不知道安兹乌尔恭多强.指甲刀:你们肯定不知道夏提雅有多强.克莱姆:你们肯定不知道赛巴斯有多强.灭国:你们肯定不知道莫莫大人有多强.蜥蜴人:你们肯定不知道科塞特斯有多强.这很纳萨力克,2018-09-11 23:00:57,22222,157,椰毛是平替,6,0,31534556,10,战争准备,OVERLORD Ⅲ
这个可以顶上去,2018-09-11 23:02:56,120,0,殄夷老祖,6,1,31534556,10,战争准备,OVERLORD Ⅲ
蜥蜴人应该觉得安兹最强，毕竟知道科塞特斯是老骨的手下了,2018-09-11 23:59:25,1307,0,果茶猫猫,6,1,31534556,10,战争准备,OVERLORD Ⅲ
⊙∀⊙！,2018-09-12 00:06:16,48,0,ElanceHyper,6,1,31534556,10,战争准备,OVERLORD Ⅲ
"再加一个，
秃头帝：你们肯定不知道那对双胞胎有多强。。
这样人差不多齐了(°∀°)ﾉ",2018-09-12 00:18:34,926,0,Hanabi丶烟鬼,6,1,31534556,10,战争准备,OVERLORD Ⅲ
回复 @花火今天瘦了没 :从“表面”来看，最弱的是莫莫（滑稽）,2018-09-12 03:25:57,272,0,胖金哥paladin,6,1,31534556,10,战争准备,OVERLORD Ⅲ
"克莱姆从格格兰的房间走出来“你们不知道我刚刚经历了什么！”
八臂**部头头从恐怖公房间走出来“你们不知道我刚刚经历了什么！”
工作者黄头发从拷问官房间走出来“你们不知道我刚刚经历了什么！”
而我刚从雅儿贝德的房间走出来“你们肯定不知道我经历了什么，嘿嘿嘿”（￣▽￣）",2018-09-12 03:32:34,1948,0,幸运债王-火箭队头目,6,1,31534556,10,战争准备,OVERLORD Ⅲ
回复 @卿泽小朋友 :然而你不是老骨，所以结局是emmm(=・ω・=),2018-09-12 04:21:26,412,0,小鳥游__星野,6,1,31534556,10,战争准备,OVERLORD Ⅲ
商业互吹( ´_ゝ｀),2018-09-12 06:01:52,4,0,MIyaにゃーP,6,1,31534556,10,战争准备,OVERLORD Ⅲ
那个哥布林军师出场的时候以为要在城墙上弹琴 那个王子还会说妙啊妙啊[2233娘_大笑][2233娘_大笑],2018-09-18 23:14:34,34188,352,Regentropfein,6,0,31985297,11,另一场战争,OVERLORD Ⅲ
诸葛村夫，你怎敢,2018-09-18 23:30:20,1868,0,浮世灵师,6,1,31985297,11,另一场战争,OVERLORD Ⅲ
父亲快看，哥布林,2018-09-19 00:17:53,4277,0,゙゙古手羽入,6,1,31985297,11,另一场战争,OVERLORD Ⅲ
回复 @M1加德兰 :233333333,2018-09-19 00:27:29,148,0,流年念梦,6,1,31985297,11,另一场战争,OVERLORD Ⅲ
回复 @M1加德兰 :诸哥布林,2018-09-19 00:31:48,658,0,-_夏虫_-,6,1,31985297,11,另一场战争,OVERLORD Ⅲ
回复 @M1加德兰 :来着可是？诸葛～孔明！,2018-09-19 00:42:42,295,0,账号已注销,0,1,31985297,11,另一场战争,OVERLORD Ⅲ
我军必败,2018-09-19 00:58:58,306,0,卢富贵01,6,1,31985297,11,另一场战争,OVERLORD Ⅲ
回复 @M1加德兰 :你为什么能发语音？,2018-09-19 01:36:51,242,0,瀟武,6,1,31985297,11,另一场战争,OVERLORD Ⅲ
回复 @我永远喜欢朝田诗乃jpg :住口！无耻老贼！,2018-09-19 01:39:34,182,0,被丿遗忘者,6,1,31985297,11,另一场战争,OVERLORD Ⅲ
为什么他们能发视频？这不公平,2018-09-19 01:40:36,263,0,心有灬余悸,6,1,31985297,11,另一场战争,OVERLORD Ⅲ
我觉得这一期要进入鬼畜名单了,2018-09-19 01:41:36,141,0,我有恐光症,6,1,31985297,11,另一场战争,OVERLORD Ⅲ
军师还会在城墙上唱空城……,2018-09-19 01:56:10,62,0,原来我只是个萌新,6,1,31985297,11,另一场战争,OVERLORD Ⅲ
来者可是，诸葛布林（￣▽￣）,2018-09-19 02:02:36,173,0,淺聽淺默,6,1,31985297,11,另一场战争,OVERLORD Ⅲ
回复 @M1加德兰 :23333333333  优秀,2018-09-19 02:09:30,8,0,Terrorblade9527,6,1,31985297,11,另一场战争,OVERLORD Ⅲ
回复 @M1加德兰 :哈哈哈,2018-09-19 02:15:47,6,0,匹里阿帕斯,6,1,31985297,11,另一场战争,OVERLORD Ⅲ
回复 @M1加德兰 :哈哈哈哈哈哈哈哈哈嗝,2018-09-19 02:19:41,4,0,名字丢了找不到,6,1,31985297,11,另一场战争,OVERLORD Ⅲ
来者可是，诸葛～～布林？,2018-09-19 02:29:05,41,0,您最喜欢的风间,6,1,31985297,11,另一场战争,OVERLORD Ⅲ
"诸葛布林：你枉作王子，一生未立寸功，只会摇唇鼓舌！一条断脊之犬，还敢在我军阵前狺狺狂吠。我从未见过有如此厚颜无耻之人！

王子：你、你……啊……",2018-09-19 02:34:04,1182,0,乔老猴,6,1,31985297,11,另一场战争,OVERLORD Ⅲ
回复 @M1加德兰 :666,2018-09-19 02:38:58,4,0,加菲不加糖,6,1,31985297,11,另一场战争,OVERLORD Ⅲ
从未见过如此厚颜无耻之人（#-_-)┯━┯,2018-09-19 02:40:18,7,0,丘山飞羽,6,1,31985297,11,另一场战争,OVERLORD Ⅲ
回复 @M1加德兰 :诶诶，在哪呢(｀・ω・´),2018-09-19 02:52:27,6,0,小狼lzumi,5,1,31985297,11,另一场战争,OVERLORD Ⅲ
"卫兵：王子何故大笑？
王子：我笑安兹无谋，哥布林少智，诺是在这埋伏一军，我等就是不死，也伤亡惨重！
狼妹：嗨！",2018-09-19 21:49:31,36928,224,牙亦白何,6,0,31985297,11,另一场战争,OVERLORD Ⅲ
你来晚了，不然肯定顶你上热评,2018-09-19 22:11:20,366,0,绘梨衣的命中劫,6,1,31985297,11,另一场战争,OVERLORD Ⅲ
你很皮啊你,2018-09-19 22:11:31,196,0,智慧之神墨菲特,6,1,31985297,11,另一场战争,OVERLORD Ⅲ
曹老板哈哈哈哈哈哈啊哈哈哈哈哈哈哈哈哈还哈,2018-09-19 23:50:57,275,0,海勒-11,5,1,31985297,11,另一场战争,OVERLORD Ⅲ
可以可以,2018-09-19 23:51:58,31,0,比那名居风菌,6,1,31985297,11,另一场战争,OVERLORD Ⅲ
不忍破坏233个赞,2018-09-20 15:04:08,40,0,好想喝咖灰,6,1,31985297,11,另一场战争,OVERLORD Ⅲ
若是在此埋伏一军，以逸待劳，突然杀出，那么我等将会如何啊~啊？,2018-09-20 16:20:48,948,0,往来井井,6,1,31985297,11,另一场战争,OVERLORD Ⅲ
优秀,2018-09-21 00:05:09,14,0,CARTON纸盒,6,1,31985297,11,另一场战争,OVERLORD Ⅲ
曹孟德律师函警告 哈哈哈哈哈哈,2018-09-21 08:17:54,241,0,兰博基尼拖拉机,6,1,31985297,11,另一场战争,OVERLORD Ⅲ
其实……不知道你们怎么想，我是很喜欢战士长的，总有种这样的感觉，如果这个世界的强者或者重要角色都会成为老骨的收集对象，那战士长虽然只是个sr但是却是老骨永远也收不到的超珍稀的那一张。一方面对他拒绝老骨的邀请感到遗憾，但是心里也很明白，能跳槽那就不是战士长了，他如果真选择跳槽了，价值也会从比ssr还珍稀的sr跌为R卡吧(｡･ω･｡),2018-09-25 22:51:11,8192,116,鸭绿江妖精,6,0,32477197,12,大开杀戒,OVERLORD Ⅲ
老骨是收集癖，看到想要的就会去想办法获得，感觉我也有这毛病,2018-09-25 23:03:22,659,0,火枪手啊-挑战风车吧,6,1,32477197,12,大开杀戒,OVERLORD Ⅲ
。。。为什么sr比ssr珍惜,2018-09-25 23:07:19,67,0,XnovaA,5,1,32477197,12,大开杀戒,OVERLORD Ⅲ
所以战士长是唯一的战士长啊，我好心痛,2018-09-25 23:10:46,373,0,暴死光环,6,1,32477197,12,大开杀戒,OVERLORD Ⅲ
应该说是UR,2018-09-25 23:10:53,27,0,月樱烛火,5,1,32477197,12,大开杀戒,OVERLORD Ⅲ
回复 @Invictus-4RS :已经绝版的sr,2018-09-25 23:11:22,140,0,苏古屠自我,6,1,32477197,12,大开杀戒,OVERLORD Ⅲ
回复 @Invictus-4RS :永不会出的限定版吧,2018-09-25 23:11:30,85,0,暴死光环,6,1,32477197,12,大开杀戒,OVERLORD Ⅲ
"这么比喻吧：在王国，战士最强＝ssr
在安兹麾下，很弱。。。＝R卡。。",2018-09-25 23:11:34,116,0,Dr_Fz,6,1,32477197,12,大开杀戒,OVERLORD Ⅲ
回复 @Invictus-4RS :这sr无法获得,2018-09-25 23:11:39,19,0,残存的火焰,6,1,32477197,12,大开杀戒,OVERLORD Ⅲ
回复 @Invictus-4RS :你可以这么想，虽然这张卡不是最强的，但是这卡是限量的，全服就只有一张,2018-09-25 23:12:28,525,0,御阪10077号,6,1,32477197,12,大开杀戒,OVERLORD Ⅲ
回复 @於時之間隙摘取薔薇:比较安兹在现实世界里很穷（安兹现实赚到的所有钱都用来买游戏道具了），穷人多少会有收集癖。,2018-09-25 23:13:28,199,0,九日小子,6,1,32477197,12,大开杀戒,OVERLORD Ⅲ
回复 @Invictus-4RS :比一张SSR还难抽的SR卡啊，在SR里掉率极低，玩恋与的叫这种卡小天王，其他游戏应该也会这么叫吧(｀・ω・´),2018-09-25 23:14:13,106,0,到底能不能不重名了,6,1,32477197,12,大开杀戒,OVERLORD Ⅲ
回复 @Invictus-4RS :我个人的一种理解，出率（从老骨这边的角度来看抽出概率是0％）和人气（老骨的喜爱程度）决定，战士长虽然不是这个世界里战力值很高或者有特殊属性的那批人（如绝死绝命灭国**鲜血帝黄金公主这些ssr），但是他贯彻一生的正义和忠诚让他变得比那些加入老骨阵营的人更珍贵……,2018-09-25 23:14:38,213,0,鸭绿江妖精,6,1,32477197,12,大开杀戒,OVERLORD Ⅲ
"战士长就是忠臣的代表，是挺伟岸的，但并不为苍生而战，我个人不觉得他是英雄。
王国都腐朽成那样了，战士长依然会在安兹提出归顺就收手时选择拒绝。
明明可以避免一些士兵的死亡，但在他的观念里，恐怕战士就应该为忠于的国王献上生命吧。",2018-09-25 23:15:26,213,0,张游安,6,1,32477197,12,大开杀戒,OVERLORD Ⅲ
能不能说留陛下活口然后收了战士长阿呜呜呜不想他死掉,2018-09-25 23:18:25,24,0,日常懒,6,1,32477197,12,大开杀戒,OVERLORD Ⅲ
回复 @Invictus-4RS :你想想姑获鸟和小鹿男，还有赫拉克勒斯和梅芙,2018-09-25 23:21:42,6,0,吉吉国营养大臣,6,1,32477197,12,大开杀戒,OVERLORD Ⅲ
战士长实力也就B多一点，不到A，只是收集难度高ssr，不合算，安子不会因为一个性格像以前的朋友的npc，就去讨好的，顶多利诱，因为人格才想收他入收藏，实力实在不上号,2018-09-25 23:22:10,41,0,白鹭_姬,5,1,32477197,12,大开杀戒,OVERLORD Ⅲ
回复 @张游安 :就是这个忠诚让人难以释怀啊，而且，他也没有上帝视角，不像我们知道老骨会把国家管理得更好，老骨在他眼里是曾经的恩人，却也是个杀了七万士兵的不死族，他怎么可能会因为国家内部矛盾就投诚老骨弃国王不顾……这个结局只能说是注定了，唉。,2018-09-25 23:22:43,120,0,鸭绿江妖精,6,1,32477197,12,大开杀戒,OVERLORD Ⅲ
收集癖表示极度想要(=・ω・=),2018-09-25 23:22:46,6,0,不知名的情,6,1,32477197,12,大开杀戒,OVERLORD Ⅲ
回复 @张游安 :王国明面是国王的，但国王只是象征，王侯贵族有很大的自治权，军队中很多士兵不是国王的。如果战士长叛变，贵族会把矛头对准任用战士长的国王，而战士长只对国王而不是王国尽忠。,2018-09-25 23:23:22,48,0,黑色幽默al,6,1,32477197,12,大开杀戒,OVERLORD Ⅲ
回复 @存在为零の路人菌 :不不不，哪有r卡那么强？n卡到头了。,2018-09-25 23:23:30,2,0,秃驴披风侠,6,1,32477197,12,大开杀戒,OVERLORD Ⅲ
这部番我觉得最主要的不是看老骨装逼，而是看配角，他们明知不可为而为之的勇气。这些配角没有其他番主角的逆天运气，像那些主角一样最后能够逃脱甚至能力更胜一层，他们不存在翻盘，他们是真的会死去。但是正因为知道他们会死，却仍然不放弃自己想要放弃的东西，观众才更会为这种勇气、精神和信仰而感动。所以我一直觉得这部番有着反战意味和悲剧意味，从飞鼠变成安兹的那个时候，它的意味就不是只有“爽”了。,2018-09-26 12:52:06,289,5,佐伯卓砚-,6,0,32477197,12,大开杀戒,OVERLORD Ⅲ
而且就从配角的塑造来说，小说就非常成功，你会觉得配角都是有血有肉，所以他们的坚持，他们的抵死挣扎，他们的生或死要比其他“龙傲天”更让人有所触动。这部番确实不适合全年龄观看。,2018-09-26 12:56:34,65,0,佐伯卓砚-,6,1,32477197,12,大开杀戒,OVERLORD Ⅲ
回复 @佐伯卓砚 :制作组不行没第一季的好看 第二季过瘾 第三季3d特效就跟喂shi一样,2018-09-26 13:02:02,2,0,格莱普二ル,6,1,32477197,12,大开杀戒,OVERLORD Ⅲ
回复 @神的隨波逐氵 :贫穷,2018-09-26 13:11:41,0,0,娇小的针,6,1,32477197,12,大开杀戒,OVERLORD Ⅲ
回复 @食油不是石油 :不是,2018-09-26 13:12:16,0,0,格莱普二ル,6,1,32477197,12,大开杀戒,OVERLORD Ⅲ
感觉这部作品和一拳超人有着异曲同工之妙，表面上主角强无敌，实际上大部分时间都在通过主角的无敌来刻画那些努力挣扎的配角和反派。,2018-09-26 13:19:22,9,0,赶脚碉堡了,6,1,32477197,12,大开杀戒,OVERLORD Ⅲ
制作组巧妙的用贫穷替代了本该出现的暗牧,2018-09-25 23:38:04,17583,124,B站-干脆来碗面,6,0,32477197,12,大开杀戒,OVERLORD Ⅲ
哈哈哈哈hhh,2018-09-25 23:39:39,47,0,夜城moon,6,1,32477197,12,大开杀戒,OVERLORD Ⅲ
不贫穷这集真的从黑山羊出来就全程暗牧了。。,2018-09-26 00:04:10,1070,0,还差得远吧,6,1,32477197,12,大开杀戒,OVERLORD Ⅲ
[白色情人节_好耶][白色情人节_好兄弟][白色情人节_牛哦],2023-06-08 10:04:39,321,18,久保家的高木同学,6,0,32923665,13,PVP,OVERLORD Ⅲ
而你我的朋友，你是真正的英雄,2023-07-02 16:03:08,39,0,半只枕梦溪,6,1,32923665,13,PVP,OVERLORD Ⅲ
谢谢你,2023-07-10 20:17:06,2,0,盗斋,6,1,32923665,13,PVP,OVERLORD Ⅲ
而你我的朋友，你是真正的英雄,2023-07-27 20:28:38,1,0,张三的牢狱生活,6,1,32923665,13,PVP,OVERLORD Ⅲ
而你我的朋友，你是真正的英雄,2024-07-12 00:08:46,0,0,鱼摆摆QoQ,5,1,32923665,13,PVP,OVERLORD Ⅲ
而你我的朋友，你是真正的英雄,2024-08-18 16:42:10,1,0,迷惑的无奈于,6,1,32923665,13,PVP,OVERLORD Ⅲ
谢谢泥,2024-08-19 03:04:25,1,0,皱叶甘蓝松露糖,5,1,32923665,13,PVP,OVERLORD Ⅲ
还可以看，谢谢你[星星眼],2024-09-19 21:58:07,2,0,黎晴歌,6,1,32923665,13,PVP,OVERLORD Ⅲ
谢谢你[支持],2024-09-29 20:31:11,0,0,皮皮兽人,5,1,32923665,13,PVP,OVERLORD Ⅲ
难说[doge]，这两年都不一定有机会,2024-10-04 21:43:54,0,0,阿仁噢,5,1,32923665,13,PVP,OVERLORD Ⅲ
回复 @阿仁噢 :b站其实也有第四季，不过内地版看不了。,2024-12-02 01:10:13,5,0,Christianlp,6,1,32923665,13,PVP,OVERLORD Ⅲ
回复 @Christianlp :真的吗哥  那挂个梯子能看吗,2024-12-14 15:13:51,0,0,卧室嫩猴哥,5,1,32923665,13,PVP,OVERLORD Ⅲ
回复 @Christianlp :感谢！,2024-12-14 16:08:32,1,0,卧室嫩猴哥,5,1,32923665,13,PVP,OVERLORD Ⅲ
回复 @Christianlp :有没有简体中文版？,2024-12-18 01:43:29,0,0,2026勇往直前,5,1,32923665,13,PVP,OVERLORD Ⅲ
你是我的神!,2025-01-11 17:12:39,0,0,打鼓不用槌A,4,1,32923665,13,PVP,OVERLORD Ⅲ
6666,2025-03-18 00:17:54,0,0,畈贼,5,1,32923665,13,PVP,OVERLORD Ⅲ
你才是真正的漆黑英雄！！！,2025-08-28 03:08:48,0,0,譚家乐,4,1,32923665,13,PVP,OVERLORD Ⅲ
谢谢,2025-12-11 05:42:14,0,0,LyNetWalker,6,1,32923665,13,PVP,OVERLORD Ⅲ
26年了 b站还没上[笑哭],2026-04-07 13:42:26,0,0,成也吾,5,1,32923665,13,PVP,OVERLORD Ⅲ
"从七鳃鳗到格格兰 从格格兰到拷问官
从拷问官到黑山羊——现代社会对真男人的评判标准愈加苛刻，不但逐渐重口，而且吨位和数量增加
                                             ——《男子汉日报》(=・ω・=)",2018-10-02 22:59:16,4450,41,拾玉鉴心,6,0,32923665,13,PVP,OVERLORD Ⅲ
"我不管，真男人还是漆黑英雄莫莫帅
《漆黑英雄传》莫莫大人剪辑合集 av29998103",2018-10-02 23:25:44,26,0,秋水子明,6,1,32923665,13,PVP,OVERLORD Ⅲ
兄弟，可惜来晚了啊╮(￣▽￣)╭,2018-10-03 01:10:32,2,0,WeissCream,6,1,32923665,13,PVP,OVERLORD Ⅲ
格格兰2333,2018-10-03 09:27:01,2,0,高木ちやん,6,1,32923665,13,PVP,OVERLORD Ⅲ
我不管。。。反正拷问官是我的。。。你们不许跟我抢。。,2018-10-03 09:27:25,225,0,看得我直流口水,6,1,32923665,13,PVP,OVERLORD Ⅲ
男子汉日啥玩意？,2018-10-03 12:49:32,25,0,海豹刀客塔,6,1,32923665,13,PVP,OVERLORD Ⅲ
日爆还行,2018-10-03 14:55:38,3,0,最后八位同学,6,1,32923665,13,PVP,OVERLORD Ⅲ
你可以当人妖，只要你开心,2019-06-08 12:28:16,1,0,罪の黄昏,3,1,32923665,13,PVP,OVERLORD Ⅲ
承包七鳃鳗,2019-06-26 13:50:10,4,0,凉兮丶Swttry,3,1,32923665,13,PVP,OVERLORD Ⅲ
其实我当娘炮就行了，不用当真男人的(=・ω・=),2019-06-29 00:33:52,6,0,修梓闲情,6,1,32923665,13,PVP,OVERLORD Ⅲ
回复 @海豹刀客塔 :日豹,2019-07-06 18:49:45,1,0,第九行动组,6,1,32923665,13,PVP,OVERLORD Ⅲ
