content,ctime,like,reply_count,user_name,user_level,is_sub_reply,oid,episode,episode_title,anime_title
"我我我我我是第一次看这个番！！第一集，讲的关服务器的时候，画面上00:00，我下意识的看了一眼自己手机的时间

00:00！！！！
？？？？？？？诶？
〣( ºΔº )〣",2018-01-24 00:03:44,6827,21,搪瓷starry,6,0,2540946,1,终焉与起始,OVERLORD
陈独秀,2019-05-30 19:01:20,13,0,流体法则,5,1,2540946,1,终焉与起始,OVERLORD
巧了我也是,2019-08-09 23:05:00,2,0,_柒樱染_,6,1,2540946,1,终焉与起始,OVERLORD
这位同学，请问您现在穿越了没呢？(ﾟДﾟ≡ﾟдﾟ)!?,2020-08-20 18:28:25,120,0,喜旺友仁全,5,1,2540946,1,终焉与起始,OVERLORD
回复 @新同学呀 :我已经穿过啦！回来了！,2020-08-20 20:09:49,94,0,搪瓷starry,6,1,2540946,1,终焉与起始,OVERLORD
回复 @搪瓷starry :有没有把后宫带过来啊[doge][滑稽][doge],2020-08-25 10:20:23,17,0,星之幻梦吖,4,1,2540946,1,终焉与起始,OVERLORD
回复 @星之幻梦吖 :我走的沙雕单身狗流[doge],2020-08-27 19:53:21,38,0,搪瓷starry,6,1,2540946,1,终焉与起始,OVERLORD
可惜你没玩即将关服的游戏,2021-02-24 09:15:54,19,0,无聊的天黑,5,1,2540946,1,终焉与起始,OVERLORD
这位同学，请问您现在还在穿越吗？(ﾟДﾟ≡ﾟдﾟ)!?,2021-09-19 02:11:16,2,0,这波给到拉完了,6,1,2540946,1,终焉与起始,OVERLORD
回复 @两面包夹芝麻 :我停不下来啊——,2021-09-19 11:47:13,1,0,搪瓷starry,6,1,2540946,1,终焉与起始,OVERLORD
回复 @搪瓷starry :现在呢，半小时了，停下来了吗[脱单doge],2021-09-19 12:15:56,0,0,这波给到拉完了,6,1,2540946,1,终焉与起始,OVERLORD
回复 @两面包夹芝麻 :休息一会，吃个饭先[doge],2021-09-19 12:41:53,0,0,搪瓷starry,6,1,2540946,1,终焉与起始,OVERLORD
我几级,2022-04-15 00:41:59,1,0,不浪呀L,3,1,2540946,1,终焉与起始,OVERLORD
回复 @吴杨帆or帆杨吴 :我不道啊！,2022-05-07 03:18:30,0,0,NekokomiKawaii-,6,1,2540946,1,终焉与起始,OVERLORD
回复 @搪瓷starry :2022，《异世界舅舅》播出。,2022-07-12 00:58:02,3,0,账号已注销,0,1,2540946,1,终焉与起始,OVERLORD
回复 @搪瓷starry :舅舅？,2022-08-07 18:04:08,2,0,浅影frider,5,1,2540946,1,终焉与起始,OVERLORD
回复 @搪瓷starry :你就是从异世界回来的舅舅？！,2023-03-20 01:50:16,0,0,神厨小福贵儿,6,1,2540946,1,终焉与起始,OVERLORD
你转身成了里面1级的人物，从头开始练级,2023-03-20 12:03:53,1,0,pop冰菓,4,1,2540946,1,终焉与起始,OVERLORD
看你的评论，再瞧一眼时间，00:00！！[微笑],2023-04-11 00:00:58,2,0,赛博风子,5,1,2540946,1,终焉与起始,OVERLORD
怎么突然这么多人赞我[脱单doge]还以为我视频火了,2023-06-08 22:06:11,1,0,搪瓷starry,6,1,2540946,1,终焉与起始,OVERLORD
哈哈哈哈,2024-02-01 01:52:05,0,0,bili_19088838433,2,1,2540946,1,终焉与起始,OVERLORD
"骨王这么强不是没有道理的，主要是两点

第一点，先根据眯眯眼都是怪物的定律，再看看骨王，甚至连眼睛都没有

第二点，只要是光头的人都自带开 挂BUFF，而骨王不但光头，甚至连头皮都没有",2019-01-22 17:12:06,42947,553,3月14日的守望,2,0,2540946,1,终焉与起始,OVERLORD
hhhhhh,2019-01-26 17:45:39,46,0,vcec123,6,1,2540946,1,终焉与起始,OVERLORD
哈哈哈哈哈哈哈哈,2020-02-20 12:57:25,22,0,靥鸦帅的压批,5,1,2540946,1,终焉与起始,OVERLORD
哈哈哈哈哈,2020-04-14 17:32:45,24,0,__灯塔__,6,1,2540946,1,终焉与起始,OVERLORD
md绝了,2020-04-14 22:20:50,348,0,SMIzina,6,1,2540946,1,终焉与起始,OVERLORD
回复 @丨foolish丨 :哈哈哈nb,2020-05-28 02:13:58,13,0,qaznht,6,1,2540946,1,终焉与起始,OVERLORD
回复 @丨foolish丨 :说好不提的啊,2020-06-06 21:43:43,14,0,无情手杀,6,1,2540946,1,终焉与起始,OVERLORD
这么久了你居然还是二级，你到底白嫖了多少视频，我想学[doge],2020-09-26 16:08:39,1788,0,裂空NH,6,1,2540946,1,终焉与起始,OVERLORD
有 理 有 据,2020-11-17 02:06:36,13,0,钮钴禄-狗子,5,1,2540946,1,终焉与起始,OVERLORD
一个100集大佬穿到一个平均15级的世界，为了对付一些40级的人用了一堆神级道具的故事（？？？心疼道具,2017-09-19 15:59:36,4378,40,账号已注销,0,0,2573526,2,阶层守护者,OVERLORD
主角就是怂，，，，，，以为还有别的玩家也穿越了，和隐藏boss之类还要收集情报。。。。心累不过这样挺好的不会显得主角太过过于装逼了,2017-09-26 13:23:00,727,0,旧巷听雨。,6,1,2573526,2,阶层守护者,OVERLORD
十二级就可以横行了,2018-01-17 17:14:00,70,0,暴食神言渊,6,1,2573526,2,阶层守护者,OVERLORD
回复 @旧巷听雨。 :后面有比这个老骨头厉害的[吃瓜],2020-05-25 00:21:20,105,0,我昔涟呢烧鸡,6,1,2573526,2,阶层守护者,OVERLORD
回复 @符尘千里 :那应该只是比骨王厉害，但骨王有大坟墓啊[滑稽]能群殴何必单挑呢？,2021-01-20 21:36:40,233,0,__云__,5,1,2573526,2,阶层守护者,OVERLORD
回复 @一抹自私的云 :好家伙，我直接悟了,2021-01-21 01:07:32,35,0,我昔涟呢烧鸡,6,1,2573526,2,阶层守护者,OVERLORD
回复 @爱摸鱼的白泽 :骨王本来就是辅助型法师，战力不算强。公会里另一个法师世界灾厄那才是真法爷。,2022-07-14 23:52:36,266,0,仲夏樱花和梅子酒,6,1,2573526,2,阶层守护者,OVERLORD
平均15？病娇跟班技能拉满才16，精英士兵才12，恕我直言，平均不过5级,2022-07-15 00:07:27,107,0,车神van样,6,1,2573526,2,阶层守护者,OVERLORD
回复 @旧巷听雨。 :看点就是这个嘛,2022-07-15 13:08:06,8,0,睡13个小时,6,1,2573526,2,阶层守护者,OVERLORD
打龙王又不一样了,2022-07-23 15:28:57,4,0,元气少女蔡徐鲲,6,1,2573526,2,阶层守护者,OVERLORD
回复 @龙井七分糖 :啊？是谁啊是谁啊d(ŐдŐ๑),2022-07-31 07:30:41,1,0,铃云妖妖,6,1,2573526,2,阶层守护者,OVERLORD
回复 @铃云妖妖 :乌尔贝特,2022-08-02 02:04:24,8,0,塔顺菲,6,1,2573526,2,阶层守护者,OVERLORD
回复 @旧巷听雨。 :事实上真的有其他的玩家，不过都是几百年前了,2022-09-11 17:21:29,41,0,十载光阴z,5,1,2573526,2,阶层守护者,OVERLORD
回复 @爱摸鱼的白泽 :目前还没有[脱单doge],2022-09-13 07:47:38,5,0,蔑视愛,6,1,2573526,2,阶层守护者,OVERLORD
回复 @旧巷听雨。 :和从零对比是反方向不死,2022-11-05 20:36:17,1,0,霸气完全燃烧,6,1,2573526,2,阶层守护者,OVERLORD
回复 @旧巷听雨。 :比他吊的少，但是有,2022-12-25 17:51:02,9,0,来自费城福人队,6,1,2573526,2,阶层守护者,OVERLORD
回复 @旧巷听雨。 :其实不是怂，老骨其实是个辅助[脱单doge],2022-12-31 10:46:19,21,0,是安濑,5,1,2573526,2,阶层守护者,OVERLORD
回复 @旧巷听雨。 :低情商:主角就是怂，高情商:主角真谨慎,2023-01-03 03:28:44,8,0,白玉袖,6,1,2573526,2,阶层守护者,OVERLORD
回复 @爱摸鱼的白泽 :你说的是第四季的白龙王吗，我刚觉最多也就是比骨王强，骨王想跑还是能跑的,2023-01-13 20:16:32,7,0,矮冬瓜瓦柯南,5,1,2573526,2,阶层守护者,OVERLORD
不过老骨的道具也用不完[doge],2023-01-19 18:23:38,3,0,神经兮兮的实体303,5,1,2573526,2,阶层守护者,OVERLORD
好家伙 上一个看到这种战力对比的还是前期的希灵帝国,2023-01-26 19:13:21,2,0,会隐形的电兵,4,1,2573526,2,阶层守护者,OVERLORD
其实骨王要是这样也不是不行,2023-07-18 15:21:07,96,3,祁璞,5,0,2573526,2,阶层守护者,OVERLORD
懂完了[喜极而泣],2023-07-18 19:20:41,5,0,卡k_a,6,1,2573526,2,阶层守护者,OVERLORD
6这是哪,2023-08-04 11:41:23,1,0,愛意难,5,1,2573526,2,阶层守护者,OVERLORD
回复 @愛意难 :漫展，就是骨王的摊位,2025-08-01 19:12:52,1,0,爱良豆,6,1,2573526,2,阶层守护者,OVERLORD
看到有人说龙傲天这我就不同意了 。欲练神功，必先自宫，男主的强大完全站得住脚。你见过哪个龙傲天下面是没有的吗？,2015-07-15 00:09:18,32502,560,带着哈士奇环游世界,6,0,2573526,2,阶层守护者,OVERLORD
6666  有理有据，令人信服(╯°口°)╯(┴—┴,2015-07-15 00:11:40,1916,0,不科学怪人,6,1,2573526,2,阶层守护者,OVERLORD
666666,2015-07-15 00:11:42,578,0,星光杯月色酒,6,1,2573526,2,阶层守护者,OVERLORD
66666,2015-07-15 00:17:38,424,0,价值6枚硬币,6,1,2573526,2,阶层守护者,OVERLORD
回复 @卖苹果的罗伦斯:666666,2015-07-15 00:20:13,136,0,十六夜_妖梦,6,1,2573526,2,阶层守护者,OVERLORD
"有一种奇怪的感觉，世界上真的存在那样的人吗？——没有父母、恋人乃至于朋友，孤身一人活在世界上，对周围漠不关心或者是被世界熟视无睹。将自己的心血倾注于虚幻的游戏之中，在片刻的喧嚣热闹之后，现实中的人们最终也回到现实了，只余下一如既往的孑然之身。

所有人都在向前走，只有他被遗弃在原地，自顾自怀念着过去的热闹，想要伸手挽留却什么都无法握住。

那么最终的穿越显得如此合情合理甚至有种“理应如此”的感觉，对比毫无羁绊的现实，似乎这个到处留下回忆的墓穴才是真正的归宿啊。

那么最终他穿越到异世界的游戏之中，倒像是他本身就属于这个游戏。",2018-11-03 11:26:15,144,2,乐越御史,6,0,2606917,3,卡恩村之战,OVERLORD
与社会脱轨？emm,2020-07-08 16:44:37,0,0,为黑猫献上祝福,6,1,2606917,3,卡恩村之战,OVERLORD
确实哎，你写的好好，我也有这种感受,2021-02-26 12:19:34,3,0,月麟酒,6,1,2606917,3,卡恩村之战,OVERLORD
突然觉得那些忍着寂寞，独自吐槽的首批观众好伟大。辛苦你们首次观看后丰富了弹幕，还得专门回过头来再看一遍弹幕。(๑• . •๑),2015-07-21 23:06:22,17246,169,见杰思齐,6,0,2606917,3,卡恩村之战,OVERLORD
哦（￣▽￣）,2015-07-21 23:06:56,61,0,阿尔贝-加缪,6,1,2606917,3,卡恩村之战,OVERLORD
大声告诉我，这是第几楼(向我表白吧，孩纸们),2015-07-21 23:15:01,288,0,见杰思齐,6,1,2606917,3,卡恩村之战,OVERLORD
（￣▽￣）,2015-07-21 23:19:47,14,0,白唐....,6,1,2606917,3,卡恩村之战,OVERLORD
回复 @见杰思齐:521?_(:3」∠)_,2015-07-21 23:19:58,34,0,SilverCrow灬,4,1,2606917,3,卡恩村之战,OVERLORD
嫁我（￣▽￣）,2015-07-21 23:20:52,15,0,秀秀秀的水乱流,6,1,2606917,3,卡恩村之战,OVERLORD
我肛你(=・ω・=),2015-07-21 23:25:19,41,0,毛亚人,6,1,2606917,3,卡恩村之战,OVERLORD
看着屏幕上就自己一条弹幕吐槽好寂寞……,2015-07-21 23:26:11,211,0,z劫z,6,1,2606917,3,卡恩村之战,OVERLORD
感动 终于有人懂我们了（/TДT)/,2015-07-21 23:29:25,215,0,琉璃Adios,6,1,2606917,3,卡恩村之战,OVERLORD
感谢(￣3￣),2015-07-21 23:30:38,19,0,明月白昼,6,1,2606917,3,卡恩村之战,OVERLORD
QWQ一人吐槽都没伴，感谢层主,2015-07-21 23:33:48,37,0,丝管,6,1,2606917,3,卡恩村之战,OVERLORD
吐槽无力还好有你(´･_･`),2015-07-21 23:35:00,27,0,影黑蛇,6,1,2606917,3,卡恩村之战,OVERLORD
他喵刚回去又看了一遍都没自己的弹幕了！,2015-07-21 23:36:16,43,0,泡泡噗oO,5,1,2606917,3,卡恩村之战,OVERLORD
回复 @SilverCrow灬:羞涩中(再多一点也是不介意的(๑• . •๑)),2015-07-21 23:44:32,5,0,见杰思齐,6,1,2606917,3,卡恩村之战,OVERLORD
回复 @曜锋:被男主的装逼光环遮住了，你的弹幕等级不够高啊！（￣▽￣）,2015-07-21 23:49:49,15,0,见杰思齐,6,1,2606917,3,卡恩村之战,OVERLORD
后半段从解说那里开始就没有弹幕了，虽然没有小学生不过真的挺寂寞（/TДT)/,2015-07-22 00:02:13,7,0,MikuMikuDance1,6,1,2606917,3,卡恩村之战,OVERLORD
其实看两遍还是不错的哇,2015-07-22 00:02:29,2,0,休谟灬,6,1,2606917,3,卡恩村之战,OVERLORD
23333,2015-07-22 00:27:08,1,0,MiniSilver,6,1,2606917,3,卡恩村之战,OVERLORD
我们优衣库见(°∀°)ﾉ,2015-07-22 00:33:03,1,0,CC爱披萨,6,1,2606917,3,卡恩村之战,OVERLORD
(°∀°)ﾉ(°∀°)ﾉ(°∀°)ﾉ(°∀°)ﾉ(°∀°)ﾉ,2015-07-22 00:35:11,1,0,重朙鳥,6,1,2606917,3,卡恩村之战,OVERLORD
没错 我就看了两遍,2015-07-22 00:54:52,1,0,葬浮念旧,6,1,2606917,3,卡恩村之战,OVERLORD
"施工完毕。
一共63条解说弹幕(不含ED等)。
感谢贴吧的影子菌这三话以来的协力^_^

请各位慢用。
以上。",2015-07-22 01:31:28,7992,162,小剑FOX,6,0,2606917,3,卡恩村之战,OVERLORD
辛苦辛苦( •̀∀•́ ),2015-07-22 01:32:50,9,0,兔龙女孩绝不认输,6,1,2606917,3,卡恩村之战,OVERLORD
感谢科普(｀・ω・´),2015-07-22 01:32:52,3,0,小谷桔,6,1,2606917,3,卡恩村之战,OVERLORD
(｀・ω・´)辛苦了,2015-07-22 01:33:46,1,0,shuiyueyin,6,1,2606917,3,卡恩村之战,OVERLORD
"啊，对了，看到不少人已经发现了。
我们确实是同样在记录的地平线第一、二两季进行绿字解说，并且正在亚尔斯兰战记中担任黄字解说的三人组。
我以外还有绊酱@宅的荣耀 和卡卡@风de辉 
感谢各位一直以来的支持。",2015-07-22 01:34:09,336,0,小剑FOX,6,1,2606917,3,卡恩村之战,OVERLORD
加油(｀・ω・´),2015-07-22 01:39:13,1,0,bili_1739174,6,1,2606917,3,卡恩村之战,OVERLORD
这是我看过最奇特的日本热血番了。去他的，辛苦练级被虐再练级再被虐最后无奈开挂才打赢。老子就是一开始100级到新手村来虐菜，先装B，装完B站着让你们这群菜B打，还不掉血，最后一招秒掉，要的就是真酸爽！7月番中个人唯一5星推荐！,2015-07-29 00:44:16,37207,1065,KDJ大师,6,0,2642699,4,死亡支配者,OVERLORD
抬手就是一个赞ヽ(ﾟ∀ﾟ)ﾉ,2015-07-29 00:45:30,586,0,开朗的观测者,6,1,2642699,4,死亡支配者,OVERLORD
抬手就是一个赞ヽ(ﾟ∀ﾟ)ﾉ,2015-07-29 00:46:32,301,0,零崎亂識,6,1,2642699,4,死亡支配者,OVERLORD
抬手就是一个赞ヽ(ﾟ∀ﾟ)ﾉ,2015-07-29 00:48:47,351,0,--清树--,6,1,2642699,4,死亡支配者,OVERLORD
抬手就是一个赞ヽ(ﾟ∀ﾟ)ﾉ,2015-07-29 00:53:21,132,0,米斯特Shais,6,1,2642699,4,死亡支配者,OVERLORD
回复 @咖喱咖啡: 抬手就是一个赞ヽ(ﾟ∀ﾟ)ﾉ,2015-07-29 00:54:36,86,0,Mage乐芙球,6,1,2642699,4,死亡支配者,OVERLORD
抬手就是一个赞ヽ(ﾟ∀ﾟ)ﾉ,2015-07-29 00:57:01,69,0,KnwniKoi,6,1,2642699,4,死亡支配者,OVERLORD
抬手就是一个赞ヽ(ﾟ∀ﾟ)ﾉ,2015-07-29 00:57:11,54,0,冰堂栀子,4,1,2642699,4,死亡支配者,OVERLORD
抬手就是一个赞ヽ(ﾟ∀ﾟ)ﾉ,2015-07-29 01:10:09,50,0,夏天想多喝热水,6,1,2642699,4,死亡支配者,OVERLORD
抬手就是一个赞ヽ(ﾟ∀ﾟ)ﾉ,2015-07-29 01:12:00,45,0,微笑如今,6,1,2642699,4,死亡支配者,OVERLORD
抬手就是一个赞ヽ(ﾟ∀ﾟ)ﾉ,2015-07-29 01:23:59,24,0,冷冻兔ovo,6,1,2642699,4,死亡支配者,OVERLORD
抬手就是一个赞ヽ(ﾟ∀ﾟ)ﾉ,2015-07-29 01:25:06,17,0,PhoenixYA,6,1,2642699,4,死亡支配者,OVERLORD
抬手就是一个赞ヽ(ﾟ∀ﾟ)ﾉ,2015-07-29 01:27:14,14,0,黑球小黑吱,6,1,2642699,4,死亡支配者,OVERLORD
抬手就是一个赞ヽ(ﾟ∀ﾟ)ﾉ,2015-07-29 01:37:25,12,0,w茄子w,6,1,2642699,4,死亡支配者,OVERLORD
抬手就是一个赞ヽ(ﾟ∀ﾟ)ﾉ,2015-07-29 01:48:30,15,0,蒸気喪女,6,1,2642699,4,死亡支配者,OVERLORD
抬手就是一个赞ヽ(ﾟ∀ﾟ)ﾉ,2015-07-29 02:08:49,6,0,refine-sl,6,1,2642699,4,死亡支配者,OVERLORD
抬手就是一个赞ヽ(ﾟ∀ﾟ)ﾉ,2015-07-29 02:14:52,4,0,半世の琉璃,6,1,2642699,4,死亡支配者,OVERLORD
抬手就是一个赞ヽ(ﾟ∀ﾟ)ﾉ,2015-07-29 02:26:10,8,0,马鹿九天,6,1,2642699,4,死亡支配者,OVERLORD
抬手就是一个赞ヽ(ﾟ∀ﾟ)ﾉ,2015-07-29 02:27:00,9,0,慕骰盒子,6,1,2642699,4,死亡支配者,OVERLORD
破坏队形 顺便安利一拳超人～(￣▽￣～),2015-07-29 02:27:20,82,0,我永远稀饭新岛真,6,1,2642699,4,死亡支配者,OVERLORD
这部作品还是存在【辛苦练级再被虐再练级】这回事的，不过都是配角干的，就是突出一下这些人经过了多么艰苦卓绝的努力，是多么优秀的战斗者，然后再被主角一下秒掉……,2015-07-29 02:31:14,1910,0,法师之敌,6,1,2642699,4,死亡支配者,OVERLORD
"本集内容概括
安兹：恕我直言，在座的各位，都是垃圾(;¬_¬)
杂兵：（￣へ￣）……ヽ(`Д´)ﾉ……(╯°口°)╯(┴—┴……(ﾟДﾟ≡ﾟдﾟ)!?…………(´；ω；`)！！！！",2015-07-28 23:49:55,6199,40,海棠兔鸟,6,0,2642699,4,死亡支配者,OVERLORD
精了（￣▽￣）,2015-07-28 23:51:07,31,0,傷物語,6,1,2642699,4,死亡支配者,OVERLORD
66666神一样概括,2015-07-28 23:51:27,26,0,鸽王苍介,6,1,2642699,4,死亡支配者,OVERLORD
(°∀°)ﾉ,2015-07-28 23:51:51,0,0,sighc,5,1,2642699,4,死亡支配者,OVERLORD
说得好有道理,2015-07-28 23:52:31,1,0,平成的鲁邦,6,1,2642699,4,死亡支配者,OVERLORD
6666666666666,2015-07-28 23:52:42,1,0,大大大大大小光,6,1,2642699,4,死亡支配者,OVERLORD
66666662333333,2015-07-28 23:52:47,0,0,碳基人生,6,1,2642699,4,死亡支配者,OVERLORD
66666,2015-07-28 23:52:49,1,0,贤鱼咸鱼闲,6,1,2642699,4,死亡支配者,OVERLORD
回复 @傷物語：你的ID也精了,2015-07-28 23:53:03,1,0,大大大大大小光,6,1,2642699,4,死亡支配者,OVERLORD
骨头长期暴露在空气中会被细菌腐蚀，氧气也能将骨头氧化，所以安滋为了生存跟空气斗气斗勇并不是无稽之谈。,2018-09-23 22:23:39,8266,19,九卿X,6,0,2680848,5,两位冒险家,OVERLORD
免疫60级以下所有伤害[滑稽],2019-06-27 23:45:14,200,0,FFF枪刑执行官,6,1,2680848,5,两位冒险家,OVERLORD
回复 @FFF枪刑执行官 :61级的细菌没有等级的空气[滑稽],2019-07-19 11:48:54,292,0,九卿X,6,1,2680848,5,两位冒险家,OVERLORD
回复 @妖孽卐炎少 :这细菌有两个战士长强,2019-07-19 12:11:12,84,0,FFF枪刑执行官,6,1,2680848,5,两位冒险家,OVERLORD
回复 @FFF枪刑执行官 :[滑稽],2019-07-19 13:29:16,7,0,九卿X,6,1,2680848,5,两位冒险家,OVERLORD
回复 @九卿X :要是这么算的话人类的免疫系统已经可以吊打安滋了[滑稽][滑稽][滑稽],2020-01-07 23:04:21,92,0,黑如梦,6,1,2680848,5,两位冒险家,OVERLORD
哈哈哈,2020-08-12 18:46:28,2,0,浩瀚流星,6,1,2680848,5,两位冒险家,OVERLORD
回复 @九卿X :细菌最多30级[doge],2021-05-02 19:03:47,15,0,老婆sa_ma,6,1,2680848,5,两位冒险家,OVERLORD
细菌个体不可以用等级相当，最重要的不是个体对魔素的承受能力，而是没有智慧。但如果他们形成了一个大的集合，在进化中获得了那种类似蜂巢的思维模式的话，就会变成。。。。。。。。史莱姆。。。。。。。。。。。,2021-08-26 07:23:31,164,0,药瓶不要平,6,1,2680848,5,两位冒险家,OVERLORD
好，我差一点就相信你了[墨镜],2022-01-23 07:01:06,5,0,爱上崔智云,6,1,2680848,5,两位冒险家,OVERLORD
不花钱，怕被别人发现是玩家，那还想让公会的名号传遍天下，这不矛盾吗？[吃瓜][打call],2022-01-23 14:27:38,15,0,灬秋玲儿灬,5,1,2680848,5,两位冒险家,OVERLORD
回复 @--君踏桃花归-- :所以果然史莱姆才是最强的存在啊！,2022-03-02 10:05:21,3,0,某位无名的路人,6,1,2680848,5,两位冒险家,OVERLORD
回复 @九卿X :第一次听说细菌还有等级的,2022-03-14 16:57:06,2,0,可她温柔漂亮,6,1,2680848,5,两位冒险家,OVERLORD
你的滑稽掉了,2022-03-17 08:30:54,1,0,锦程伟帮,5,1,2680848,5,两位冒险家,OVERLORD
有理有据[doge],2022-05-06 20:20:51,0,0,自习使我快乐_,6,1,2680848,5,两位冒险家,OVERLORD
没有等级不是等级零,2022-07-21 13:31:28,0,0,摆烂哀音末,6,1,2680848,5,两位冒险家,OVERLORD
空气没有等级，所以效果无效[doge],2022-07-29 03:43:54,1,0,热心の金,6,1,2680848,5,两位冒险家,OVERLORD
笑死我了哈哈哈哈哈哈,2022-08-26 19:51:01,0,0,艾伦耶格尔永远的自由,5,1,2680848,5,两位冒险家,OVERLORD
回复 @灬秋玲儿灬 :所以后面直接开始统治世界了,2023-07-30 15:56:02,0,0,销声克的烤猪,6,1,2680848,5,两位冒险家,OVERLORD
回复 @锦程伟帮 :都说是无稽之谈了，怎么会有滑稽呢？[胆大党_微笑],2024-11-16 01:31:07,1,0,小一是我,6,1,2680848,5,两位冒险家,OVERLORD
"作为&amp;lt;&amp;lt;Overlord &amp;gt;&amp;gt;WEB版的翻译, 以及文库版的英文与德文翻译/校对, 请允许鄙人跟大家说一些推心置腹的愚见:

毫无疑问,Overlord 无论在国内还是西方都享有非同小可的人气. 随之而来的也有很多质疑: 这究竟是不是一部披着骷髅外衣的”龙傲天”作品？它的卖点是否在于靠着佛挡杀佛，所向披靡的主角来宣泄观众平时的压力与不满？

答案显而易见，都不是。

诚然，Overlord中与传统美型格格不入的骷髅形象（众人：明明帅呆了）给了很多观众耳目一新的冲击；毫无拖沓但不失华丽的战斗（众人：你想说“碾压”吧）更是充满着酣畅淋漓的快感。但是Overlord 的成功与廉价的“个人带入”与“情感发泄”并无直接关系。该作品的重点并非在于连篇累牍地给我们的“黑暗系”英雄唱赞歌，而是通过他内外的不同视角来展现作品宏大的世界观与复杂的人物设定。有些西方观众曾抱怨动画节奏“太慢”，虽然这点见仁见智；但鄙人认为，Overlord最大的看点之一就是人格魅力满分的角色塑造和细致入微的背景设定，相信只要细心品读，大家都会发现这些埋藏在表面下的闪光点。

其实原作者丸山老师在文库版的后记已说的很明白：“也许评价会很两极，但Overlord的主角并非那种只处理眼前状况或危机的类型，而是为了达成目的主动出击。。。所以，我想把本作品写成比较少见的侵略者角度的故事，而非相对常见的被侵略方的物语。”

这点也可以看出，作者在塑造主人公安兹是费了一番功夫的。某种意义上，他跟“春物”里自持清高，抱着画地为牢的心态在社会中挣扎的大老师有着异曲同工之妙：他们并非寻求带入与认同的空壳，而是引领我们反思的镜子。得益于他的社会人经历，安兹拥有相当的察言观色的能力，但是这也为他埋下了很多不利的种子。由于极端害怕被人讨厌或者唾弃，他必须谨小慎微地维持自己“无上的统治者”形象，然而这也让本性事无巨细的他陷入疲于奔命的窘态。导致自己不得不拼命回报下属的幻想与期待，从而一步步走向充满冷血与霸道，与自己内在判若两人的“邪道”。。。

随着故事慢慢步向高潮，我相信Overlord 会给大家更多的惊喜。这里感谢大家的陪伴。



",2015-08-04 23:14:20,14360,187,留学生BoBo,6,0,2680848,5,两位冒险家,OVERLORD
"这里首先感谢耐心看完的大家。如果有任何纰漏或者语病欢迎指出，毕竟鄙人很小就出国了，语文底子相当薄弱，还烦请大家不要见笑。

另外也不要忘了感谢那些付出辛勤劳动的民间译者。作为他们的一分子，我对那些彻夜爆肝，甚至牺牲自己自由和休息时间的日日月月感同身受。

也感谢科普君的辛勤劳动与大家的精彩吐槽。与你们追番是我的荣幸. 

由于马上要攻读研究生了（MIT的Civil 和Environmental Engineering 专业），所以下一次见面可能就是最终话的完结感言了（跟四谎，路人女主，吹响等一样），届时还请大家捧场。写的目的就是锻炼一下平时很少用到的中文，所以有什么不足请务必提出来，鄙人定会虚心接受。
",2015-08-04 23:15:18,938,0,留学生BoBo,6,1,2680848,5,两位冒险家,OVERLORD
"回复 @留学生BoBo :MIT高材生……
膜拜一下。
感谢你的翻译。
辛苦了。
（话说总觉得以前见过你？在记录的地平线的评论里）",2015-08-04 23:19:54,333,0,小剑FOX,6,1,2680848,5,两位冒险家,OVERLORD
"覺得小說從各個人物的角度來寫挺不錯的吶
雖然最後都是被各種花式虐",2015-08-04 23:32:58,45,0,放空的某羽,5,1,2680848,5,两位冒险家,OVERLORD
鄙视学霸(;¬_¬)———来自学渣的愤怒(╯°口°)╯(┴—┴,2015-08-04 23:38:34,178,0,小柠丶,6,1,2680848,5,两位冒险家,OVERLORD
学霸君(°∀°)ﾉ,2015-08-04 23:45:53,22,0,9527_12138,6,1,2680848,5,两位冒险家,OVERLORD
鄙视学霸加10086,2015-08-05 00:07:28,19,0,破站快嗝屁了,6,1,2680848,5,两位冒险家,OVERLORD
学霸，友乎(￣▽￣)ノ。写的很不错啊,2015-08-05 00:08:21,9,0,max版,6,1,2680848,5,两位冒险家,OVERLORD
大老师好评,2015-08-05 00:11:11,9,0,井上心叶,6,1,2680848,5,两位冒险家,OVERLORD
mit 学霸！！,2015-08-05 00:13:43,6,0,9998酱,6,1,2680848,5,两位冒险家,OVERLORD
我只是想看看会不会有人无聊到给我点赞,2015-08-12 21:36:02,3008,39,咕咕_offical,6,0,2719606,6,旅途,OVERLORD
我给你点了个赞,2015-08-12 21:40:43,7,0,エロ女,6,1,2719606,6,旅途,OVERLORD
好无聊..,2015-08-12 21:53:17,1,0,Compasser,6,1,2719606,6,旅途,OVERLORD
手动点赞，哈哈哈哈哈,2015-08-12 21:56:36,4,0,改名好艰难,6,1,2719606,6,旅途,OVERLORD
无聊啊，，，,2015-08-12 22:26:15,0,0,缥碧的星星,6,1,2719606,6,旅途,OVERLORD
早上起来一看，没想到居然有这么多个赞╭(°A°`)╮,2015-08-13 08:05:34,0,0,咕咕_offical,6,1,2719606,6,旅途,OVERLORD
我也给了个赞……,2015-08-13 10:30:25,2,0,寂静紫水P_H2o,6,1,2719606,6,旅途,OVERLORD
为什么打不过上面哪个,2019-06-15 14:02:38,0,0,活着-梦与现实,4,1,2719606,6,旅途,OVERLORD
给你补够200了,2020-01-27 10:38:07,0,0,只信睡懒觉的过路人,6,1,2719606,6,旅途,OVERLORD
233,2020-02-22 12:27:00,0,0,贝拉_kira,4,1,2719606,6,旅途,OVERLORD
给你点两个赞[tv_doge][tv_doge][tv_doge],2020-02-24 16:50:34,0,0,柒月初QYC,6,1,2719606,6,旅途,OVERLORD
2021,2021-02-03 11:20:57,0,0,Flamingreed,6,1,2719606,6,旅途,OVERLORD
我给你点了个赞,2021-02-28 12:17:34,0,0,bili_13267734717,2,1,2719606,6,旅途,OVERLORD
没有  但会有人无聊到给你点踩[藏狐],2021-07-26 15:25:12,0,0,xiaoze正在说胡画,6,1,2719606,6,旅途,OVERLORD
回复 @我是精英神 :老评论了，踩就踩吧[喜极而泣],2021-07-26 17:19:57,0,0,咕咕_offical,6,1,2719606,6,旅途,OVERLORD
真的很无聊啊,2022-08-10 12:31:04,0,0,健博弩张,5,1,2719606,6,旅途,OVERLORD
来自七年后的赞你可接住了,2022-08-24 23:04:06,0,0,笨蛋也想睡觉,5,1,2719606,6,旅途,OVERLORD
来自七年后的赞[doge],2022-09-06 13:37:41,1,0,半弧丶,6,1,2719606,6,旅途,OVERLORD
1229看着难受，补满了,2022-10-11 13:51:41,0,0,墨墨莫陌桑,5,1,2719606,6,旅途,OVERLORD
那第1280的赞由在下给你点了[妙啊],2022-10-18 21:42:53,0,0,命运残章,6,1,2719606,6,旅途,OVERLORD
我给你点了你也给我点一个[傲娇],2022-10-23 20:49:09,1,0,霧埃,6,1,2719606,6,旅途,OVERLORD
《关于我开满级号在新手村装逼这件事》,2015-08-12 03:53:07,3809,39,战场原彩旗,4,0,2719606,6,旅途,OVERLORD
666_(:3」∠)_,2015-08-13 22:36:51,10,0,eeelona,6,1,2719606,6,旅途,OVERLORD
(′~`)关于我转生后成为史莱姆的那件事,2015-08-18 13:08:46,199,0,鬼崎きらら,6,1,2719606,6,旅途,OVERLORD
？？？,2019-05-09 19:32:36,7,0,Ansilnanaye,6,1,2719606,6,旅途,OVERLORD
回复 @bog屠戮者 :买了买了[滑稽],2019-06-13 01:08:55,9,0,霉运仓鼠,6,1,2719606,6,旅途,OVERLORD
还活着吗,2019-07-02 17:04:50,7,0,念昔之自,6,1,2719606,6,旅途,OVERLORD
回复 @是血雾丫 :小说党吧,2019-07-28 16:22:08,25,0,冻如疯兔,6,1,2719606,6,旅途,OVERLORD
回复 @是血雾丫 :早就出过小说和漫画了,2019-08-01 17:33:26,40,0,玉树临风帅星座,6,1,2719606,6,旅途,OVERLORD
回复 @是血雾丫 :也有可能蒙出来的,2019-08-21 13:04:03,6,0,酱油van家,6,1,2719606,6,旅途,OVERLORD
我现在每天都用充满敬畏的眼光看着养的仓鼠，甚至不敢直视他充满力量的目光,2016-01-24 17:18:50,6130,93,我有一只袅,6,0,2759386,7,森林贤王,OVERLORD
3年前的热评，打破！,2019-04-21 00:47:58,26,0,黑箱クロハコ,6,1,2759386,7,森林贤王,OVERLORD
回复 @快乐的黑箱君 :一个月的评论打破,2019-05-30 21:19:35,17,0,正规企业哪都通,6,1,2759386,7,森林贤王,OVERLORD
打个卡[滑稽]不确定人还在[滑稽],2019-07-04 01:05:14,37,0,一个没有名字的主角,6,1,2759386,7,森林贤王,OVERLORD
回复 @正规国企哪都通 :半年的评论打破,2020-01-16 17:14:03,6,0,与否放飞,5,1,2759386,7,森林贤王,OVERLORD
4年,2020-01-27 20:16:54,7,0,孟德1000,6,1,2759386,7,森林贤王,OVERLORD
回复 @与否放飞 :@与否放飞 最近的评论，打破,2020-02-05 01:27:51,3,0,不系吧阿sir,5,1,2759386,7,森林贤王,OVERLORD
人还在不在啊[滑稽],2020-03-07 10:35:12,6,0,閻羅__,4,1,2759386,7,森林贤王,OVERLORD
病毒使我们相遇[笑哭]（5遍了）,2020-03-08 15:16:17,10,0,请输入新昵称--滑稽,6,1,2759386,7,森林贤王,OVERLORD
4年了,2020-03-09 21:31:19,6,0,纸飞机ぺ载着童年の梦,6,1,2759386,7,森林贤王,OVERLORD
回复 @看到我请让我滚去刷题 :去年就寿终正寝了..,2020-03-11 17:46:56,318,0,我有一只袅,6,1,2759386,7,森林贤王,OVERLORD
四年了，人还在不在？,2020-03-12 13:56:13,28,0,068339150,4,1,2759386,7,森林贤王,OVERLORD
回复 @我有一只袅 :节哀,2020-03-21 21:54:43,30,0,御坂19041,6,1,2759386,7,森林贤王,OVERLORD
回复 @我有一只袅 :emmm........,2020-04-09 22:31:01,6,0,日落西山残影叠,6,1,2759386,7,森林贤王,OVERLORD
还在吗,2020-04-24 20:57:37,2,0,原潮,6,1,2759386,7,森林贤王,OVERLORD
回复 @看到我请让我滚去刷题 :滚去刷题[抠鼻]等会，这大半夜的，还是算了,2020-05-01 21:55:14,15,0,三茶sansa今天爆肝了吗,6,1,2759386,7,森林贤王,OVERLORD
四年前的热评，打破！[doge],2020-05-02 22:29:27,3,0,为黑猫献上祝福,6,1,2759386,7,森林贤王,OVERLORD
回复 @小_斑斑 :一小时之前的评论打破,2020-05-02 23:53:12,1,0,初音未来未来还有你,5,1,2759386,7,森林贤王,OVERLORD
考古,2020-07-15 12:14:02,2,0,242588562,6,1,2759386,7,森林贤王,OVERLORD
究极考古,2020-08-11 21:51:57,2,0,心中的leehom,6,1,2759386,7,森林贤王,OVERLORD
大究极考古,2020-08-15 11:12:44,2,0,此用户以违法,3,1,2759386,7,森林贤王,OVERLORD
"这番的大体剧情:
众人:“xxx是来自哪里的xxx，具有xxxx赋予的xxxx，实在是太强了”
男主:“不排除比自己强的可能”
5分钟后
“哈？”",2018-02-02 16:15:44,5448,16,sch123a,6,0,2759386,7,森林贤王,OVERLORD
老哥你说的太到位了,2018-02-06 13:47:48,68,0,雪落霜星,6,1,2759386,7,森林贤王,OVERLORD
他一定是装的不可能这么弱,2019-07-09 12:35:16,173,0,了49了,6,1,2759386,7,森林贤王,OVERLORD
精辟中的精辟[喜极而泣][喜极而泣][喜极而泣],2020-02-01 19:34:44,41,0,Nana--Qi,6,1,2759386,7,森林贤王,OVERLORD
秒懂,2021-04-21 10:52:21,2,0,小时清清u,3,1,2759386,7,森林贤王,OVERLORD
可能是主角平常接触的都是游戏战力排行榜前一百的猛人[doge],2021-06-02 19:49:31,36,0,o-O-o-oO-o,5,1,2759386,7,森林贤王,OVERLORD
回复 @o-O-o-oO-o :毕竟他只是一个辅助 是他们工会战斗力最弱的一个,2021-06-06 23:24:55,8,0,JACT青雨,5,1,2759386,7,森林贤王,OVERLORD
回复 @JACT青雨 :最弱不至于，大概中上,2021-06-29 01:17:42,23,0,我觉得-海星,6,1,2759386,7,森林贤王,OVERLORD
回复 @JACT青雨 :第9,2021-07-25 05:11:35,11,0,账号已注销,0,1,2759386,7,森林贤王,OVERLORD
男主唯一的敌人就是进度条君,2015-08-26 11:09:18,16456,94,您所拨打打的电话,6,0,2802736,8,致命双剑,OVERLORD
说的对ヽ(`Д´)ﾉ,2015-08-26 11:23:39,105,0,Jasen至森,5,1,2802736,8,致命双剑,OVERLORD
十几分钟根本不够我装阿,2015-08-26 17:56:26,517,0,bili_15165256551,5,1,2802736,8,致命双剑,OVERLORD
比泡面番还泡面番的泡面番……话说我调料袋都还没撕呢(;¬_¬),2015-08-26 19:20:38,469,0,模拟原型机,6,1,2802736,8,致命双剑,OVERLORD
必须点赞！,2015-08-26 19:39:39,25,0,乐而悠哉的少年②,6,1,2802736,8,致命双剑,OVERLORD
22333,2015-08-26 19:51:00,12,0,emilia是我老婆,6,1,2802736,8,致命双剑,OVERLORD
说的很有道理我竟无言以对,2015-08-26 20:09:49,36,0,不死的诚哥,6,1,2802736,8,致命双剑,OVERLORD
好有道理。。。,2015-08-26 22:34:17,10,0,KONダイスキ,6,1,2802736,8,致命双剑,OVERLORD
秒！   实在是秒！,2015-08-26 22:38:11,8,0,np舍不得,6,1,2802736,8,致命双剑,OVERLORD
666666,2015-08-26 23:03:53,4,0,G弦上の恶魔,5,1,2802736,8,致命双剑,OVERLORD
喝水番(´･_･`),2015-08-27 00:35:09,6,0,MAMUS,6,1,2802736,8,致命双剑,OVERLORD
尿尿番才是太短了,2015-08-27 10:43:59,3,0,谜之恶魔S,6,1,2802736,8,致命双剑,OVERLORD
我竟无言以对,2015-08-27 11:07:03,2,0,来自火星的汪星人,6,1,2802736,8,致命双剑,OVERLORD
第1000赞路过(｀・ω・´),2015-08-27 16:10:19,3,0,Eaken,6,1,2802736,8,致命双剑,OVERLORD
回复 @文化部动漫稽查大队：尿尿番……→_→你确定不是肾虚,2015-08-27 19:23:09,6,0,爱无际涯,6,1,2802736,8,致命双剑,OVERLORD
(..ಠಎಠ..)赞同,2015-08-27 22:36:37,3,0,丘山士,6,1,2802736,8,致命双剑,OVERLORD
实在说的太对了,2015-08-28 14:34:17,3,0,地瓜干不太脆,6,1,2802736,8,致命双剑,OVERLORD
说的我竟无言以对(=・ω・=),2015-08-28 17:12:58,2,0,路人演员甲,6,1,2802736,8,致命双剑,OVERLORD
小心打脸，小说党表示，就是站在那里的随从就有好几个能打得过男主的。(●￣(ｴ)￣●),2015-08-28 18:02:41,16,0,你好啊真厉害,6,1,2802736,8,致命双剑,OVERLORD
说得好（￣▽￣）,2015-08-28 19:23:23,3,0,_以绅士之名_,6,1,2802736,8,致命双剑,OVERLORD
回复 @中二深井冰:什么随处。。。,2015-08-28 20:54:59,1,0,沙耶彡呗,6,1,2802736,8,致命双剑,OVERLORD
主角其实是没有装逼意识的，然后他打了一架，想明白了：哦，原来我很强。于是又打了一架：卧槽，原来我这么强，又又打了一架：我勒个去，原来我已经吊炸天了……,2015-08-26 22:44:42,3905,10,healwhere,6,0,2802736,8,致命双剑,OVERLORD
加一..........,2015-08-26 23:41:15,1,0,洛-墨言,6,1,2802736,8,致命双剑,OVERLORD
666666666,2015-08-27 16:59:43,2,0,安家蠢爹,6,1,2802736,8,致命双剑,OVERLORD
(｀・ω・´)就是这个道理,2015-08-27 23:46:36,2,0,稚冰莲,6,1,2802736,8,致命双剑,OVERLORD
男主下一场架就要被打脸了…安兹不久就会意识到自己还是不够谨慎,2015-08-29 22:31:49,474,0,魂5ODLI,6,1,2802736,8,致命双剑,OVERLORD
(｀・ω・´),2015-08-30 13:14:15,7,0,lucypolommy,5,1,2802736,8,致命双剑,OVERLORD
回复 @暴米花用户:下一场也是完全意义上的失误→_→坐等男主被打脸,2015-09-01 20:53:43,111,0,无名老D,6,1,2802736,8,致命双剑,OVERLORD
这已经接近傻瓜了,2016-11-11 17:45:51,1,0,四季の旋律,6,1,2802736,8,致命双剑,OVERLORD
点赞数量1234[热词系列_妙啊],2020-06-21 19:54:04,3,0,秋梨膏qlg,5,1,2802736,8,致命双剑,OVERLORD
为啥这番装逼一点也不让人反感反而充满喜感呢，因为正常的套路都是：卧槽，敌人这么强，让开，我要开挂了的龙傲天流，而这番的套路是：卧槽，来敌人了，你们快上，卧槽，原来敌军这么弱，你们都让开，这波我来的猥琐流。,2015-09-01 23:22:37,17042,112,带着哈士奇环游世界,6,0,2846101,9,漆黑的剑士,OVERLORD
骨头王说要找你谈谈,2015-09-01 23:24:09,782,0,800菌,6,1,2846101,9,漆黑的剑士,OVERLORD
请你来纳萨力克喝杯“茶”(°∀°)ﾉ,2015-09-01 23:28:38,451,0,Initial一Y01,6,1,2846101,9,漆黑的剑士,OVERLORD
233333333,2015-09-02 00:03:54,72,0,无声海豚,3,1,2846101,9,漆黑的剑士,OVERLORD
慢慢的装B  (´∇ﾉ｀*)ノ,2015-09-02 00:04:03,62,0,丨ALCATRAZ,6,1,2846101,9,漆黑的剑士,OVERLORD
明明是骨傲天！龙傲天是司波大爷！(･∀･),2015-09-02 00:35:29,170,0,欧阳若兰,6,1,2846101,9,漆黑的剑士,OVERLORD
除了敌人太弱，一切都在我的预测之中,2015-09-02 06:15:36,1178,0,新日,6,1,2846101,9,漆黑的剑士,OVERLORD
方锐魏琛叶不羞要和你谈谈。,2015-09-02 17:57:15,57,0,Asteriatella,6,1,2846101,9,漆黑的剑士,OVERLORD
回复 @ZRY1:有那么反感么´&amp;lt;_`,2015-09-02 20:22:19,28,0,汪汪队投大稿,6,1,2846101,9,漆黑的剑士,OVERLORD
恐怖公的小屋邀请你去玩玩,2015-09-03 00:51:00,40,0,小说新番都在追,6,1,2846101,9,漆黑的剑士,OVERLORD
好像就是这个感觉！,2015-09-03 01:38:07,13,0,在月球的某罗马市民,5,1,2846101,9,漆黑的剑士,OVERLORD
"回复 @The Planet Uranus :娜贝（对着某人类）：恶心的低等生物（蟑螂），给我闭上你的嘴，信不信我用勺子把你的眼珠挖出来
恐怖公：才没有被伤到呢……才没有……",2015-09-03 22:19:58,75,0,魂5ODLI,6,1,2846101,9,漆黑的剑士,OVERLORD
你这个ID配合头像真是。。。,2015-09-04 10:04:54,4,0,折木很忙,6,1,2846101,9,漆黑的剑士,OVERLORD
非常标准的一个赞,2015-09-07 00:40:48,1,0,桂雏菊的行动纲领,6,1,2846101,9,漆黑的剑士,OVERLORD
解说6666666,2015-09-07 22:13:10,6,0,是Huiyi,5,1,2846101,9,漆黑的剑士,OVERLORD
回复 @暴米花用户:老菊表示我已经报警了,2015-09-07 23:19:08,4,0,-五更-琉璃-,6,1,2846101,9,漆黑的剑士,OVERLORD
回复 @守护者总管雅儿贝德:233333,2015-09-08 11:40:26,0,0,三余季,6,1,2846101,9,漆黑的剑士,OVERLORD
（￣▽￣）,2015-09-08 17:49:42,0,0,永远的新番,6,1,2846101,9,漆黑的剑士,OVERLORD
"回复 @vxzykvdyb:他的头像6666
我快笑死了",2015-09-08 20:03:44,4,0,拔丝月饼,6,1,2846101,9,漆黑的剑士,OVERLORD
回复 @冷幽冥鬼火:因为那样的设定看太多了反而觉得厌烦，这番的设定给人眼前一亮的感觉吧,2015-09-08 20:32:48,8,0,Welkintrap,6,1,2846101,9,漆黑的剑士,OVERLORD
除了敌人太弱，一切都在我的预测之中,2015-09-08 21:41:37,16,0,卡尔Carle,5,1,2846101,9,漆黑的剑士,OVERLORD
"63级战斗女仆 VS 30级死灵法师&amp;amp;骨龙
100级死之王 VS 30级女盗贼

死灵法师：你知道什么是强者吗
战斗女仆：我只知道你是虫子
女盗贼：不拿出全力，你就死定了
死之王：我绝不会出全力，你放心好了

那么问题来了：到底谁在装逼？",2015-09-02 02:38:40,2831,26,松岡梨沙,6,0,2846101,9,漆黑的剑士,OVERLORD
6666666(^・ω・^ )(^・ω・^ ),2015-09-02 03:15:29,2,0,张莫西,6,1,2846101,9,漆黑的剑士,OVERLORD
666666,2015-09-02 04:13:11,9,0,相思病有所好转,6,1,2846101,9,漆黑的剑士,OVERLORD
回复 @m·禍 :人类哪里有能打败骨龙的？？灭国不是人，帝国大法师也活了200多年算人么？苍蔷薇老婆婆，作为13英雄也活了几百年，算人么？,2015-09-02 08:44:03,14,0,卫宫银鼬,6,1,2846101,9,漆黑的剑士,OVERLORD
"回复 @m·禍 :福尔达也没法干掉古龙, 他只有到第六阶为止",2015-09-02 09:37:25,12,0,重力め,6,1,2846101,9,漆黑的剑士,OVERLORD
骨龙就只能对魔法吟唱者了，秘银以上的战士厉害一点小队都搞得定,2016-02-15 03:04:53,103,0,bili_4226105,6,1,2846101,9,漆黑的剑士,OVERLORD
虫豸 从未被真正消灭过！,2018-08-16 20:05:54,10,0,--木已沉舟--,6,1,2846101,9,漆黑的剑士,OVERLORD
克制魔法不是魔法师。打不了不会用创造魔法？,2020-03-28 20:18:37,1,0,大老金的希望,6,1,2846101,9,漆黑的剑士,OVERLORD
回复 @大老金的希望 :这个第十卷提及，通常能够习得的魔法数量有限。用一般的方法，一个等级只能学会三个魔法，二十级的人就是六十个魔法。因为大多数土著都是学习攻击魔法，所以绝大多数土著魔法吟唱者不像玩家有着广泛的应对范围。,2020-07-12 21:32:43,29,0,账号已注销,0,1,2846101,9,漆黑的剑士,OVERLORD
"之前热评上的，现在被删了。我帮他再发一遍。


前5000.(｀・ω・´)
另外稍微对没有看过小说的科普一下夏尔提叛变的原因

夏尔提奉安兹的命令去城镇寻找没什么价值的人，就是那种突然消失也不会引起他人注意的人。之后夏尔提单手指刷完盗贼窟返回纳萨利克的路上碰上了教国的人，觉得碍眼就打算顺带一起消灭了(°∀°)ﾉ

然而教国那批人里面有一个持有世界级道具“倾国倾城”的老太太，看名字就知道效果，再加上世界级，足以魅惑任何生物，包括对DEBUFF免疫的吸血鬼。╮(￣▽￣)╭

再然后，夏尔提就在不情愿中逐渐失去了自我

但再怎么说夏尔提也是百级NPC，教国那帮人没有办法控制，只能把失去自我的夏尔提丢在了野外。于是就刷出了一个百级野外BOSS(｀・ω・´)",2015-09-09 00:08:54,10329,160,被命名用户,6,0,2881590,10,真祖,OVERLORD
继续中出一个,2015-09-09 00:10:28,65,0,艾妅啊,5,1,2881590,10,真祖,OVERLORD
还有一点就是，夏提雅杀杂兵杀的太多，已经进入血之狂乱的模式了...双重DEBUFF...,2015-09-09 00:12:32,999,0,倒立震惊的白魔,6,1,2881590,10,真祖,OVERLORD
还有，夏尔提在觉着自己可能要被控制的情况下，发动如同上面动画片所展示的技能，是指向性的技能！记住，是指向性！！！！,2015-09-09 00:15:36,347,0,雅诗丶韩,5,1,2881590,10,真祖,OVERLORD
顶上去..,2015-09-09 00:16:34,40,0,才不会Q歪来,6,1,2881590,10,真祖,OVERLORD
不是无法控制，是控制的人被夏提雅杀了，夏提雅就成了待机状态，只会本能自卫，虽然会思考会说话,2015-09-09 00:18:48,478,0,懒皮,6,1,2881590,10,真祖,OVERLORD
补充一句，老太太是为了安子跑出来的，因为之前安子拍灭了教国的鶸们。,2015-09-09 00:20:30,123,0,懒懒の小风,5,1,2881590,10,真祖,OVERLORD
回复 @懒皮 :神志清醒，无敌对目标时不主动出击，和待机还是有点区别的。顺便我记得精神控制是被抗住了，虽然老太太的确被最后一枪干挺了。,2015-09-09 00:22:11,141,0,懒懒の小风,5,1,2881590,10,真祖,OVERLORD
回复 @懒皮：,2015-09-09 00:23:43,8,0,NicoMed,6,1,2881590,10,真祖,OVERLORD
回复 @懒懒の小风:也就是变黄名怪了是吧,2015-09-09 00:27:03,21,0,真琴大天使prprpr,6,1,2881590,10,真祖,OVERLORD
是夏提雅被控制前预料到了自己将要被控制，所以在最后时期投出了滴管神枪，击杀了敌方两个大将包括“倾国倾城”使用者，但是使用者在死前并没有下达任何指令，所以出现了一个盲目NPC的状态,2015-09-09 00:29:34,190,0,BBA紫,6,1,2881590,10,真祖,OVERLORD
流量表示要不要装逼@ω@,2015-09-09 00:29:34,4,0,爱吃米饭的小泉花阳,6,1,2881590,10,真祖,OVERLORD
怎么搞得，前面热评都没了。。。。,2015-09-09 00:30:30,8,0,不知味,6,1,2881590,10,真祖,OVERLORD
多谢科普菌   不过我的哥特式萝莉啊(T_T),2015-09-09 00:31:00,8,0,迪昂-德鲍蒙,6,1,2881590,10,真祖,OVERLORD
多谢科普君(๑•́₃ •̀๑),2015-09-09 00:37:20,4,0,Slightlyfat,6,1,2881590,10,真祖,OVERLORD
后来让安兹用金币复活了。。。。,2015-09-09 00:43:19,23,0,不扶南墙,5,1,2881590,10,真祖,OVERLORD
。。。金币什么鬼,2015-09-09 00:53:29,8,0,墨名七喵,6,1,2881590,10,真祖,OVERLORD
不是没办法控制，是在被控制瞬间感觉到不对劲，丢了1发大击杀了放控制的老太，结果控制者死亡，失去了控制者，变成无主中立怪，另外那下攻击带免疫低级治疗诅咒效果，老太队无法治疗，又不敢动夏提亚，失去主力的漆黑盛典只好丢下夏提亚撤退了,2015-09-09 00:55:51,76,0,天坠のSirrah,6,1,2881590,10,真祖,OVERLORD
回复 @红莲の夜火:花了有个几亿吧。。复活npc真费钱。。,2015-09-09 00:57:22,21,0,無恥之徒,6,1,2881590,10,真祖,OVERLORD
而且那两只吸血鬼新娘是夏缇亚的泄欲工具。。我至今没明白怎么用的,2015-09-09 00:58:28,49,0,無恥之徒,6,1,2881590,10,真祖,OVERLORD
回复 @無恥之徒:你就当召唤兽吧，没了找个人又可以生成，眷属，有数量限制而已,2015-09-09 01:00:53,16,0,红猫耳,6,1,2881590,10,真祖,OVERLORD
我……呕……永远……呕……喜欢夏……呕……提雅……呕……就算是七……呕……鳃鳗我也……呕……永远喜……呕……欢，我的萝……呕……莉控是不会……呕……就这么……呕……治好的……呕……我永远……呕……支持……呕……夏提雅……呕,2018-10-15 12:17:57,4685,49,404Not_found_,6,0,2881590,10,真祖,OVERLORD
大兄弟我支持你,2019-02-16 15:32:11,96,0,墨幽-虚,6,1,2881590,10,真祖,OVERLORD
我居然完整读了一遍,2019-06-22 11:55:34,60,0,黄王-灭门行动,6,1,2881590,10,真祖,OVERLORD
。。。呕！我会尽量。。。呕！。。克服。。。呕！的。。。但愿。。呕！我可以。。。呕！做到。。。呕！,2020-03-08 14:34:55,190,0,妖刀雪语,3,1,2881590,10,真祖,OVERLORD
xswl,2020-04-08 22:53:19,6,0,绿豆糕老冰棒,5,1,2881590,10,真祖,OVERLORD
[doge][妙啊][doge][妙啊][妙啊],2020-04-15 12:34:18,2,0,度春秋yu,5,1,2881590,10,真祖,OVERLORD
老八后遗症[doge][doge][doge],2020-05-06 19:02:55,26,0,山-吹-色-波-纹-疾-走,5,1,2881590,10,真祖,OVERLORD
支持你哦,2020-05-06 21:06:55,7,0,人偶こころ,6,1,2881590,10,真祖,OVERLORD
你在吃黑蒜吗,2020-07-21 09:09:26,39,0,爆炒咕咕鸡,6,1,2881590,10,真祖,OVERLORD
潘朵拉很萌的，你们不要黑他，然而是个中二。他可以变成任意至尊和NPC，并且保留百分之八十的实力。在智商上的设定也是大坟墓里最高的，然而是个中二。抛开雅儿贝德的妹妹那个BUG。潘朵拉可以说是整个坟墓里SOLO战力最强，智力最高，安子可是把他当作最后王牌的，然而是个中二。,2015-09-16 19:37:16,8635,108,千枝oo,6,0,2911931,11,混乱与把握,OVERLORD
然而是个中二╮(￣▽￣)╭,2015-09-16 19:50:54,486,0,ETI_647,6,1,2911931,11,混乱与把握,OVERLORD
(^・ω・^ )然而是个中二,2015-09-16 19:57:02,250,0,稚冰莲,6,1,2911931,11,混乱与把握,OVERLORD
然而是个中二,2015-09-16 20:04:41,173,0,那夜的凌乱,6,1,2911931,11,混乱与把握,OVERLORD
然而是个中二,2015-09-16 20:15:11,76,0,Wilhelm-T,6,1,2911931,11,混乱与把握,OVERLORD
然而是个中二（￣▽￣）,2015-09-16 20:15:57,55,0,Maze科技有限公司,6,1,2911931,11,混乱与把握,OVERLORD
 然而是个中二(^・ω・^ ),2015-09-16 20:56:38,49,0,零度崩坏,6,1,2911931,11,混乱与把握,OVERLORD
然而七楼也是个中二～(￣▽￣～)~,2015-09-16 22:07:14,34,0,是琴琴不是晴晴,5,1,2911931,11,混乱与把握,OVERLORD
那个谁的妹妹到底是个虾米东东  没看过小说不了解  好像很厉害的,2015-09-17 03:57:32,31,0,骅稽,6,1,2911931,11,混乱与把握,OVERLORD
回复 @funok:有贴吧人去作者推特问大坟墓谁最强，作者亲点雅儿妹妹卢贝多最强,2015-09-17 06:47:04,88,0,齐静春随我喵喵叫,6,1,2911931,11,混乱与把握,OVERLORD
回复 @裆的干部:她们是三姐妹吗……话说妹妹卢贝卡为啥那么不受大姐待见,2015-09-17 13:46:38,15,0,巡山的奥利奥,6,1,2911931,11,混乱与把握,OVERLORD
然而是个中二,2015-09-22 21:13:12,1,0,永远是深夜该有多好,6,1,2911931,11,混乱与把握,OVERLORD
回复 @巡山的奥利奥:卢贝卡是以前游戏里一个大boss，被安兹一行人打败了复活变成npc的，给设定的是雅儿贝德的创造者所以是三姐妹。但不怎么忠于纳撒力克,2019-06-19 15:47:57,108,0,那个幻凌,6,1,2911931,11,混乱与把握,OVERLORD
回复 @老幻凌 :你确定？,2019-07-11 02:37:21,3,0,你吃了煤,6,1,2911931,11,混乱与把握,OVERLORD
回复 @老幻凌 :不是呦,2019-07-14 23:58:06,1,0,危乙雪楼,5,1,2911931,11,混乱与把握,OVERLORD
回复 @遗忘隧枫 :露贝德，纳萨力克最强战力,2019-08-13 14:43:18,15,0,蔺川泷之介,6,1,2911931,11,混乱与把握,OVERLORD
然而是个中二(〜￣△￣)〜,2019-08-30 13:42:50,5,0,啊是这样的呢,6,1,2911931,11,混乱与把握,OVERLORD
然而是个中二,2019-11-08 19:26:54,2,0,虐猫的薛定谔,6,1,2911931,11,混乱与把握,OVERLORD
地主家的傻儿子[滑稽],2019-12-06 14:29:00,9,0,审判者的法则,6,1,2911931,11,混乱与把握,OVERLORD
谁会黑这么真实的帅气太子呢,2020-01-02 01:13:26,9,0,leve楚闲,6,1,2911931,11,混乱与把握,OVERLORD
冈仑：可惜是个女的。,2020-02-24 18:10:26,2,0,别刷视频啦_,6,1,2911931,11,混乱与把握,OVERLORD
"动画党喷进度慢得飞起
小说党喷进度跳得飞起

动画制作人真苦逼，里外不是人，哈哈。",2015-09-15 23:23:29,13320,46,冷酷无情康纳碳,6,0,2911931,11,混乱与把握,OVERLORD
说白了没有经费,2015-09-15 23:34:14,61,0,我都30多了,6,1,2911931,11,混乱与把握,OVERLORD
一堆人就只是为了看装13，对于战斗前的铺垫和对设定的解说都是动画党喷的对象（汗）,2015-09-15 23:51:20,616,0,30-大魔法师,6,1,2911931,11,混乱与把握,OVERLORD
回复 @哔哩哔哩次元宅 :╮(￣▽￣)╭然后小说党又完全不去注意动画篇幅，各种喊删。,2015-09-15 23:54:37,201,0,RoachofGeralt,6,1,2911931,11,混乱与把握,OVERLORD
回复 @那些繁華往事 :不是到了中国才火，去 名作之壁吧  看销量相关的帖子吧。小说一开始确实人气不高，但是在逐渐升温，在动画播出后，人气和销量都得到进一步提升。没记错的话，在某些销量榜单上早已排到第二的位置。,2015-09-16 10:03:34,87,0,卫宫银鼬,6,1,2911931,11,混乱与把握,OVERLORD
回复 @那些繁華往事 :关于7月新番《OVERLORD》的新闻这个月可谓是络绎不绝，这部奇幻作品一经动画化便在粉丝中掀起轩然大波，带动原作小说销量攀升更是令人称奇。根据最新的数据统计，目前9部小说均排名日本亚马逊实时销量前50。,2015-09-16 10:28:40,53,0,神秘轩,6,1,2911931,11,混乱与把握,OVERLORD
半年番的话估计跳的不会很严重，不过这进度也算良心了┑(￣Д ￣)┍,2015-09-16 11:08:16,19,0,世界毁灭吧,6,1,2911931,11,混乱与把握,OVERLORD
（￣▽￣）→_→(╯°口°)╯(┴—┴,2015-09-16 12:13:53,4,0,咖菲S,6,1,2911931,11,混乱与把握,OVERLORD
"回复 @那些繁華往事 :小說在動畫開播前銷量60w,現在150w了
不温不火?",2015-09-16 13:47:14,15,0,scanfdname,6,1,2911931,11,混乱与把握,OVERLORD
"光辉翠绿体
飞行
魔法咏唱者之祝福
无限障壁
魔法结界·神圣
生命精髓
高阶全属性强化
自由
虚假情报·生命
看穿
超常直觉
高阶抵抗力强化
混沌披风
不屈
感知增幅
高阶幸运
魔法增幅
龙之力
高阶硬化
天界灵气
吸收
穿透力强化
高阶魔法盾
魔力精髓
魔法三重最强化·爆击地雷
魔法三重化·高阶魔法封印
魔法三重最强位阶上升化·魔法箭",2018-03-30 02:44:57,9031,66,冷大善人,6,0,2942610,12,鲜血的女武神,OVERLORD
打破惨案,2019-04-22 23:31:28,8,0,寒汀孤棹,6,1,2942610,12,鲜血的女武神,OVERLORD
"我。。。这～
(ﾟДﾟ≡ﾟдﾟ)!?",2019-04-22 23:45:25,11,0,冷大善人,6,1,2942610,12,鲜血的女武神,OVERLORD
魔法三重化·高阶滑稽,2019-05-26 22:14:17,25,0,掉面大仙,6,1,2942610,12,鲜血的女武神,OVERLORD
爱你,2019-05-28 12:33:35,5,0,坏的很单纯的大可乐,6,1,2942610,12,鲜血的女武神,OVERLORD
还有主角光环和不死buff[大笑],2019-08-20 00:54:27,14,0,六一班小学僧,5,1,2942610,12,鲜血的女武神,OVERLORD
最后三个不是buff，暴击地雷是陷阱魔法，魔法封印和魔法箭是把魔法箭封印起来，然后需要时解放。剧中为了应对夏提雅的突袭，老骨先放了骸骨障壁，在障壁被破的瞬间解放魔法箭的封印，打了夏提雅一个措手不及。,2019-09-11 17:11:29,76,0,黑の歌利亚斯,6,1,2942610,12,鲜血的女武神,OVERLORD
"守护徽章
缓慢恢复
虚祖皇家强体密药
武器祝福
天使祝福
天籁之音
荣誉祝福
风之气息
光之兵刃
烈日光辉
圣光十字
光之复仇
圣光守护
刀魂卡赞
侵蚀普戾蒙
瘟疫罗刹
冰霜撒亚
暗夜降临
鬼神诏令
自动格挡
破极兵刃
流心   狂
不屈意志
跃翔
顶级力量
精神刺激
超速药水
斗神之吼
锐眼药剂
邪恶药剂
马奶酒
食人魔药剂
霸体护甲药水
胜利之光药剂
防御药水
顶级生命
顶级魔力
虚祖皇家能量密药
黄金羊毛
强韧能量药剂
蛋糕
神灵庇佑",2019-09-15 13:34:40,624,0,爱的战士---虚渊玄,6,1,2942610,12,鲜血的女武神,OVERLORD
超位魔法，天空坠落[吃瓜]受死吧楼主,2019-09-21 13:38:17,32,0,烟雨楼中忆红尘,6,1,2942610,12,鲜血的女武神,OVERLORD
回复 @盖世无双楚公子 :建议看原文哦[滑稽],2019-10-12 21:31:32,5,0,黑の歌利亚斯,6,1,2942610,12,鲜血的女武神,OVERLORD
好看,2019-11-10 23:22:19,3,0,爱丽速子的小豚鼠,5,1,2942610,12,鲜血的女武神,OVERLORD
回复 @焦糖味的王水 :啊哈[蛆音娘_疑问],2019-11-11 12:45:34,1,0,冷大善人,6,1,2942610,12,鲜血的女武神,OVERLORD
"奥术智慧
战斗怒吼
真言术：韧
野性印记
强效王者祝福
强效智慧祝福
自由祝福
奥术强化
冰川血脉
巫妖之躯
冰封之韧
复仇之怒
救赎
神圣化身
虚空形态
超凡之盟
圣言术：赎
缓落术
漂浮术
星界转移
神圣复仇者
远古列王守卫
宿敌
炽热防御者
盾墙
保护祝福
虔诚光环
牺牲光环
不屈抑制
命运多舛
阿克蒙德之黑暗
基尔加丹之狡诈
玛诺勒斯之狂怒
打不过就无敌炉石",2019-12-25 09:05:32,143,0,达拉然的露露缇雅,6,1,2942610,12,鲜血的女武神,OVERLORD
27个BUFF[滑稽],2020-01-14 16:09:35,3,0,AAA洛普斯批发,6,1,2942610,12,鲜血的女武神,OVERLORD
回复 @爱的战士---虚渊玄 :阿婆克烈,2020-01-27 22:26:08,10,0,白给の零,6,1,2942610,12,鲜血的女武神,OVERLORD
回复 @达拉然的露露缇雅 :炉石好评,2020-02-07 23:17:10,0,0,琉德米拉-露利叶,6,1,2942610,12,鲜血的女武神,OVERLORD
回复 @狱魂舞 :啊。。。。这是魔兽。。。,2020-02-07 23:40:32,0,0,达拉然的露露缇雅,6,1,2942610,12,鲜血的女武神,OVERLORD
回复 @达拉然的露露缇雅 :无敌炉石不要脸了啊！,2020-02-23 04:04:53,0,0,小蝶健身教练,3,1,2942610,12,鲜血的女武神,OVERLORD
都是垃圾，我一招足矣：白嫖！,2020-03-04 13:41:30,2,0,Technobladess,5,1,2942610,12,鲜血的女武神,OVERLORD
回复 @狮子听雨 :全是渣渣，双开启动！游客登录。。。对照，播放～切回。。。故技重施[doge],2020-03-04 13:45:07,3,0,冷大善人,6,1,2942610,12,鲜血的女武神,OVERLORD
像极了泰拉瑞亚开荒打月总时的你,2020-04-01 04:57:33,3,0,RhythmTO,6,1,2942610,12,鲜血的女武神,OVERLORD
一开始不知道熊出没的反派为什么叫光头强，后来看到了琦玉和骨傲天才知道，光头确实强,2017-06-23 10:51:41,11467,100,MagoRui,6,0,2942610,12,鲜血的女武神,OVERLORD
打破近两年残案,2019-06-02 22:47:59,48,0,仿生猿皮会梦见电子鸡,6,1,2942610,12,鲜血的女武神,OVERLORD
打破整整两年惨案。[大笑],2019-06-23 21:20:37,124,0,清影ya_,6,1,2942610,12,鲜血的女武神,OVERLORD
惨不忍睹,2019-07-26 07:49:11,4,0,圣锤之毅是信仰,5,1,2942610,12,鲜血的女武神,OVERLORD
太惨了,2019-07-30 19:37:18,4,0,PotentialMan,6,1,2942610,12,鲜血的女武神,OVERLORD
惨无人道,2019-10-02 12:59:02,6,0,黑木侄子,6,1,2942610,12,鲜血的女武神,OVERLORD
挖开时隔两年的坟,2019-10-04 11:24:24,9,0,账号已注销,0,1,2942610,12,鲜血的女武神,OVERLORD
惨绝人寰,2019-10-07 15:48:24,2,0,永远喜欢艾莉丝喵,6,1,2942610,12,鲜血的女武神,OVERLORD
好惨。,2019-10-12 17:07:13,2,0,初春的狼,6,1,2942610,12,鲜血的女武神,OVERLORD
"上聯：用錢砸死
下聯：用錢砸活

橫批：壕無人性",2015-09-30 14:15:17,45082,131,奔塵,6,0,2975135,13,PVN,OVERLORD
你赢了(=・ω・=),2015-09-30 15:12:24,223,0,元気Cat,6,1,2975135,13,PVN,OVERLORD
说得好有道理,2015-10-01 08:41:57,225,0,沉石流,6,1,2975135,13,PVN,OVERLORD
横批，有钱任性,2016-03-24 01:02:04,558,0,-格末呢喃,6,1,2975135,13,PVN,OVERLORD
简直无法反驳！,2017-04-12 01:22:14,48,0,鸿蒙道人,6,1,2975135,13,PVN,OVERLORD
972/6惨案,2018-10-28 19:03:19,20,0,西行寺幼yo子,5,1,2975135,13,PVN,OVERLORD
666,2019-02-08 19:50:26,12,0,樱之梦喵,6,1,2975135,13,PVN,OVERLORD
赞2333不忍心点下去（滑稽）,2019-02-15 13:15:27,15,0,LV皮蛋,5,1,2975135,13,PVN,OVERLORD
证明了没有什么是充钱解决不了的游戏,2019-02-15 16:33:02,47,0,硬灌你吃香菜,5,1,2975135,13,PVN,OVERLORD
非常有道理,2019-02-17 11:53:56,8,0,RVP杀神,5,1,2975135,13,PVN,OVERLORD
终于知道游戏为什么关了，因为氪金和平民差距过大,2019-02-18 21:54:26,155,0,豉汁蒸番石榴,6,1,2975135,13,PVN,OVERLORD
回复 @子衿日 :大哥，动漫不用这么认真吧´_&gt;`,2019-02-25 06:25:45,9,0,失吉忽图忽,6,1,2975135,13,PVN,OVERLORD
"回复 @子衿日 :我的意思是課這麼多金真是嚇人( ´_ゝ｀)
他的意思是我們沒有在討論人性( ´_ゝ｀)
你的意思是沒有在討論不意味不是在討論( ´_ゝ｀)
我覺得這個已經不能用觀點不同來解釋了",2019-02-25 18:30:44,15,0,奔塵,6,1,2975135,13,PVN,OVERLORD
子曰：你说的对。,2019-04-04 13:06:47,6,0,飞翔的小喵喵,6,1,2975135,13,PVN,OVERLORD
一语惊醒梦中人,2019-05-21 01:57:39,7,0,陆游丶耶格尔,6,1,2975135,13,PVN,OVERLORD
钞能力,2019-06-07 07:27:33,5,0,果茶汐,5,1,2975135,13,PVN,OVERLORD
回复 @子衿日 :中二病得治,2019-06-12 06:01:54,1,0,春_日野-穹,5,1,2975135,13,PVN,OVERLORD
真实[滑稽],2019-06-17 17:46:26,2,0,热心市民嗣某,6,1,2975135,13,PVN,OVERLORD
横批：你不氪金怎么变强？,2019-07-02 14:45:11,15,0,夜落寻,6,1,2975135,13,PVN,OVERLORD
为什么以前没有这评论 然后是谁翻上来的？！！我要找到你这个秀儿 然后活活打死！没有钱拿鸡儿去氪金,2019-07-05 19:16:01,9,0,LnNc星空,5,1,2975135,13,PVN,OVERLORD
流弊,2019-07-21 21:19:47,1,0,亲爱的皮神魔,5,1,2975135,13,PVN,OVERLORD
"恩。3467L是代表我们绿字解说三人组所写的一个结语。
但除此之外还有些话，我觉得不吐不快，尤其是看到上面这个结语之后。这些话作为一个科普君也许不适合说，平时绊酱肯定会拉住我的吧233不过这一次想任性一下，所以，就让我仅代表我个人，而不是我们三人组，写一点东西。
因为是冲动之下的行为，思维可能有点乱，还请见谅。

这一次我们选择的《overlord》会这么红，实在是出乎我的意料，搞得我们这些做科普的鸡犬也小小的出了点名声，就好比我，有次随意和妹妹的动漫社里的好友说了自己是绿字君之一，居然那个动漫社的Q群里不少的人说来膜拜科普君。前两天大学的室友知道我在做科普的时候也开玩笑说我这是在造福人类。这些对我以及我们三人组而言是一种极大肯定。
非常感谢各位，谢谢。",2015-09-30 01:34:02,29838,546,小剑FOX,6,0,2975135,13,PVN,OVERLORD
负能量倒计时5,2015-09-30 01:34:19,496,0,小剑FOX,6,1,2975135,13,PVN,OVERLORD
负能量倒计时4,2015-09-30 01:34:25,496,0,小剑FOX,6,1,2975135,13,PVN,OVERLORD
负能量倒计时3,2015-09-30 01:34:32,496,0,小剑FOX,6,1,2975135,13,PVN,OVERLORD
负能量倒计时2,2015-09-30 01:34:54,494,0,小剑FOX,6,1,2975135,13,PVN,OVERLORD
负能量倒计时1,2015-09-30 01:35:36,494,0,小剑FOX,6,1,2975135,13,PVN,OVERLORD
科普菌好厉害看过小说都没觉得有这么详细╮(￣▽￣)╭,2015-09-30 01:35:46,189,0,涅普基雅爱你呦,5,1,2975135,13,PVN,OVERLORD
bomb（￣▽￣）,2015-09-30 01:36:46,33,0,翔宇ALTER,5,1,2975135,13,PVN,OVERLORD
"很可惜，任何一件事都不可能让所有人满意，科普也是。有很多感谢我们支持我们的人，便也会有抵触我们指责我们的人，其实过去一年多来这类人不少，只是也许《overlord》的高人气而把这个问题放大了吧。
对于抵触，从最初的最初，我就介绍过可以在弹幕槽中屏蔽我们三人（由于绊酱很少上一线所以其实只要屏蔽我和卡卡就够了），然而这么简单的行为还不愿意做，继续要说科普很碍眼什么的，我只能说你高兴就好╮(╯_╰)╭嘛，毕竟无关痛痒，所以就随意了。
而对于指责，同样在很早以前我就说过，如果是认真提供建议的人，我们甘之如饴；如果是恶意找茬的人，请你滚蛋。
其实仅对《overlord》而言，我们就做了不小的转变：从前我们喜欢在补完剧情和设定的同时适当加入一些我们对于剧情的主观理解，来方便观众理解一些比较复杂的情报；而现在，我们选择放弃掉主观理解的部分，更多在补全设定的同时简单进行吐槽。这样调整风格是希望能迎合作品及观众的整体氛围，如果各位体会不到其中区别的话，可以考虑去看下《亚尔斯兰战记》的前几话，大概就能理解了。",2015-09-30 01:36:48,1968,0,小剑FOX,6,1,2975135,13,PVN,OVERLORD
