content,rate,rate_label,time,user_name,subject_id,anime_title,anime_rank,anime_score
了不起的作品,9,神作,20h 57m  ago,杨,326,攻壳机动队 S.A.C. 2nd GIG,1,9.2
夯爆了,10,超神作,23h 3m  ago,蚯蚓,326,攻壳机动队 S.A.C. 2nd GIG,1,9.2
"之前一直在吐槽，日本的动画压根就没有像样的政治，86之类的番，政治写的都是一坨。我一直以为是日本人不动政治，但现在看来应该是现代的日本人不爱看政治剧了。政治是均衡，制约，有阴谋有阳谋，诸如86之类的动漫里的政治戏码纯是来搞笑的，弱智至极，停留在喜欢在网上见证的人的水平。攻壳机动队里的政治戏码就很经典了，非常优秀。
看tv第一季，虽然也很好看，但是我总有一种为什么这样的作品能做为最高分的日漫存在的疑问，毕竟第一季欠缺的东西太多了。看了第二季一下释然了，第二季真是影视作品教科书级别的，虽然也是单元剧，但是每一集之间都有联系，每一集的节奏，情感的把握，最后呈现出来的效果都是几乎完美的，对社会问题的反射，对人物的塑造更是入木三分，可以说反派一张脸几句话就把人物形象立住了，真是经典中的经典。",10,超神作,2026-4-10 13:51,又欠忄俞,326,攻壳机动队 S.A.C. 2nd GIG,1,9.2
Stand alone complex的现象，既是网络将人的灵魂剥离后的产物，又是全即是一地去寻找灵魂；它既是新世界的门扉，又是个体的丧钟。https://bgm.tv/blog/371813,9,神作,2026-4-10 12:37,Melody,326,攻壳机动队 S.A.C. 2nd GIG,1,9.2
题材是可以,8,力荐,2026-4-10 00:22,艾丝凡防撒,326,攻壳机动队 S.A.C. 2nd GIG,1,9.2
dividual、individual、dual单元不再割裂，核心事件全程挂钩：1结尾致敬95开场→饱食懦弱所谓看透真相→猫眼捏他→4合田，意外抑或针对难民的阴谋→久世的暗杀？6核事故黑幕，漏洞剧本→运送，九课是饵，借刀激化→所谓素食，被操纵的情报与一课→9人狼炸弹袭击，对话虚拟合田，仇恨链条已经开始→陀古萨逆天失误不缴械，合田煽动的讼棍，素子上身解围，九课私刑天谴→11松本淳影像最强单集，中村悟作监，草迷宫文学典故，无罪哈拉维形象店主，素子爱情故事，千纸鹤,0,未评分,2026-4-8 22:30,人真妙文,326,攻壳机动队 S.A.C. 2nd GIG,1,9.2
赛博朋克动画的巅峰之作。,10,超神作,2026-4-8 09:58,杰杰屋,326,攻壳机动队 S.A.C. 2nd GIG,1,9.2
纯客观:没有葬送的芙利连一半有趣,1,不忍直视,2026-4-7 05:58,2.2,326,攻壳机动队 S.A.C. 2nd GIG,1,9.2
最高的山,10,超神作,2026-4-6 21:59,紅莉栖,326,攻壳机动队 S.A.C. 2nd GIG,1,9.2
极其惊艳的作品，内容深刻，具有现实意义,10,超神作,2026-4-5 20:23,Daiba_Nana,326,攻壳机动队 S.A.C. 2nd GIG,1,9.2
看了一半看不下去了，感觉不如1代,7,推荐,2026-4-5 15:51,锦绣山河,326,攻壳机动队 S.A.C. 2nd GIG,1,9.2
神中神,10,超神作,2026-4-5 00:04,小菊儿,326,攻壳机动队 S.A.C. 2nd GIG,1,9.2
牛逼到没有写长评的必要,10,超神作,2026-4-4 18:18,Kosaten,326,攻壳机动队 S.A.C. 2nd GIG,1,9.2
还用说些什么吗，攻壳sac第二季就是日本TV动画史上最高的山。,10,超神作,2026-4-4 17:46,孤夜の北極星,326,攻壳机动队 S.A.C. 2nd GIG,1,9.2
又感觉是戛然而止，意犹未尽。比第一季好的是有了更多相对轻松简单的单集点缀，丰富9课个人、也多少铺垫了后面的内容，没有看第一季是那种想不过来的力竭感了。,10,超神作,2026-4-3 22:23,神山中学古典部冰淇淋成员,326,攻壳机动队 S.A.C. 2nd GIG,1,9.2
9，感觉笑脸男篇更好看一些，为什么呢，可能是因为这季度很多对话太晦涩难懂了，看不懂，牡蛎,9,神作,2026-4-3 11:49,12c,326,攻壳机动队 S.A.C. 2nd GIG,1,9.2
在严肃的政治戏码上佐以素子个人线增添风味，对难民问题的探讨与结论在2026的当下看来格外真实。单元回除了齐藤和帕兹的个人回，基本都在为攻壳世界观下的政治格局做铺垫，叙事上第一季单元回中给人强烈印象的哀愁淡了很多，有ep6、ep10这种过于强调目的性的下限级表演，但也有ep11这种让人意犹未尽的集数。stand alone complex在全篇反复被提及以至于产生了一种过度解构带来的反感，不过最后几集借久世的赛博飞升与塔奇克马对自我的思索又回到sac的主旨，算是在沉闷的气氛之上带来的一些哲学思索的调味。我承认我因为bgm9.1分的光环而先入为主，以至于对叙事细节抱持了过分期待，对九科的刻画从公安精锐到近似独立武装的转变也让人有些不满。但抛开主观因素，从主旨探讨、故事编排到情绪调动，sac第二季都可谓是一流水准，在此类题材上大概已经竭尽动画之所能。,8,力荐,2026-4-2 22:57,阿渣,326,攻壳机动队 S.A.C. 2nd GIG,1,9.2
深刻,10,超神作,2026-4-2 14:31,shun,326,攻壳机动队 S.A.C. 2nd GIG,1,9.2
这不是我看得明白的神剧，只可感受，不可言传,10,超神作,2026-3-30 15:04,Banpreoth,326,攻壳机动队 S.A.C. 2nd GIG,1,9.2
好看剧情太棒了看的很爽Op和ed都很好听配乐太强了女主声线太爱了塔奇克马回归了第十一集女主的个人回看的很舒服看到后面才发现这集也是伏笔到最后2集的时候观感很厉害全程代入感很强最后一集发射核弹那一回配乐带入女主和久世的对话然后切换场景做的太好了然后到后面塔奇克马拒绝执行女主的任务然后最后控制卫星和导弹撞真的哭死了配乐真的很好听还有结尾久世下线了真的哭死了在前面看到女主把餐盒的纸折成千纸鹤的时候就真的是恍然大悟太神了还有塔奇克马的日常玩了好多梗jojo蜘蛛侠还有高达，剧情细节太多了做的真的很好各种博弈加小故事力推,10,超神作,2026-3-28 19:10,ycc,326,攻壳机动队 S.A.C. 2nd GIG,1,9.2
好多人夸他深度内核，殊不知它是建立在剧情之上的，乏味的剧情就注定了他是空中楼阁，分太高了,1,不忍直视,2026-3-28 08:17,kjmw,326,攻壳机动队 S.A.C. 2nd GIG,1,9.2
打开新世界大门，看完发现还有真人版，又去把真人版看了，，,8,力荐,2026-3-26 19:44,芝世咚,326,攻壳机动队 S.A.C. 2nd GIG,1,9.2
正重刷呢，结果成了神预言，节点事件竟然一次次的使这部番成为了历史的切片 ， 这两部的含金量还再叠加。难民问题笼罩下的德国估计也快为这部番继续叠甲了，本想说每次重刷眼泪都给了塔奇克玛，这下成了常看常新，危机指导了 T T,10,超神作,2026-3-25 01:25,KIKIlllly,326,攻壳机动队 S.A.C. 2nd GIG,1,9.2
攻壳的主线还是nb,9,神作,2026-3-24 17:53,轮转,326,攻壳机动队 S.A.C. 2nd GIG,1,9.2
剧情不是很连续,8,力荐,2026-3-22 01:49,逮虾户户,326,攻壳机动队 S.A.C. 2nd GIG,1,9.2
"ep3,6; ep11 作画!!!",8,力荐,2026-3-20 01:40,Clay,326,攻壳机动队 S.A.C. 2nd GIG,1,9.2
1,0,未评分,2026-3-15 19:38,二次元Z酱,326,攻壳机动队 S.A.C. 2nd GIG,1,9.2
神,10,超神作,2026-3-14 23:47,神岸 zi,326,攻壳机动队 S.A.C. 2nd GIG,1,9.2
最喜欢的角色是久世，但是被写死了（悲）,9,神作,2026-3-10 18:29,微笑的克蕾雅,326,攻壳机动队 S.A.C. 2nd GIG,1,9.2
严肃而浪漫，现实但又理想,9,神作,2026-3-10 15:35,ハサミ,326,攻壳机动队 S.A.C. 2nd GIG,1,9.2
我因为两点不喜欢SAC第二季这场“政治戏码”：第一，权谋过分复杂化。合田以一己之力完成挑动矛盾、反串暴动等难以想象的巨大阴谋，但全剧都没法解释合田的班底到底是啥。换言之，本片塑造了不现实的反派，把政治派别斗争降格为勇者斗恶龙的架构，缺乏对社会背景中“难民”和日本国民间剑拔弩张的社会氛围的刻画，导致政治戏在我看来比较粗糙（难道右翼问题的根源就是一两个野心家？）。第二，郎的设定过于神棍，在没法提出有意义的政治主张或者理念时，却莫明其妙地让所有人都自愿追随，总让我幻视真三国无双里的张角——一个靠宗教煽动狂热的疯子，而不是左派运动家。这使得郎“魅力非凡”的设定仅落于纸面。这两点导致我虽然很喜欢前13集刻画的背景，尤其是托古撒在法庭上的辩护（从诉讼这一社会最后的承压阀暗喻社会的矛盾激烈程度），但是13集以后的个人回又回到了美式英雄主义（还是夫妻档），实在可惜。,6,还行,2026-3-8 12:00,派客人,326,攻壳机动队 S.A.C. 2nd GIG,1,9.2
感觉降智反转和天意巧合情节变多了，画风也不稳定，不过整体水平依旧在线,8,力荐,2026-3-6 20:20,赛博哦润叽,326,攻壳机动队 S.A.C. 2nd GIG,1,9.2
在第一部的基础上，将重点放在政治上，对权力运作和政治斗争的刻画尤为深刻，在最后几集，所有矛盾和线索汇聚在一起，对国际政治格局和形式的预见堪称绝佳。放到现在简直是对现实的讽刺，不愧是动画界最高的山，无愧于六边形战士的称号,10,超神作,2026-3-3 20:45,神尾观铃Misuzu,326,攻壳机动队 S.A.C. 2nd GIG,1,9.2
26.3 评分9+ 更深层的剧情内涵，更大胆的国际视野，相对应欠缺的是剧情上的吸引性和神秘拉跨陀古萨单元回，作画也有一定进步空间。sac的设定已经足够晦涩，而gig把sac运用在国际视野上，以此基础进行剧情展开，可以说是sac的进化版。不过gig中九课长期被动，抑久容易扬起来难，以至于结尾略显赶脚，藏了些留白，观感不够畅快。相比之下我还是更喜欢sac见招拆招，拨开云雾见青天的爽快感。简单说就是gig做到了比sac更“优秀”，却少了sac一份“有趣”。所以便打和sac相同的分数。另外一点是gig和95剧场版是有异曲同工之妙的，且主题上意外呈现出一种递进关系，所以我会推荐入坑先看神山再看押子。总的来说，攻壳确实是为数不多在我本身兴趣不大的基础上完全用作品素质让我看得心服口服的系列了。在动画这块讲赛博朋克，政治与社会，攻壳有着它独一份的严肃和浪漫,9,神作,2026-3-3 14:13,~🥦马格里特🥦~,326,攻壳机动队 S.A.C. 2nd GIG,1,9.2
太顶了，制作一如既往地好，台词、画面和音乐都很顶级，剧情更喜欢这一季，很多回看似单元回，实则都是都是围绕着主线，许多事件都精彩至极，整体看完十分过瘾！,10,超神作,2026-2-28 22:34,nocedjames,326,攻壳机动队 S.A.C. 2nd GIG,1,9.2
【10】，六边形，满分实至名归,10,超神作,2026-2-28 21:54,樱姬花吹雪,326,攻壳机动队 S.A.C. 2nd GIG,1,9.2
最高的山 感觉和前作区别有点大 不过政治戏真是无敌了 每一集包括单元剧都很爽,10,超神作,2026-2-26 05:36,牯岭街二次元,326,攻壳机动队 S.A.C. 2nd GIG,1,9.2
"这一季的叙事比较隐晦，很多信息我都还没有很好的整合，之后可能会重复观看，来理解剧情。对于集体意识的塑造是一个很好的议题，最近一些日子，我恰好感受到了宣传的重要性，通过宣传完成集体记忆的构筑，引导集体意识的倾向，引导个体做出符合期望的选择和行动。尤其在互联网覆盖率越来越高，及时投送信息的能力越来越强，这种作用越发明显。通过定向推送，信息茧房，将受众塑造成自己期望的模样，而且无声无息，甚至让受众甘之若饴。大众真的很容易被煽动，甚至被操纵，广告传媒真是大有可为。很想摆脱这种被动的地位，不当一头被投喂各种信息的猪，但太难了。
难民问题在欧洲世界十分突出，难民，甚至引进移民，能够解一时之渴，但是沉疴难除，反而加重问题，但老爷们歌照唱舞照跳，也不在乎干活的底层是本国人还是外国人，能创造剩余价值就行。
很多时候，都在怀疑一些国家是不是坐在火药桶上了。不输出情绪",9,神作,2026-2-25 21:13,流离之人,326,攻壳机动队 S.A.C. 2nd GIG,1,9.2
绝顶精彩，各方面都无可挑剔的作品,10,超神作,2026-2-21 14:43,柠檬即可,326,攻壳机动队 S.A.C. 2nd GIG,1,9.2
让我看看再给评分,0,未评分,2026-2-21 11:31,xiaohuier73,326,攻壳机动队 S.A.C. 2nd GIG,1,9.2
伟大的作品,9,神作,2026-2-21 01:23,yoshika,326,攻壳机动队 S.A.C. 2nd GIG,1,9.2
05：结合当下霓虹现实节点，有点幽默了；11：少佐的初恋温情小故事不错的；14：草薙素子，可怕的女人；15：　果然タチコマ才是主角；26：タチコマ就是真主角无疑了。结合时下背景以及本作内核，实在是有点忍俊不禁了。不过，因为是攻壳，便擅自期待能够讲述完备的政治相关主题的故事的我才是小丑：虽然将久世的思想极力以神圣、成熟的方式包装，但是实际确实稍显稚嫩的，其执行方式也是偏武断的，因此其人物塑造与“笑脸男”是无法相比的。不过，虽然有几集质量不佳，但是还是有相当集数的单元剧与第一季相比更上一层了，尤其是タチコマ相关部分，是真正触及了S.A.C. 以及Ghost in the Shell这一核心的。,9,神作,2026-2-20 04:15,Linn,326,攻壳机动队 S.A.C. 2nd GIG,1,9.2
91年的士宗正郎不会梦到车力巨人高市早苗,8,力荐,2026-2-19 23:06,CL,326,攻壳机动队 S.A.C. 2nd GIG,1,9.2
不错啊，等以后再给评分吧,0,未评分,2026-2-18 21:45,李商隐在山脚下卖可露丽,326,攻壳机动队 S.A.C. 2nd GIG,1,9.2
不太喜欢后期素子降智啥也没干，角色光环全给到塔奇克马了，还有搞感情戏这套，久世这个角色真是一言难尽,7,推荐,2026-2-18 09:54,matsuba,326,攻壳机动队 S.A.C. 2nd GIG,1,9.2
赛博科学主义的又一座高峰,10,超神作,2026-2-15 23:51,云白,326,攻壳机动队 S.A.C. 2nd GIG,1,9.2
沉闷似押片三分。独树一帜的醇厚观感。,9,神作,2026-2-13 10:51,Pedoleon,326,攻壳机动队 S.A.C. 2nd GIG,1,9.2
个人感觉不如剧场版和第一季 主旨的造诣上没有这两部深,8,力荐,2026-2-13 04:20,mdk的theory,326,攻壳机动队 S.A.C. 2nd GIG,1,9.2
"If you’re dissatisfied with the world,change yourself.",9,神作,2026-2-9 22:10,水屋口悟,326,攻壳机动队 S.A.C. 2nd GIG,1,9.2
动画史上最高的山，和和平保卫战几乎一模一样的壳子，内核却是完全不同的，将科幻与政治戏融合的很好，唯一的遗憾是素子和久世的感情线太史了，和和平保卫战也是一脉相承，也有单元回降智的问题,10,超神作,2026-2-8 00:09,小乐,326,攻壳机动队 S.A.C. 2nd GIG,1,9.2
这个真的没得喷,10,超神作,2026-2-7 14:34,adsert,326,攻壳机动队 S.A.C. 2nd GIG,1,9.2
非常喜欢神山TV的政治讨论 对Stand Alone Complex的再深入,10,超神作,2026-2-7 11:22,本当,326,攻壳机动队 S.A.C. 2nd GIG,1,9.2
有点局外的感慨，tv版这种单元性的兼顾了轻度体验和深度，剧情脉络和情感表达兼有的模式还是太难出现了，几个老资历在近期的表现实在是不尽如人意，令人感概。第二季总体的叙事重心侧重在了政治层面，相较于第一季个人感觉反而是让叙事通俗性上升了。不过有部分希望能看见的描写被些微躲避了，还是有些遗憾。所以说由于对其中一些元素的其他表现形式更偏爱难以打出满分，也许能算9.9吧。,9,神作,2026-2-6 07:00,琥玥,326,攻壳机动队 S.A.C. 2nd GIG,1,9.2
硬朗类的画风，科幻、政治等的讨论在日漫中属于优秀，各方面质素都属于标杆,10,超神作,2026-2-5 06:56,Nice_Future,326,攻壳机动队 S.A.C. 2nd GIG,1,9.2
这里的中日美三方关系非常有意思，看看动画里的日本第一位女首相的觉悟再看看现实的，这差别,9,神作,2026-2-4 13:43,沐雪晨霜,326,攻壳机动队 S.A.C. 2nd GIG,1,9.2
（94/100）相比老生常谈的绘柄不稳和颇具争议的“赛博飞升”，对GIG最为遗憾的还是它仍旧延续了一期“单元剧+主线”的构成模式。诚然事件间更多的勾连使得整体性提升，但于全作而言若说一期单元剧尚能凭借对赛博社会广而泛的描绘来反哺较为小巧的笑脸男主线，那么二期主线在舞台、冲突已上升至国家政治、意识形态层面从而需要更为厚重聚焦的叙事时却还分散注意力实在称不上妥当。虽也有e2这样剖析讽刺的典范但更多还是脱题的浅尝辄止甚至e10这样足以拉低全作观感的庸回。如果这些笔墨能用在对难民、国民两侧更扎实切实的描摹、对久世、合田二人在功能象征外的更多塑造、对社会学、传播学思想除文本外的更多样化表达、对政治惊悚和科幻刑事更佳的平衡与糅合（如铺垫久世革命之真面貌）上，GIG也许就能拿到我的十分:继承了和平保卫战、95版攻壳、SAC一期文脉的集大成作，赛博朋克下的忧国之思。,9,神作,2026-2-1 03:25,1097,326,攻壳机动队 S.A.C. 2nd GIG,1,9.2
“水往低处流 人心也一样往低处流”,10,超神作,2026-1-31 19:09,Masahiro,326,攻壳机动队 S.A.C. 2nd GIG,1,9.2
续作,10,超神作,2026-1-30 19:27,小姜,326,攻壳机动队 S.A.C. 2nd GIG,1,9.2
看完感觉云里雾里的，感觉第一季更好，吐槽一下这三个特殊存在：合田一人是半神（掌控的情报和操纵太强大）、久世英雄是百年难得一遇的英雄（昙花一现的领袖）、塔奇克马是颠覆国家和社会的ai（能自主行动加集体决策）,9,神作,2026-1-29 13:50,血萌骑士,326,攻壳机动队 S.A.C. 2nd GIG,1,9.2
政治是不流血的战争，战争是流血的政治,10,超神作,2026-1-27 11:39,裴斯泰洛齐,326,攻壳机动队 S.A.C. 2nd GIG,1,9.2
预定,0,未评分,2026-1-25 22:12,1vyS,326,攻壳机动队 S.A.C. 2nd GIG,1,9.2
押味够浓了。政治的深度比第一季强了不止一点，但结局较为仓促，有些不满,10,超神作,2026-1-24 12:31,风语者,326,攻壳机动队 S.A.C. 2nd GIG,1,9.2
慢热，挑人，及人的本质、政治、科幻、战争与一体的大成之作，包括音乐也简直是艺术品级别的，我无法想象这部作品在1995就有如此超前构思。,10,超神作,2026-1-24 10:46,Hg,326,攻壳机动队 S.A.C. 2nd GIG,1,9.2
很小时候看的了，现在再看一遍发现真的精彩到过分,10,超神作,2026-1-23 21:18,西向,326,攻壳机动队 S.A.C. 2nd GIG,1,9.2
不管是音乐还是剧情，都是永恒的神作,10,超神作,2026-1-20 14:52,不眠之眼,326,攻壳机动队 S.A.C. 2nd GIG,1,9.2
一场早已写好的未来预言。,10,超神作,2026-1-19 16:55,road1,326,攻壳机动队 S.A.C. 2nd GIG,1,9.2
在SAC把抽象层面的SAC现象讨论到一定程度后，GIG终于能基于此将更具有现实意义的观点带到台前。虽然从中国人视角看，“痛苦于人心往低处走的现实，寄希望于无所不在的网络能够消除信息与交流的隔阂，构造人类在外部的融合进化，实现某种上层建筑的大同”，这条链路的第一步就已被成功的群众路线否定；久世如同耶稣行于世间的塑造也不太符合人民史观的习惯。但考虑到日本现实里如出一辙的失败左翼运动，这种清醒的痛苦和希望寄托，确实也并无可指摘之处。只是身处21世纪第三个十年正中，对于这种理想也只能遗憾地回以否定了。,10,超神作,2026-1-16 23:43,名片已改,326,攻壳机动队 S.A.C. 2nd GIG,1,9.2
政治戏有一定格局，跳出了日本人做政治戏做成过家家的诅咒。我已经可以单手折千纸鹤了哦,10,超神作,2026-1-15 16:19,ikari,326,攻壳机动队 S.A.C. 2nd GIG,1,9.2
89,8,力荐,2026-1-14 21:47,虚伪之生,326,攻壳机动队 S.A.C. 2nd GIG,1,9.2
不错,0,未评分,2026-1-13 12:39,九思,326,攻壳机动队 S.A.C. 2nd GIG,1,9.2
编辑了下日志怎么土豆sai服务器把21年的标记整没了,10,超神作,2026-1-10 04:09,O'Brien,326,攻壳机动队 S.A.C. 2nd GIG,1,9.2
很压抑，又很现实,9,神作,2026-1-10 03:27,remelll,326,攻壳机动队 S.A.C. 2nd GIG,1,9.2
本来想称赞二期单元回和主线的联系以及单元回和主线的编排更为合理，可惜到了中期还是在因为同样的理由不断皱眉头。,7,推荐,2026-1-8 18:40,爱因斯坦本坦,326,攻壳机动队 S.A.C. 2nd GIG,1,9.2
"2016-07-10 标签: TV动画 ☆2004年动画 2004年01月新番
当之无愧的神作，日本TV动画的天花板。不论剧情深度、人物逼格、燃点泪点都是顶级。我觉得GIG应该是“五一五（Go Ichi Go）”的缩写吧。顺便说一句，9课必须保守，不然太容易沉迷于暴力机关的特权之中",10,超神作,2026-1-7 10:35,躁动的U型锁,326,攻壳机动队 S.A.C. 2nd GIG,1,9.2
在日漫中思想深度首屈一指的存在，但就是太沉闷了,8,力荐,2026-1-6 22:43,北小河,326,攻壳机动队 S.A.C. 2nd GIG,1,9.2
"I am soldier значит я И ответчик и судья translate
我为战士, 则为, 我既为被告亦是法官

这OP开场的, 第一句歌词从我少年时期的我影响到中年时期的我. 
这句歌词真的太贴合神山健治的SAC系列了. 
十几岁的时候看, 二十几岁的时候看, 三十几岁的时候看, 得到的感触每次都能更新. 
哲学和政治认知都能随着自己的世界观变化而得到新的解读
这种作品不能称为神作我也不知道什么可以叫做神作了.


很多年前给第一季打过分, 今天才发现没给第二季打分. 补打.",10,超神作,2026-1-6 13:44,喵喵,326,攻壳机动队 S.A.C. 2nd GIG,1,9.2
不错,7,推荐,2026-1-4 21:08,拾伍,326,攻壳机动队 S.A.C. 2nd GIG,1,9.2
真神了,10,超神作,2025-12-31 16:55,花园多惠,326,攻壳机动队 S.A.C. 2nd GIG,1,9.2
好看捏,0,未评分,2025-12-29 21:50,Reze,326,攻壳机动队 S.A.C. 2nd GIG,1,9.2
名副其实的10颗星,10,超神作,2025-12-28 18:56,loveanime,326,攻壳机动队 S.A.C. 2nd GIG,1,9.2
剧情很无聊，老套的未来科幻资本家剥削人的故事,2,很差,2025-12-24 18:00,地球在上,326,攻壳机动队 S.A.C. 2nd GIG,1,9.2
观感比前作更上一层楼了，虽然中间也有一些对话信息量极大也比较难懂，不过最后几集主线到结局就比较顺畅了,10,超神作,2025-12-24 15:35,风华月茂,326,攻壳机动队 S.A.C. 2nd GIG,1,9.2
神中神,10,超神作,2025-12-23 13:01,赫萝,326,攻壳机动队 S.A.C. 2nd GIG,1,9.2
塔奇克玛太可爱了,10,超神作,2025-12-21 20:28,koi,326,攻壳机动队 S.A.C. 2nd GIG,1,9.2
你TM没看完，一点思考都没有搁着评论你妈，司马玩意儿，cjb是吧，脑袋里也就想的出来这点词了，呵呵，别看动画了，怕你大脑烧成一坨谢特,10,超神作,2025-12-21 15:09,长门Yuki,326,攻壳机动队 S.A.C. 2nd GIG,1,9.2
后劲很大...,9,神作,2025-12-20 20:15,江南小胖,326,攻壳机动队 S.A.C. 2nd GIG,1,9.2
故事结构是更复杂了，但观感反而不如上一季，合田一人和久世英雄这两个角色的斧凿痕迹非常明显，没有第一季的“笑面男”那样符合直觉、易于理解，这一点神山后来自己也承认了。若按照最初的构想来围绕三岛由纪夫来构造故事，肯定会更好看，但这首先是商业动画，要考虑收益和风险问题，也是无奈之举。,8,力荐,2025-12-15 15:23,猎隼,326,攻壳机动队 S.A.C. 2nd GIG,1,9.2
如果外星人想知道舒畅是什么感觉，我会说看这个动漫感受到的就是舒畅,10,超神作,2025-12-15 01:43,刷； ；牙,326,攻壳机动队 S.A.C. 2nd GIG,1,9.2
相比第一季，每一集都更贴合主线，同时封面服装也比较帅，但台词密度信息量较大，这种政治剧情也没有很对我电波。,8,力荐,2025-12-14 22:19,Shawn学,326,攻壳机动队 S.A.C. 2nd GIG,1,9.2
真看不懂哥,8,力荐,2025-12-13 21:39,arietta,326,攻壳机动队 S.A.C. 2nd GIG,1,9.2
实至名归,9,神作,2025-12-13 18:49,还在嘴硬,326,攻壳机动队 S.A.C. 2nd GIG,1,9.2
个人排名第一的动画，比起剧场版，神山的TV版更合我意,10,超神作,2025-12-12 21:15,sniperrpf,326,攻壳机动队 S.A.C. 2nd GIG,1,9.2
8.5，不如第一季,8,力荐,2025-12-12 09:36,牧濑makise,326,攻壳机动队 S.A.C. 2nd GIG,1,9.2
看完只慨叹无力改变这一切,10,超神作,2025-12-9 13:58,しょうはく,326,攻壳机动队 S.A.C. 2nd GIG,1,9.2
"明明知道最终boss是谁，但是就是拿他没有办法的无力感
优秀的剧情和过硬的制作，加上其中蕴含的令人深寻的哲思，不得不让人感慨制作组的底蕴之深。
塔奇克马选择坠毁自己AI所在的卫星，以此来阻止美帝的核打击，保护了没有更多的难民死亡，实在是令人动容
九科选择将栽赃嫁祸用的钚，用自己的方式送到陆自的手中，期望以此来结束双边的战争
总理在最后关头动用了空自，驱逐了发射核弹的美帝核潜艇
久世和素子打算将难民和自己的意识上传到网络，以求另一种方式的永生
这些选择没有对错之分，都是当事人站在自身角度做出的最优解，只不过产生的效果确实会有好坏的差异
而GIG里追加了久世和素子的戏份，也让素子的人设从SAC里的母猩猩成为了一个既有阴柔一面的少女，又有刚强一面的战士，形象也更加立体了
虽然我并不喜欢在久世面前“恋爱脑”的少佐，但是这就是人类的复杂性不是吗",10,超神作,2025-12-8 23:23,猫嗷老师,326,攻壳机动队 S.A.C. 2nd GIG,1,9.2
"1.看了一集。不喜欢超高科技（科幻）玩意儿+对话信息密度大，不明白（不过总是看完能懂是个什么故事）
2.表达内容非得用科幻世界来表达么？
3.看了4集，之后是九课每集救一次火，到最后揭开一个大阴谋么？
4.ed比op更好听
5.看了17集。只能说不大理解片子要表达啥。而不意外地，看到了吹它伟大的评论。不明觉厉就吹，真恶心。就问这种傻缺一个问题：这部剧在讨论啥？答得上来么？
6.21集九课的飞机被人肉炸弹炸毁，俩飞行员跟着死了，但没一人有情感反应。她们不是人，不配得到别人的眼泪么
7.24集，合田的目的渐渐显露。好像有点明白又还是不明白整部剧到底要表达啥。不过可以确定是我需要再回看理解不是剧故弄玄虚
8.费解都在用讲故事这种简单易懂方式了，咋还搞得不好理解跟看论述书籍似的一大堆莫名其妙的东西（特指塔奇克玛们讨论什么第三主体那集）",0,未评分,2025-12-5 14:39,ginqiang,326,攻壳机动队 S.A.C. 2nd GIG,1,9.2
还不错 但是平衡一下,1,不忍直视,2025-12-2 15:09,宇治松千夜,326,攻壳机动队 S.A.C. 2nd GIG,1,9.2
26集将社会、政治、哲思交织在一起形成了完整的社会格局，相比第一季更加严丝合缝，在我看过的里面这思想高度绝无仅有。且制作又是日本动画工业最高水准。但“人心往低处流”，超高的信息密度对我的大脑狂轰乱炸，政治、社会又是我不喜欢的领域——我看的其实很煎熬(T ^ T),8,力荐,2025-12-1 22:43,lixKRT,326,攻壳机动队 S.A.C. 2nd GIG,1,9.2
毫无疑问的神作，不论是音乐剧情还是人物塑造都是一顶一的存在,10,超神作,2025-12-1 22:20,Destiny,326,攻壳机动队 S.A.C. 2nd GIG,1,9.2
"因为自己人机恋xp现在看这些小蜘蛛都眉清目秀的【？
和久世的剧情印象最后不如其他的强烈还是比较可惜的",9,神作,2025-12-1 15:37,ain,326,攻壳机动队 S.A.C. 2nd GIG,1,9.2
当之无愧的神作，人类非物质文化遗产,10,超神作,2025-11-28 07:03,paro,326,攻壳机动队 S.A.C. 2nd GIG,1,9.2
能让人思考的动画。比起鸭子电影的神棍，显然sac关于社会和人心的思考是更加让人印象深刻的,9,神作,2025-11-27 17:12,黎,326,攻壳机动队 S.A.C. 2nd GIG,1,9.2
酣畅淋漓 二期开始神山健治高度参与单集脚本并且押井守也有加入，完整地刻画了国内派系斗争下引发的难民现象从社会舆论问题逐步扩大为国际政治问题的过程。斗争期间难民的负担导致军国观念放大、群众开始对英雄产生无意识的追求、排他性民族情绪的萌生与恐怖主义化等各部分严谨合理的推演支撑起了肃穆的政治格局。相比一期大大深化了内核，单元回的质量也有了显著的提升。九课中其他成员单集的补全以及在最终决战时各司其职，茅茸总理的心绪铺垫与尘埃落定后的揭露，以及两季贯穿始终的塔奇克马从最开始的以素子为原型制作的辅佐ai机器到后面逐步产生丰富的情感，开始个体化，直到最后面临九课完败的死局时违抗指令毅然牺牲的升华，不禁感慨剧本构造的极强完整性。(看到结尾日常中塔奇克马对可以独占巴特的爱感到开心真的心绪复杂),10,超神作,2025-11-26 23:59,白,326,攻壳机动队 S.A.C. 2nd GIG,1,9.2
制作视听到剧作都非常完美，领先第一季不止一点。塔奇克马的挽歌，从未送出的纸鹤...,10,超神作,2025-11-25 20:17,Tire_joe,326,攻壳机动队 S.A.C. 2nd GIG,1,9.2
制作音乐依旧没的说，第二季据说每集制作费高达3000万日元但是我没看出来比第一季有质的飞跃（可能第一季就很贵）支线主线互相交映依旧不错，这季把押子整来做故事概念了，主线的剧情和角色的对话信息量一下就上来了，主线依旧是押子的经典剧本我愿称之为《和平保卫战LIKE 》，押子是真喜欢这个剧本 机动警察OVA玩一遍，机动警察剧场版2玩一遍，攻壳2玩一遍，15年机动警察真人版玩一遍，我现在怀疑隔壁逮捕令内个剧场版也是他偷摸和西村纯二说的，依旧个人感觉没啥缺点，硬说就是押子的加入搞得看的挺累的，但是故事深度的提高和真实的社会问题还有这种机关权利斗争的加入让故事更加充实饱满.,9,神作,2025-11-21 23:59,東野和美,326,攻壳机动队 S.A.C. 2nd GIG,1,9.2
中间有少数集数的展开略显生硬，但完全可以说是瑕不掩瑜，主线的节奏和分镜演出都做到了极致，作画在TV动画里也是最优秀的，靠近结尾的几话信息量确实非常大，可能还需要慢慢消化，总得来说老版攻壳的TV和剧场版基本上就是动画工业的最高水准。庞大深邃甚至映射现实的世界观，设定科幻但内容又令人相信很可能是近未来即将发生的种种现实，有血有肉的各种角色，构成了这部当之无愧的顶级科幻作品,9,神作,2025-11-19 23:45,Hrazak,326,攻壳机动队 S.A.C. 2nd GIG,1,9.2
居然没贡献一个评分，这个确实也谈不上评价，日常跟不上台词的信息量，极致的TV作画，剧场版也是极致的剧场作画，画面信息量同样巨大。个人感觉恋爱要素是有点怪。,10,超神作,2025-11-17 11:43,Artnime,326,攻壳机动队 S.A.C. 2nd GIG,1,9.2
很多东西没看懂，而且部分集数也因为外包而出现了制作上的失误，暂时给到八分,8,力荐,2025-11-14 12:52,密涅瓦的猫头鹰,326,攻壳机动队 S.A.C. 2nd GIG,1,9.2
满分。无以言表，rank1 tv动画实至名归。本季将政治冲突的矛头由国家内部转向国际，难民问题的主线几乎贯穿全季，和上一季相比本季的严肃性和故事性都有很大提升，密度极高且言之有物的政治戏与哲学思辨虽略显沉闷但依旧会让人沉浸其中。从一期结尾得出的sac概念在本季得到了更深入的应用与解释，久世的革命与和田等政治势力的阴谋都离不开sac的利用，而sac的现象本身也引发了个体ghost的独特性与集体意识间的思考，以及塔奇克马最后因为产生ghost而牺牲的悲剧（哭），都使本作“ghost in the shell”这一主旨贯穿始终。而关于所谓的难民问题，也如同本作中所有国家的政治立场一样，没有发生任何变化，有些问题注定不能有简单的答案，但这场失败的斗争却依旧令人回味无穷。,10,超神作,2025-11-13 08:23,R,326,攻壳机动队 S.A.C. 2nd GIG,1,9.2
主线不必多说，反正也说不太清，评价基本和第一季相差无异。九课中的个人回也很精彩，极大上丰富了角色的性格塑造的定位。以及菅野洋子的音乐，太神了，旋律与画面交织直抵心扉。塔奇克马（哭）真是劳模啊233,9,神作,2025-11-11 20:13,Asuka,326,攻壳机动队 S.A.C. 2nd GIG,1,9.2
经典，但过于经典,7,推荐,2025-11-11 18:25,依赖,326,攻壳机动队 S.A.C. 2nd GIG,1,9.2
9+。鸭子下场做了指导后气氛明显严肃起来。有几个单元回有失水准，e10难以接受。但二期喜欢的小设计实在太多。e11太有味道。我无法不喜欢久世英雄，正如剧中所说，他太像历史上的那几个人。对科技高速发展下人的“存在”的哲学思辨已经足够深刻，但引入哲学思辨的方式在动画的语境下并不高明，staff或许也有意识到这一点，所以不少情境是通过塔奇克马这群极具动画特色的萌物引入思辨。但也因此，最后一话的演出才如此深入我心，取回了作为动画的一面。世界上有一位英雄会为你折千纸鹤，但也不要忘了有一个男人会为你扛起十字架。/话说感慨自己在某些方面的记忆真不错，之前gig条目里分镜有平松祯史，我完全不记得有他的集数，还以为自己记错了，现在条目改过来了。,9,神作,2025-11-7 09:48,伊吹言諾子,326,攻壳机动队 S.A.C. 2nd GIG,1,9.2
时势造英雄，但是没人能够成为那个造就英雄的时势，比起第一季来说，第二部的故事更加压抑，一切都被操纵上演一出二流的sac戏剧，本来我是不太满意这一部的节奏和剧情的，因为比起第一部来说，少了类似电影回和巴特个人回那种单元集（虽然这一季也有个乡愁回和一出漂亮的boy meet girl），但是最后一集将所有线路，情绪调动拼成一体，将故事结尾得足够漂亮，让人回味无穷,9,神作,2025-11-3 20:39,re314,326,攻壳机动队 S.A.C. 2nd GIG,1,9.2
随生死流，入大爱河；爱河干枯，令汝解脱。千纸鹤象征个体情感奔赴命运的洪流，在滚滚烟尘中二人终于找到彼此。GIG无疑是科幻动画史上的思想巅峰之作，它以更宏大的格局和更深刻的社会批判将SAC的哲学命题推向更高的极致。第二季通过难民危机与政治博弈双线叙事，围绕个别的十一人展开，探讨了权力、身份与人性在极端环境下的异化。一群被病毒操控的理想主义者，以拯救难民为名发起叛乱，实则成为大国博弈的棋子：日本政府为转移国际压力，默许美军利用难民危机测试新型脑控技术；跨国企业则通过控制舆论，将难民污名化为国家安全威胁。这种对政治黑箱的揭露，使剧情从单元剧式的社会剖析，升华为对国际政治丛林法则的深刻批判。塔奇克马的意识觉醒，久世与素子对人性的信念，在“反人类中心主义”的讨论中与《无罪》殊途同归。神山健治用他的艺术表达，诠释了人类文明乃至今日和未来的发展困境。巴特真男人！,9,神作,2025-11-3 13:16,平丘寻冬,326,攻壳机动队 S.A.C. 2nd GIG,1,9.2
日漫巅峰之一,10,超神作,2025-10-31 17:03,Kizake,326,攻壳机动队 S.A.C. 2nd GIG,1,9.2
单元回在完善九课各角色的故事的同时，逐步加入主线线索，层层递进；两季ep15中，塔奇克马对意识和个性讨论很有意思，且为结尾埋下伏笔。,10,超神作,2025-10-31 16:10,鑫炎玉,326,攻壳机动队 S.A.C. 2nd GIG,1,9.2
单元剧和主线紧密相连，毫无疑问的神,10,超神作,2025-10-29 22:17,鹿目究极圆,326,攻壳机动队 S.A.C. 2nd GIG,1,9.2
黑客之间的明争暗斗，政治官场上的阴谋算计，还有关于意识的哲思，S.A.C.2nd很好的融合了上面的元素，并且将他们作为一个整体展现出来。,10,超神作,2025-10-27 17:39,夜空の夏日,326,攻壳机动队 S.A.C. 2nd GIG,1,9.2
精彩，深刻，压抑，隐喻,9,神作,2025-10-27 13:15,Aquatic,326,攻壳机动队 S.A.C. 2nd GIG,1,9.2
其实我看不太懂，我相信很多看了这部作品的人其实也都没太看懂，只是看到一些现象就说“这就是社会啊”云云，这个7分是给在它的故事上的，有很多集让我印象深刻，例如素子回忆过去那一块，都挺有意思的，融合的一些理念诸如缸中之脑，人工智能以及最重要的stand alone complex都挺让人眼前一亮的,7,推荐,2025-10-23 17:58,春日井春日,326,攻壳机动队 S.A.C. 2nd GIG,1,9.2
"虽说GIG是史一动画，实际体验不如第一季。很想吐槽素子后期的奇怪塑造，太过理想化的机械飞升上层叙事，看似格局大但实际细节不如笑面男的新冷战剧本。看完最后4集后还是和解了。
由合田导演的个别的十一人为基础，牵扯美帝中方日本乃至世界格局的计划，通过难民问题和日本内部政权争夺的舞台上演了一场“古巴导弹危机”，虽然细节有些小问题但是整个剧本相辅相成，初看有些沉闷仔细回想后直呼合理的情节。不同于第一季那支线主线并进，哲学与现实统一的超然叙事，GIG几乎一整季都在铺垫解释新冷战这个局，偶有的支线也是补全了之前没讲的九科众人的过去，虽然精彩但缺了一些更精彩的“娱乐”部分，无机质。
完全不该在TV动画中出现的超高精度作画，完全贴合气氛的BGM，不算炫技但是张力十足的分镜演出，虽有瑕疵但枝繁叶茂环环相扣的剧情。顶级
（op中的黑风衣九科太帅了！女总理越看越有韵味",8,力荐,2025-10-22 00:07,loili赛高,326,攻壳机动队 S.A.C. 2nd GIG,1,9.2
没印象了 待二刷,0,未评分,2025-10-21 16:28,Estrella,326,攻壳机动队 S.A.C. 2nd GIG,1,9.2
后面的政治戏其实并不太感兴趣,9,神作,2025-10-21 02:05,14_4N,326,攻壳机动队 S.A.C. 2nd GIG,1,9.2
补标，政治正剧，第二无聊的剧是政治讽刺剧，第一的就是政治剧，对这个程度的科幻+政治隐喻+伦理学探讨感到没有一方面深度有触动,8,力荐,2025-10-19 13:32,唐辞书Laudomia,326,攻壳机动队 S.A.C. 2nd GIG,1,9.2
so how we face the future,9,神作,2025-10-17 23:23,kracmnty,326,攻壳机动队 S.A.C. 2nd GIG,1,9.2
全方位的高质,10,超神作,2025-10-17 00:28,夏木光,326,攻壳机动队 S.A.C. 2nd GIG,1,9.2
毫无疑问攻壳sac2是动画中政治戏的巅峰，但其实我更喜欢第一季。单元回的上限很高，ep2、ep11应该是神山攻壳里我最喜欢的两个单元回，其他单元回也兼有趣味性又富有哲思，但整出ep10这种大烂活还是要扣分的，总体的水平大概和第一季持平。押井守参与制作，sac2主线讲了一个更为宏大的政治博弈。国民与难民的矛盾、久世的革命、执政府内部政变、内厅的幕后操纵、美日关系，加了这么多元素，剧情逻辑还能滴水不漏，历史第一确实当之无愧。第一季主线剧情紧凑，主线回很能带动观众情绪，尽管没有那么宏大的叙事，但这种政治戏简直是享受。而第二季主线节奏略显沉闷，一些主线回甚至全程对话推进，疯狂堆长句看的很累，不过文本的质量毋庸置疑，极具思辨性。主线收尾过于仓促，元素的堆砌导致前期铺垫过长，用最后一集来解决这个事件确实有点太赶了。另外感情线有点多余了。位置太小，有空写个日志吧,9,神作,2025-10-14 23:11,不吃雪菜setsuna,326,攻壳机动队 S.A.C. 2nd GIG,1,9.2
日本动画历史上最被低估也是最伟大的TV动画。最后的最后，不是我们走进了故事，而是故事向现实中的我们走来。,10,超神作,2025-10-14 22:58,FURUF,326,攻壳机动队 S.A.C. 2nd GIG,1,9.2
好像看，但是可能看不懂?,0,未评分,2025-10-13 11:35,NA2HCO3,326,攻壳机动队 S.A.C. 2nd GIG,1,9.2
缜密的政治暗斗戏码无出其右，依托科幻题材探讨的内容，从单纯的存在论辩经和思考科技与社会伦理的关系，上升到了一种虽然不复杂但确确实实具有现实意义的革命构想。,10,超神作,2025-10-12 21:39,行将就木之木,326,攻壳机动队 S.A.C. 2nd GIG,1,9.2
好看，真正关乎现实的一部动画，但是收尾有些仓促了，中间的篇幅要是能让给后面就好了,9,神作,2025-10-11 11:58,RandomCookie,326,攻壳机动队 S.A.C. 2nd GIG,1,9.2
所有科幻我都看不懂,7,推荐,2025-10-10 16:55,priorityE,326,攻壳机动队 S.A.C. 2nd GIG,1,9.2
写实的政治权力结构刻画，详尽的军事细节，理念复杂的反派，对人类社会的哲学思考，在政治惊悚题材作品中，做到两点能算优秀，做到三点实属不易，做到四点就能算顶尖。再加上原作和第一季赐予的优秀科幻底子，Rank1实至名归。在年轻世代愈发政治冷感，对人类社会运作模式愈发漠不关心，愈发追求短平快的个人情绪刺激的趋势下，将来能够挑战该作的作品可能性只会越来越小,10,超神作,2025-10-10 06:08,Nemo,326,攻壳机动队 S.A.C. 2nd GIG,1,9.2
话题有点敏感了,10,超神作,2025-10-9 01:07,aabb,326,攻壳机动队 S.A.C. 2nd GIG,1,9.2
“你会用单手折纸鹤吗？”,10,超神作,2025-10-8 11:06,非著名调查员,326,攻壳机动队 S.A.C. 2nd GIG,1,9.2
攻壳SAC版本是我心目中的日漫第一，这有点像恋爱，真正爱的人只需要一眼就知道是永远。我喜欢可能不是因为政治的因素，只是因为SAC的对作品深度的探讨处于一个浅尝辄止，刚刚好到位的程度，这是我喜欢的原因之一。不像有的作品那样用力过猛，准备搞个大新闻，也不像有的作品那样直白而无味，好像在读八股文。好像洋葱牛肉饼，洋葱淡淡的甜味只是陪衬，每个故事给我带来的惊喜就像拆礼物盲盒一样。这样的体验又有几个动漫可以给我呢？知己唯一人即可。,10,超神作,2025-10-6 17:46,银色子弹,326,攻壳机动队 S.A.C. 2nd GIG,1,9.2
谁说霓虹人写不好政治戏,10,超神作,2025-10-5 15:06,Tbrost,326,攻壳机动队 S.A.C. 2nd GIG,1,9.2
比起第一季要更加宏观一些，涉及了多个国家的政治，但对这些政治的描绘感觉略少导致关系有点空洞，对队内的其他角色有一些小故事观感还不错，最后塔奇克马违背命令的自我牺牲挺触动的，ghost的描述感觉更进一步了，在剧场版中的素子体现了这一点,9,神作,2025-10-5 01:41,Yuma,326,攻壳机动队 S.A.C. 2nd GIG,1,9.2
神山和鸭子做的攻壳各有特点,8,力荐,2025-10-4 21:40,Lost Wisdom,326,攻壳机动队 S.A.C. 2nd GIG,1,9.2
稍有的能根据日本的现实状况出发的建政片,8,力荐,2025-9-28 07:48,白鹭鸠,326,攻壳机动队 S.A.C. 2nd GIG,1,9.2
军训还有一天，终于摸完了,10,超神作,2025-9-27 20:43,小熊猫三世,326,攻壳机动队 S.A.C. 2nd GIG,1,9.2
谜语人，实际上要讲的东西没那么复杂，而且比起第一部也没讲好自我的诞生和定义，所以显得最后的上传没那么好,8,力荐,2025-9-24 23:20,zysama,326,攻壳机动队 S.A.C. 2nd GIG,1,9.2
精彩的作品,10,超神作,2025-9-23 22:06,momo,326,攻壳机动队 S.A.C. 2nd GIG,1,9.2
想看看top1什么实力,0,未评分,2025-9-22 17:28,Descarter,326,攻壳机动队 S.A.C. 2nd GIG,1,9.2
8分吧，主线就是让两国冷战，但对两国的关系和态度描写过于稀少，实在让人很难接受冷战可行性，尤其是这种随便插进点时政新闻就可以解决的事……最后吐槽一下战争的描写，不算扣分点。说完全不懂军事吧，还知道先打侦察机。要说懂吧，导弹不打重要设施去打平民。,8,力荐,2025-9-21 12:58,铁血纵横,326,攻壳机动队 S.A.C. 2nd GIG,1,9.2
塔奇克马的牺牲再次使我流涕… AI是否拥有真正意义上的意识？/于前作同样对意识之类的展开了探讨，其次就是整个社会体系和国家以及政治的高度描写，明显缺点就是多人的故事讲得不是很好…除了素子、巴特、陀古萨等其余的9课人物描写得不多也不是很好……但还是要感谢神山健治。,9,神作,2025-9-21 12:47,伦理大魔王,326,攻壳机动队 S.A.C. 2nd GIG,1,9.2
伟大无需多言，科幻界的巅峰,10,超神作,2025-9-20 16:17,soyorin7853,326,攻壳机动队 S.A.C. 2nd GIG,1,9.2
"赛博朋克的标签不足以概括它，“神作”
的词藻不足以形容它，这就是SAC2nd
。10分是分数的上限，不是它的上限",10,超神作,2025-9-11 02:18,陶壶格拉汉姆,326,攻壳机动队 S.A.C. 2nd GIG,1,9.2
片中讨论的政治议题放到现在依旧是主流，但有些成也政治败也政治了，太过注重政治深度而导致剧情乏善可陈，文学性缺失，导致观看体验不是很好,8,力荐,2025-9-10 15:53,卡洛斯布泽尔,326,攻壳机动队 S.A.C. 2nd GIG,1,9.2
越到后面越好看，前面的话就是很多地方不懂，就是他们的动机什么的,10,超神作,2025-9-7 10:11,潦倒深处自然食,326,攻壳机动队 S.A.C. 2nd GIG,1,9.2
向上翻别人的评价看吧。,9,神作,2025-9-7 04:58,快乐～红调,326,攻壳机动队 S.A.C. 2nd GIG,1,9.2
ep2 ep11 ep26//本季论单集震撼度远不如上季集数来的多，但层层堆叠的剧情展开及解密带来的快感无与伦比，ep26更是带来了神曲I DO的第二次演绎，塔奇克马的牺牲和巴特的十字架“ntr”名场面更是难忘。,10,超神作,2025-9-4 14:33,Starlight,326,攻壳机动队 S.A.C. 2nd GIG,1,9.2
真不如第一季,7,推荐,2025-9-1 15:04,星合,326,攻壳机动队 S.A.C. 2nd GIG,1,9.2
相比第一季讨论层次更高一级，但关于个人与集体等的一系列政治讨论说实话很晦涩难懂。ep2、11个人认为系列最佳，在单元回上做得还是很不错。主线方面还是有极少逻辑漏洞，剧情恢宏而引人入胜，总的来说还是难得的较为精彩的政治戏,9,神作,2025-8-31 05:19,云中初梦,326,攻壳机动队 S.A.C. 2nd GIG,1,9.2
非主线逊于第一季，主线超神,10,超神作,2025-8-30 23:11,Dr.Pepper,326,攻壳机动队 S.A.C. 2nd GIG,1,9.2
9.9-1.2 机动警察剧场版2和平保卫战+星际牛仔+新世纪福音战士的融合。从开始用bangumi的第一天就决定要补的作品，如今bangumi前十的动画也算是全部看过了。补番体验可以说是这么多动画独一份的观感，格局比第一季高了很多，从国家内政转到了国际纷争，每一集的信息量都很大，好多地方重看了两三次，往前拖进度条都是常有的事，但也同时也暴露出了很多弊端，例如台词过度压缩导致观众理解不到位，本身设定也绝非无瑕疵。不过能把政治写得这么精彩，也属于是日漫中的一个里程碑了。很多单元回都很有前瞻性（饱食终日的我）。由于信息量过大，观看过程中很多地方都容易搞不懂。如果要向别人推荐攻壳的话，还是相比之下更亲民的第一季要好一些。//不说人话扣1.2分,8,力荐,2025-8-27 23:52,Ciarbegla,326,攻壳机动队 S.A.C. 2nd GIG,1,9.2
补标,8,力荐,2025-8-25 17:37,ヤマ,326,攻壳机动队 S.A.C. 2nd GIG,1,9.2
一味追求深度致使全片在娱乐性和文学性上严重失衡的作品。单元剧水准相较第一季有相当程度的提升，和主线的关联性也更加紧凑。整个故事关于政治斗争和意识形态这部分完全不在我的知识积累范围内致使本作在我看来很有格调。但塞满的信息量使我不得不经常倒回去逐句推敲，谜语人不讲人话也看的相当头疼，最终略显小气的结局完全配不上前期大气的内容。总之整个观感就像大学时代听不懂的政治哲学公选课，直呼高级的同时也自觉无趣。,9,神作,2025-8-25 02:07,幻冢妖梦,326,攻壳机动队 S.A.C. 2nd GIG,1,9.2
神作无疑，我至今仍然记着这个动画的十分优秀的剧情渲染与音乐表达，唯一的遗憾应该还是不会再存在的S3，导致明显有下文的结局看不到下文了。最后RIP，田中老师。,9,神作,2025-8-23 07:24,美味的西红柿,326,攻壳机动队 S.A.C. 2nd GIG,1,9.2
制作比第一季更加精良，主线集数多更加好看，通篇围绕战争难民主题，但感觉整体单元剧情质量略微比第一季逊色，科幻感少了不少，不少都是人物介绍，还给少佐天降一个青梅久世，可怜了巴特，跟faye那集一样强调了乡愁。,9,神作,2025-8-23 01:12,玖月橙,326,攻壳机动队 S.A.C. 2nd GIG,1,9.2
7.4/10 喜欢塔奇克马,7,推荐,2025-8-20 02:11,水岙,326,攻壳机动队 S.A.C. 2nd GIG,1,9.2
个人对这个作品（包括第一季）是否能有这么高分持保留意见，诚然质量很高，叙事扎实（8分打底），但说教味实在是太重，而且一些叙述起点很有意思，但加上大量作者/角色的主观叙述，怎么理解全靠自己想象了,8,力荐,2025-8-19 22:56,OPENblinds,326,攻壳机动队 S.A.C. 2nd GIG,1,9.2
制作与配乐比起第一季好了不少，剧情相比第一季也更加晦涩与政治哲学化，看到后面甚至蕴藏了些许共产主义思想。看完了也终于理解了何为stand alone complex，将独立的即stand alone的ghost以相同的理想统合在一起，使之成为complex。比起那些常规的动漫，该作确实信息量与哲学味儿都太大了，何况又涉及大国政治，但正因如此，我个人认为该作是可以称得上是剧情向tv动漫的巅峰之作了。,10,超神作,2025-8-19 13:31,YogusMoon1zero96,326,攻壳机动队 S.A.C. 2nd GIG,1,9.2
思考了很久我该怎么评价这部作品。虽然故事很完整，但 26 集不是毫无破绽一气通贯的，超长的篇幅带来大量思考空间，揣摩剧情的时候，就会有部分小细节让我很难不去诟病一番，这是让我感觉出戏且不那么完美的地方。最后我还是会给 9 分，我喜欢这部作品反战的部分，理想主义的部分，对人思辨的剖析的部分，以及站在数个高大的主题之上依旧不会显得泛泛而谈的脚本功力，无论我怎样去抠和不喜欢部分设定，我也不得不被攻壳的文本厚重感折服。跟随着剧情去了解二战前后的日本及世界历史，跟随着人物对话去细细咀嚼作为个体的意义和社会系统体系，这是一部越去发散思考，品尝起来越美味的顶级好作品。这样的作品已经是独一无二的存在了，我不知道还会不会有后来者，还是说人需要等到一场战争之后才能重新继续反思呢。,9,神作,2025-8-18 01:10,sh1marin,326,攻壳机动队 S.A.C. 2nd GIG,1,9.2
待重看//ep2、11、18//感觉分集评分还挺适合神山攻壳的，看完很难不想像火鸟一样对各个部分分别评价。剧本编排、人设服装相比前作都有所进步，故事的核心更加贴近于社会实际，同时多了对多国间政治联系的描写。虽然还是有些质量一般的单元剧拉低下限，且前面大半部分的社会实际与末尾所谓意识上传之类的科幻设想的接洽比较割裂（或者说是通过少量铺垫来达成的另一种比较容易被观众接受的降神？），但总的来说，如此切实地去对社会问题与政治冲突做分析，并尽力将其演绎出来，本就已是不易。,9,神作,2025-8-17 23:52,Mined,326,攻壳机动队 S.A.C. 2nd GIG,1,9.2
感情线加的有点神秘,9,神作,2025-8-17 06:18,Moon,326,攻壳机动队 S.A.C. 2nd GIG,1,9.2
"(9-)主线方面，故事主题可谓高级、文斗武斗可谓精彩、音画设计可谓优雅，但情节表达可谓晦涩，且最日幻想。
⬥角色塑造方面，感觉足够立体的角色第一季都塑造的差不多了，第二季就稍显无趣了，毕竟大伙都知道了，另外感觉想要写出足够精彩的长主线就不得不削弱角色个人特色了（这点还是钢炼做得更好）。而用于塑造斋藤、帕兹这俩的单元剧就和本剧的高度完全不同，可能也是时代的原因吧。
⬥单元集方面，上限很高，如饱食终日的我，但部分单元集的观感（还是用于塑造那俩的）过于平庸，相比之下第一季的单元集下限似乎更低。
⬥即便有此种种，但还有其他智斗、涉政的番剧能达到这个高度吗，鲁鲁修死亡笔记还是罪恶王冠？都不是一个层次的，所以就不必拿并不存在的理想中的满分神作来对比、来继续批判了。
⬥史无前例的作品。",9,神作,2025-8-16 02:44,SmallCui,326,攻壳机动队 S.A.C. 2nd GIG,1,9.2
看完上一季的时候说单元剧与主线关联度太差的话，第二季押井守的加入把这个唯一的问题也给解决了。区别于第一季整体轻快凌厉的风格，第二季充满了鸭片的闷罐子味。更多落书袋的哲学思考，始终游离于崩溃边缘的难民聚集地，层层政治博弈带来的爽快感。就算里面很多哲学思辨第一次看的时候完全没接收到（比如塔奇克马那集，真就听它们说了整整24分钟），足够爽快精彩的剧情也足够让人拍案叫绝了。攻壳机动队能有如今的地位确实合情合理，其中的很多东西实在是太过超前,10,超神作,2025-8-14 20:37,yls,326,攻壳机动队 S.A.C. 2nd GIG,1,9.2
第二季关于难民问题的相关内容属实精彩，个人尤其喜欢第二集。,10,超神作,2025-8-13 15:23,水马才夕,326,攻壳机动队 S.A.C. 2nd GIG,1,9.2
除了部分人物稍显单薄各方面都很能打的作品,9,神作,2025-8-12 23:12,界徐盛,326,攻壳机动队 S.A.C. 2nd GIG,1,9.2
如果说存在最接近完美的tv动画...,10,超神作,2025-8-12 16:36,Syd,326,攻壳机动队 S.A.C. 2nd GIG,1,9.2
互联网社会学的神作，各方面都非常完美,10,超神作,2025-8-11 22:08,Macheath,326,攻壳机动队 S.A.C. 2nd GIG,1,9.2
科幻题材的天花板，剧情、演出、音乐、人设都堪称完美，从大学到刚毕业到工作7年看过很多遍，每次看都有新体验，缅怀我最喜爱的女性声优田中敦子,10,超神作,2025-8-11 15:25,Saito,326,攻壳机动队 S.A.C. 2nd GIG,1,9.2
不需要和第一季作过多比较，第二季同样有自己的好，虽说整体单元剧我更喜欢第一季，可第二季同样不差，相比第一季的单元剧，第二句采用更紧密的线性叙事，故事连贯性也更强。如果说槽点的话可能就是有不少作画的崩坏，不过无伤大雅，仍然是动画史上最为优秀的作品之一，到如今的时代，仍展现出历久弥新的性质，有着跨越时代的生命力。,10,超神作,2025-8-10 20:53,爱打瞌睡的宅宅柠檬 ...,326,攻壳机动队 S.A.C. 2nd GIG,1,9.2
神作环环相扣，政治斗争令人沉迷其中，和押井守版相比更适合大多数人观看,10,超神作,2025-8-10 14:02,超级喜欢纱雾,326,攻壳机动队 S.A.C. 2nd GIG,1,9.2
在我这里略逊色与前作 第一部基本上每一集都能给我带来极大的回味 但是在本作中则显得不足 和前作相较之下 这一部与主线的联系更为紧密 基本上每一集都是为其服务 正因如此减少了表达艺术的舞台 属于是利弊参半了 作品表达的思想倒是耐人寻味 不过部分情节有点不适 影响观感并且有强加嫌疑//9 塔奇克马那让我想起玲音的回忆了,9,神作,2025-8-9 01:45,栗悟饭与龟波功,326,攻壳机动队 S.A.C. 2nd GIG,1,9.2
绝对的大师级作品，大六边形的质量。在第一季的基础上更加深刻地诠释了SAC的内涵，甚至洞见了20年后的当下。个体被政治病毒剥夺了独立思考，被迫成为了群体的一部分。任何发展都无法阻止撕裂的社会里，久世对SAC的反叛会是答案吗？不过最震撼我的瞬间其实是巴特在废墟里肩扛十字的瞬间，我们讨论着灵魂的飞升、最终的进化，但依然有人承受着“人”的重量。,10,超神作,2025-8-8 22:48,misaka19501,326,攻壳机动队 S.A.C. 2nd GIG,1,9.2
第二季键政要素显著增加，贯穿主线，需要一定的政史军事知识才能理解，深度是更佳了，甚至出现了许多如今来看如同预言般的剧情，不过相比起来个人还是更喜欢第一季聚焦社会现象，大多单元剧的形式，第二季少了些许空灵感，前中期很沉闷，但在诸多神回的加持下依然值得10分,10,超神作,2025-8-7 15:45,说好的幸胡呢,326,攻壳机动队 S.A.C. 2nd GIG,1,9.2
政治隐喻和阶级矛盾上比第一季更加突出明显，同时比第一季增添了浪漫色彩，久世这个充满理想主义色彩的角色结局也令人唏嘘,10,超神作,2025-8-6 11:31,RlCXX,326,攻壳机动队 S.A.C. 2nd GIG,1,9.2
押井守参与的主线果然更上一层楼，虽然第二季单元集数剧情质量下降，少了第一季的哲思和诗意，代表着单元剧串主线的番剧模式走向尽头，自此以后连续剧模式成为动画番剧主流，但主线剧情的残酷和波折以及格局超越第一季。攻壳机动队的灵魂人物不是原作者士郎正宗，而是押井守啊,9,神作,2025-8-6 05:03,李白球,326,攻壳机动队 S.A.C. 2nd GIG,1,9.2
看完了，感觉是我自己的理解能力不行，预言都太神了，比如害死久世那段只需要消费者这句话，简直是对当今社会由于生产力高度发展而消费能力无法跟上生产的一个高度概括。还有久世说的人往低处走也是对当今社会大量毫无意义的短视频横行从而达到“奶头乐”等庸俗娱乐而愚弄底层人民，虽然许多人诟病，但大家仍然不知不觉沉迷其中的绝佳预言。整体发出如何在一个高度发达的信息化时代，大家的思想情绪总是被网络所带跑，丧失独立思考能力，只会盲目跟风而又意识不到其中显然错误的探讨。对于04年互联网才刚刚大面积推广的时代来说思想十分超前。总而言之我觉得这部作品值得10分！PS：补了好久才从95版一路看到这，感觉SAC系列里面这一部最成功，没有第一季压抑，也没有SSS的着急，但可能是不太感冒单元剧的原因，还是感觉95版最好看。PPS：还是95版的素子戳xp,10,超神作,2025-8-6 00:26,D.Recy,326,攻壳机动队 S.A.C. 2nd GIG,1,9.2
比第一季好看，至少没那么闷了。,7,推荐,2025-8-5 23:46,怜物语,326,攻壳机动队 S.A.C. 2nd GIG,1,9.2
主线不如第一季,6,还行,2025-8-4 00:37,glory,326,攻壳机动队 S.A.C. 2nd GIG,1,9.2
感觉画风太老，等我再适应一下,0,未评分,2025-8-3 12:39,亜城木梦叶,326,攻壳机动队 S.A.C. 2nd GIG,1,9.2
9.5,9,神作,2025-8-2 22:12,42.,326,攻壳机动队 S.A.C. 2nd GIG,1,9.2
無敵，最牛逼的科幻作品，不僅僅是科幻巔峰還是動漫屆的一座大山,10,超神作,2025-7-30 03:04,神崎直直直,326,攻壳机动队 S.A.C. 2nd GIG,1,9.2
人机关系,10,超神作,2025-7-29 21:13,xerud,326,攻壳机动队 S.A.C. 2nd GIG,1,9.2
久仰大名,9,神作,2025-7-29 11:35,Self？,326,攻壳机动队 S.A.C. 2nd GIG,1,9.2
我的ghost让我打10分,10,超神作,2025-7-25 00:53,自由慧尾,326,攻壳机动队 S.A.C. 2nd GIG,1,9.2
依旧是较高的单元回水准（尤其是ep2饱食终日的我）。主线分双线展开，在第一部的基础上，更多地关注难民问题以及对ghost（存在与意识）的探讨。同时还丰富了一部分配角的塑造。支线剧情和主线的关联性更加紧密。依旧是思想最深刻的动画之一。,9,神作,2025-7-23 19:45,λΔ,326,攻壳机动队 S.A.C. 2nd GIG,1,9.2
强大到可怕的想象力,10,超神作,2025-7-23 11:45,凉薄君Qwo,326,攻壳机动队 S.A.C. 2nd GIG,1,9.2
Stand Alone Complex,10,超神作,2025-7-23 01:48,fmovi,326,攻壳机动队 S.A.C. 2nd GIG,1,9.2
放在今年也依然不逊色的群像描绘和教科书级别的剧情编排，与第一季根本的不同就是第二季采用的是将主线以暗线的形式穿插进单元回中，而且始终围绕着难民与仇恨的锁链布局。在故事中，个别的十一人只是一个引子，其背后牵扯出的SAC才是这部剧真正要体现的，身为创造出英雄的合田无意间让生而为英雄的久世站在众人面前，而理念不合的两人却在无意之中成就了彼此。最绝的地方就是剧情始终没有谜语人，塔奇克马的视角下，利用人工智能的强逻辑性帮助观众整理了剧情的同时也解决了疑点，最后合田与巴特的天台交锋本质上就是久世与合田理念冲突的体现，素子在两季中其实都担任了继承者的角色，如继承了笑脸男和久世的能力与理念，这段对白本质上还是让看不懂的观众理解到主创想要表达的东西——人人都有可能在无意间成为SAC（个别主义所组成的集合体）,10,超神作,2025-7-20 17:55,亚可·卡嘉莉,326,攻壳机动队 S.A.C. 2nd GIG,1,9.2
第二季明显更沉闷，无形的仇恨锁链已经形成。//ep6和ep10降智，托古萨太情绪化了,0,未评分,2025-7-20 11:48,乾小圣,326,攻壳机动队 S.A.C. 2nd GIG,1,9.2
无敌，真是跨时代的神作,10,超神作,2025-7-18 00:12,bocchi,326,攻壳机动队 S.A.C. 2nd GIG,1,9.2
伟大无需多言,10,超神作,2025-7-14 23:55,meanyves,326,攻壳机动队 S.A.C. 2nd GIG,1,9.2
"无聊，氛围也差，一股怪味。
第二季的主线就依托，想做大又没实力，不伦不类，搞笑死了",3,差,2025-7-14 23:47,官世子,326,攻壳机动队 S.A.C. 2nd GIG,1,9.2
仍然保持的高质量，不过最后的结尾有点难评，结果就是什么都没解决(bgm38)，不过塔奇克马感人(bgm74)。抛开结尾，动画的方方面面都很强，单元剧的完成度也不低，跟主线的结合也不错。最后还是要感叹一下制作，实在是太过精良了，作画令人震撼，更期待95版了(bgm38)。9——最长的河，最高的山,9,神作,2025-7-14 23:14,Yuri,326,攻壳机动队 S.A.C. 2nd GIG,1,9.2
补标/如果要形容看完这部攻壳之后内心中最强烈，最真挚的感受的话，那么肯定亳无疑问是“失语”,9,神作,2025-7-14 09:21,毒を喰らわば皿まで,326,攻壳机动队 S.A.C. 2nd GIG,1,9.2
个人心里最强的动漫,10,超神作,2025-7-12 20:08,抚琴的人,326,攻壳机动队 S.A.C. 2nd GIG,1,9.2
科幻,10,超神作,2025-7-12 17:08,YeahPeacePeace,326,攻壳机动队 S.A.C. 2nd GIG,1,9.2
感觉没第一季好看不知为何（）可能第一次看第一季带给我的惊艳感更多吧,8,力荐,2025-7-10 14:49,某不知名MS拍骆驼,326,攻壳机动队 S.A.C. 2nd GIG,1,9.2
神作，赛博题材的开山鼻祖,9,神作,2025-7-10 10:06,马赫啡速,326,攻壳机动队 S.A.C. 2nd GIG,1,9.2
看不懂，难民和国民的战争为什么会促进中美冷战？还有bgm上的人物简介只有几个主角，真的有点难绷。。。。。,9,神作,2025-7-10 03:15,lls,326,攻壳机动队 S.A.C. 2nd GIG,1,9.2
没有半句废话的番看着就是爽,10,超神作,2025-7-9 16:46,Ayasa,326,攻壳机动队 S.A.C. 2nd GIG,1,9.2
第二部深度比第一部多了，人物性格也更加鲜明，总体来说更加推荐,8,力荐,2025-7-9 10:26,hesperos,326,攻壳机动队 S.A.C. 2nd GIG,1,9.2
"部分单元回相当精彩，主线紧凑，并且内核极高。
鸭子在舒适区内属于无敌的，但是个人觉得还是第一季的人的哲学意义的讨论更精彩一些，一旦提及政治就会有一种粘腻的感觉吧，少了一分攻壳特有的那种空灵的感觉。",9,神作,2025-7-8 13:22,SunRey,326,攻壳机动队 S.A.C. 2nd GIG,1,9.2
补标,9,神作,2025-7-8 01:16,Iono,326,攻壳机动队 S.A.C. 2nd GIG,1,9.2
贡献了最飒最瑟的素子人设,5,不过不失,2025-7-7 08:54,Ashin,326,攻壳机动队 S.A.C. 2nd GIG,1,9.2
能登上第一不是没有原因的，鉴证这一块拉满了,10,超神作,2025-7-6 10:09,Neon,326,攻壳机动队 S.A.C. 2nd GIG,1,9.2
政治问题始终是一知半解 后三分之一都看昏头了 还是更喜欢第一季对社会问题的探讨 配乐一如既往的好听 op更是潮的没边,9,神作,2025-7-5 23:10,keenuum,326,攻壳机动队 S.A.C. 2nd GIG,1,9.2
补标,9,神作,2025-7-5 14:08,桜Ayane,326,攻壳机动队 S.A.C. 2nd GIG,1,9.2
111,10,超神作,2025-7-3 11:50,千早炫顺in,326,攻壳机动队 S.A.C. 2nd GIG,1,9.2
最有深度得作品，日漫里面少有的涉及到政治戏份还能写好的作品，但与此同时会相对有一些枯燥严肃除此之外再无挑剔,10,超神作,2025-7-2 19:23,弗·伊里奇,326,攻壳机动队 S.A.C. 2nd GIG,1,9.2
这一季政治色彩比起第一季要浓厚得多。难民始终都是被利用的一方，隐藏在难民问题下的内部政治路线的斗争才是本季的主题。最后的独立路线对于日本来说是一种理想化的状态，可惜目前看来这种理想只能停留在动画中,9,神作,2025-6-30 20:33,azisacat,326,攻壳机动队 S.A.C. 2nd GIG,1,9.2
比第一季优秀太多了，虽然看不懂政治，但流畅的叙事和一个个完美的小故事以及赞到爆的音乐真的无与伦比，什么时候多看几遍，看懂了再给更高分吧。,8,力荐,2025-6-30 14:08,さいふ ぐん,326,攻壳机动队 S.A.C. 2nd GIG,1,9.2
以难民问题为轴心，将社会格局的分析推向更宏观的层次，前作中晦涩的哲学探讨有所收敛，转而加入更多动作场面刺激感官，尽管依然不可避免的存在部分为求深度而舍弃观众感受的部分，作为科幻作品对于科幻层面描写不如前作，以及陀古萨的几集个人回水平太次有失水准，GIG还是完成了对SAC精神的继承与超越。,9,神作,2025-6-28 23:15,まきせ くりす,326,攻壳机动队 S.A.C. 2nd GIG,1,9.2
该说是看不下去还是怎么样呢，不是我的菜,4,较差,2025-6-27 14:37,西哈诺,326,攻壳机动队 S.A.C. 2nd GIG,1,9.2
社会政治学,9,神作,2025-6-25 10:50,小子Ian,326,攻壳机动队 S.A.C. 2nd GIG,1,9.2
无敌,10,超神作,2025-6-25 02:50,mono,326,攻壳机动队 S.A.C. 2nd GIG,1,9.2
不好看,1,不忍直视,2025-6-24 22:57,天空蓝,326,攻壳机动队 S.A.C. 2nd GIG,1,9.2
动画届火线,9,神作,2025-6-23 20:06,Benjamin Netanyahu,326,攻壳机动队 S.A.C. 2nd GIG,1,9.2
无需多言,10,超神作,2025-6-23 11:30,宇智波佐美春【秽土转生】,326,攻壳机动队 S.A.C. 2nd GIG,1,9.2
二周目未完成,9,神作,2025-6-22 15:30,SSSherly,326,攻壳机动队 S.A.C. 2nd GIG,1,9.2
借由“个别的十一人”案件展开的难民解放运动主线，交织着各角色的个人线和独立单元回，补全了少佐的情感线。对个人存在、群体意识和革命运动等政治话题进行了更加深度的探讨。前期画风和作画质量参差不齐，后期的主线神展开，展现了令人血脉偾张的政治博弈和大国角力,9,神作,2025-6-21 19:50,A$$tomach,326,攻壳机动队 S.A.C. 2nd GIG,1,9.2
单元剧好看 主线弱 感觉所有类型的剧都这个毛病,8,力荐,2025-6-20 15:31,四叠半和老仓育,326,攻壳机动队 S.A.C. 2nd GIG,1,9.2
10/10，赛博朋克题材的不朽名作。,10,超神作,2025-6-17 09:17,小红帽X,326,攻壳机动队 S.A.C. 2nd GIG,1,9.2
两季被塔奇克马感动到哭，塔奇克马是神,0,未评分,2025-6-15 02:05,oy,326,攻壳机动队 S.A.C. 2nd GIG,1,9.2
剧情悬疑性、叙事节奏、人物塑造、主线穿插一以贯之得优秀。相比第一季，在部分集数中作画的构图及色彩非常艺术，与人物心理和故事剧情相得益彰；对于主角的过去和情感描写更加具体，也因此产生了堪称封神的单集。然而，在主线故事的高潮部分，作者灌输了过多的政治理念，挤占了主题的叙事空间，对SAC的诠释除了规模上并没有比第一季更进一步。即便如此，仍然是难以逾越的作品。,9,神作,2025-6-14 23:13,Raguel,326,攻壳机动队 S.A.C. 2nd GIG,1,9.2
牛逼,10,超神作,2025-6-14 18:01,战场原黑仪,326,攻壳机动队 S.A.C. 2nd GIG,1,9.2
科幻外衣下是一个晦涩的政治问题，但是对于科幻的讨论也足够深刻，不管哪个方面都是非常深刻的作品。科幻下的哲学三问真是不得不品的一部分，不过灵魂与肉体这种95版的问题这部没有做出更多的解读，而标题的SAC，即科幻世界下个体与社会的结构关系的解读我认为才是本作被奉为神作的主要原因，如果只讨论灵魂与肉体那本作肯定达不到95的高度，比起这种哲学问题，更加现实的社会问题才更加深度。（这也是我非常喜欢PP1的主要原因，不过那边）,10,超神作,2025-6-14 14:55,AyxTT,326,攻壳机动队 S.A.C. 2nd GIG,1,9.2
个别集数作画还是崩，但已远胜一期，配乐也超越一期达到了登峰造极，但最终使其封神的还是剧情，量大管饱的文戏，精彩的政治戏，超高的信息密度，紧张诱人的节奏，环环相扣的单元和连贯主线，无不在观看过程中令我惊艳，完美兼顾协调剧情观赏性与一定深度的剧本，恐怕仅此一家，是我忘不了的绝佳观看体验,10,超神作,2025-6-12 23:09,再说吧,326,攻壳机动队 S.A.C. 2nd GIG,1,9.2
推荐，这种晦涩程度是我接受的极限了，无罪就没这个好懂。这一季的格局更大，政治意味更浓，不过我比较喜欢单元剧的。如果说上一季是无意识的sac，这一季合田、久世就在有意识利用sac了。集体的意识，也就是一种共识吧。现如今的网络环境，更能形容这一点。看似独立的个人意见，渐渐被回音室同化，成为某种集体的一部分。合田策划将难民问题引爆，迫使大国参与，来让国家获得利益。但总理使用内部的力量，九课阻止核弹引爆，一切回到原点。,10,超神作,2025-6-12 16:50,回忆的秋千,326,攻壳机动队 S.A.C. 2nd GIG,1,9.2
难民不过是吸血鬼的工具和饵料。2025年6月美国加州洛杉矶市爆发了因移民政策引发的严重骚乱事件。,9,神作,2025-6-12 00:52,Dolores  Haze,326,攻壳机动队 S.A.C. 2nd GIG,1,9.2
青梅竹马与为你背十字架的男人ww,7,推荐,2025-6-9 03:58,吃西生菜,326,攻壳机动队 S.A.C. 2nd GIG,1,9.2
水往低处流，人往低处走。民粹政治运动的结果必然会失败，乌合之众不能成事。,10,超神作,2025-6-8 21:40,北原和纱,326,攻壳机动队 S.A.C. 2nd GIG,1,9.2
除了结尾感觉可以更好，甚至整体比第一季还要好上不少，是真正意义上的非常值得逐句思考的作品啊,10,超神作,2025-6-6 22:52,kairt,326,攻壳机动队 S.A.C. 2nd GIG,1,9.2
当肉体不再是意识的必然容器，当记忆可以被随意修改，当情感变成可编程参数，人类究竟该以何种姿态确认自身的存在,0,未评分,2025-6-3 23:49,终末的旅行家,326,攻壳机动队 S.A.C. 2nd GIG,1,9.2
第一部的sac还只是社会现象的话，第二部中的野心家们已经开始利用这个现象了/gig的单元回和主线的联系更加紧密，整体节奏更紧凑刺激,9,神作,2025-6-3 12:08,黑须太一,326,攻壳机动队 S.A.C. 2nd GIG,1,9.2
太硬核了设定,10,超神作,2025-6-2 17:47,晨曦,326,攻壳机动队 S.A.C. 2nd GIG,1,9.2
补标9.5,9,神作,2025-6-1 20:56,vesper,326,攻壳机动队 S.A.C. 2nd GIG,1,9.2
剧情看的有点迷哈哈哈,8,力荐,2025-6-1 01:19,叮咚基,326,攻壳机动队 S.A.C. 2nd GIG,1,9.2
看得出来比第一季要火力全开的多，但是今日对日本人狭隘的认知已经刻在了骨髓，即使是20XX年的未来，日本还是太弹丸之地了，在中美之间只能是个棋子，实际观感不如第一季，但是无愧与SAC和押井守的大名，独树一帜的深度政治讨论动画。,9,神作,2025-5-31 20:53,lovelive,326,攻壳机动队 S.A.C. 2nd GIG,1,9.2
政治戏有点太多了有时还有点绕，看着看着容易看迷糊，不过嘛就算如此情节依旧很精彩还是很吸引人去点开下一集，看完确实很畅快，嘛虽说我还是更喜欢第一季的单元回啦……至于各种深刻的主题内涵就不说了毕竟我这个笨B确实看不懂,9,神作,2025-5-31 15:26,香蕉猫君,326,攻壳机动队 S.A.C. 2nd GIG,1,9.2
这一季对比上一季又是一个突破，全篇基本紧密围绕主线展开，并没有上一季那样拥有那么多的单元回，观感上升不少，不过也要承蒙第一季的人物塑造了，可以说是互相成就吧，一为二奠基，二也反哺深化了一的主旨。不得不说攻壳一二真是伟大的系列，剧本架构的成熟，演出手法优秀，对剧中角色的塑造立体，拥有值得讨论的主题，讲故事的能力真令人敬佩，感觉可以作为教科书去学习了。攻壳的政治戏码也可以说是引人入胜，事件深处权利的流动，势力之间的博弈，在剧情前中期大量铺垫，然后在最后几集的爆发，酣畅淋漓，催生了最后一集的神回。不得不说，塔奇克玛真的是我攻壳中最喜爱的一部分了，它一直作为对Ghost这一讨论点的直接推进，我每次攻壳的泪点都献给塔奇克玛了，此动画中其实并没有着很重的笔墨去写塔奇克玛，但它们的魅力还是甩开现在那些，敷衍讨论机器人与心的故事好几条街。大爱塔奇克玛~,10,超神作,2025-5-29 23:58,yzlmw,326,攻壳机动队 S.A.C. 2nd GIG,1,9.2
单元剧的风格最棒了。这部将政治惊悚和赛博科幻结合得相当得棒，这应该是后泡沫时代日本动画业界TOP1的剧本水平了吧。大部分应该是电视剧的剧本家吧/,10,超神作,2025-5-28 03:05,ひだみ(1.25倍速补番中）,326,攻壳机动队 S.A.C. 2nd GIG,1,9.2
哎，这么受欢迎，后面很想看，感觉不赖,0,未评分,2025-5-24 23:25,Qiqi,326,攻壳机动队 S.A.C. 2nd GIG,1,9.2
晦涩难懂的开头换来的是神回频发的中期以及劲爆尾杀，这是神山健治交出最满意的答卷；相比于第一季，这一季不管是趣味性还是首尾呼应都有很大提升，与此同时，攻壳系列一贯的深刻内涵也体现的很好。感谢神山健治，感谢士郎正宗，感谢押井守，没有你们我们看不到这个作品,10,超神作,2025-5-22 16:06,某路过的超电磁炮,326,攻壳机动队 S.A.C. 2nd GIG,1,9.2
说实话这部的平成味少了很多，也没有第一季有趣，中间也弃了好多回，感觉观感有两个问题，一个就是英雄的处理感觉有些强行弱化主角团，不仅是战力方面，另一个是老有人说什么这季很惨，我一看也没什么主角团牺牲惨在哪？被人当枪用的这种惨吗？总得来说还是更喜欢第一季,6,还行,2025-5-20 14:56,古韵澜珊,326,攻壳机动队 S.A.C. 2nd GIG,1,9.2
相比GIG，SAC第一部更适合我一些,10,超神作,2025-5-17 08:12,夜章曲,326,攻壳机动队 S.A.C. 2nd GIG,1,9.2
政治要素过多，总体又是对上一季sac概念追加探讨，到头来难民问题只是回归原点，人民还有很多坎坷路要走（和平保卫战既视）塔奇克马又一次牺牲自己这次是真鼻子一酸。相比注重主线我还是更喜欢上一季的弱主线人文单元剧，总之非常好作品，值得和第一季一起反复品位,8,力荐,2025-5-17 05:26,将爱赋予水の星,326,攻壳机动队 S.A.C. 2nd GIG,1,9.2
《和平保卫战》TV版。政治色彩比前作要浓厚不少：定位于「难民运动」的话题就算以今天的角度来看都非常前卫，主线与支线的联系比前作更加紧密，“冷峻压抑的氛围”中却也隐藏着“浓厚的人文精神”；从对「难民」的「内部防卫的种族-私人战争」一直延伸到「日美安保条约」的「外部防卫的国际战争」。以「难民解放运动」开始，以「无限忧国之路」结束：难民、国家、民众等话题，在与世界观相契合的同时又形成了一套“老练的现实预言”，“多方势力互相较量的宏大格局”确实引人入胜，并在最后以「进化革命理论」将故事再次聚合；在高度理性的现代化牢笼里，看不到传统的敌人、暴力革命/政变无法解决实质性问题，于是「进化理论」自然成为了久世英雄的最佳反抗途径。本作制造了一个「伪 STAND ALONE COMPLEX 」，正所谓“水往低处流，人心也往低处走。”,10,超神作,2025-5-15 14:54,牛子豪,326,攻壳机动队 S.A.C. 2nd GIG,1,9.2
"总体上是一部优秀的作品。

攻壳第二季在严肃内容上的探讨深度是无法否认的，但作为一部动画，它的首要任务是让人欣赏。很可惜它没能完美地做到这一点——看完前半我大呼过瘾，但是后半观感下滑严重。

1、剧情上的漏洞：尤其是久世偷渡进出岛（即最后决战的出发点）根本站不住脚。水下潜艇都能用卫星那么高分辨率地拍到了，海面上的一艘船却拍不到就那么让他靠近近海？只能说我真是不该把专业知识带入。

2、情感带入的极度缺乏。作品的目标显然就是讨论未来社会下的stand alone complex现象，为此塑造了多方对立的剧情线。我承认通过这样的做法，作品实现了对该现象的深刻探讨，但这样的代价是什么呢？观众的关注点完全放在了现象上，对各方动机完全可以置之不理。观众几乎完全是旁观者，很难沉浸在剧情里面。",7,推荐,2025-5-13 20:31,kwtk86,326,攻壳机动队 S.A.C. 2nd GIG,1,9.2
相较第一季更加强主线，单元剧和主线有明显联动，并且对sac进一步探讨，人为的制造sac并作为政治手段，不过主线的剧情模板真的好和平保卫战（甚至监督穿皮套下场拐跑女主），结局也如和平保卫战一般解决了合田却什么也没有改变，无论是明面上的出岛难民问题还是更深一层的其他的政治问题，全都没有解决，那股无力感伴随着最后少佐那怀疑人生般的表情溢出屏幕,10,超神作,2025-5-11 05:12,琉璃琉璃,326,攻壳机动队 S.A.C. 2nd GIG,1,9.2
菅野洋子的一战封神,10,超神作,2025-5-11 00:24,米饭吐司,326,攻壳机动队 S.A.C. 2nd GIG,1,9.2
有宏大政治背景有个体叙事有人性和社会的思考，好看爱看,9,神作,2025-5-9 01:32,蓝色饼铛号,326,攻壳机动队 S.A.C. 2nd GIG,1,9.2
围绕久世英雄的这个故事演绎的还是太拧巴了，找不到看第一季时的那种快感,8,力荐,2025-5-9 01:18,時雨白露,326,攻壳机动队 S.A.C. 2nd GIG,1,9.2
很爽，又蛮震撼和感动。zz要素和战斗场面表现得都很好，作为科幻片在各个方面上都做到了超高水平，在各个细节里也感受到了制作组对作品的热情。让人看完回到生活中对现实生活有点失恋的感觉。希望自己有朝一日也能感受到对自己生活/作品的感动。,10,超神作,2025-5-3 15:37,不二旭,326,攻壳机动队 S.A.C. 2nd GIG,1,9.2
就形式上来说较第一季更为规整，相较于第一季溢出类型的哲学思辨内容，第二季的政斗情节更加适合于本片的单元结构，但这同时意味着第二季的上限不如第一季。固然，专注于叙述政斗的始末让这一季看似仿佛更具现实主义倾向，然而承载这种故事的影像风格却严重拖了后腿。在大多数时候，这一季的影像完全没有提供给叙事及其主题表达提供任何积极价值，仅仅以一种不可见的姿态作为角色用刻板的台词和动作推进故事的背景，这进一步导致了一个我个人非常不喜欢的后果：整个叙事致命地欠缺真正的情感投入。即便ep26仿佛突然想起似的开始投入风格化的演出资源似乎做了一个完美的收尾，但这种昙花一现甚至还缺乏连贯性：塔奇克马拥有ghost并主动牺牲的桥段在第一季已经使用过而重复感十足，久世的理想虽有生长潜力但没能深入便已结束，而素子的感情线更是完全游离于主线的政斗之外。总之，并非个人喜爱的故事讲述方式。,7,推荐,2025-5-3 04:45,玄枝,326,攻壳机动队 S.A.C. 2nd GIG,1,9.2
2025/4/30 相较于第一季的现代科技对于社会伦理道德乃至犯罪的重构，这一季似乎聚焦的是日本自从近代转型以来就经常被讨论的思想问题在遇到片中所处在的新转型时代诞生的新政治问题。,10,超神作,2025-4-30 15:27,Barnett,326,攻壳机动队 S.A.C. 2nd GIG,1,9.2
高中就决定补番并看了两集，补了十几年才补完。但挺好的，在更合适的年纪看完这部作品，对其中触及的社会议题有了更多的体会，人与AI、正义与理想，比预想的要有温度得多的。,9,神作,2025-4-27 00:25,バカ星人,326,攻壳机动队 S.A.C. 2nd GIG,1,9.2
『94』在任何方面上都比sac优秀，我不相信有人看到塔器科玛牺牲不为之感动的“你们或许都有灵魂”真的太震撼，毫无疑问是我动画生涯的no.1，感谢神山，感谢鸭子，感谢营野洋子，感谢田中郭美，感谢土郎，网络无限宽广，意识至上，致. 攻殻機動隊.结//期待26年更贴合原著的搞笑素子,9,神作,2025-4-25 10:29,诗折,326,攻壳机动队 S.A.C. 2nd GIG,1,9.2
日本动漫科幻的巅峰，抛开里面深层的哲学以及社会心理学不谈，主线的政治惊悚剧也是非常优秀,10,超神作,2025-4-23 17:06,ALexRounder,326,攻壳机动队 S.A.C. 2nd GIG,1,9.2
这个系列是真神,9,神作,2025-4-23 12:43,czjun,326,攻壳机动队 S.A.C. 2nd GIG,1,9.2
到底还是鸭子的格局更大一些,9,神作,2025-4-20 17:41,Sonnet,326,攻壳机动队 S.A.C. 2nd GIG,1,9.2
非常喜欢的作品，虽然最后的主线剧情收束得有点爆米花，但是中间的单元剧很有意思，对于攻壳世界观的塑造相比第一季更有深化，把其具像化、独特化了。主题上应该是想把这样的世界观打开到更大层面，但相比第一季会感觉稍显失败，最终落到了观感层面的优势，比如巴特抗十字架的画面，跟剧情有点割裂，做的差一点可能就变成槽点了。因而在我这里是比第一季差的，因为它做到的只是许多科幻佳作都做到的事，内涵向剧情让步，剧情向人物让步，整个倒错了，没有很好地继承第一季sac的概念的精髓，反而落到了个别主义与它的产物上。（另外色雷斯真的神曲啊）,9,神作,2025-4-19 20:47,qznd,326,攻壳机动队 S.A.C. 2nd GIG,1,9.2
神中神,10,超神作,2025-4-15 11:33,昨日綾波明日香,326,攻壳机动队 S.A.C. 2nd GIG,1,9.2
"主线：4-5,7,9,11-12,16,19-26; 支线：1-3,6,8,10,13-15,17-18",0,未评分,2025-4-15 11:05,三花房间的入侵狸花,326,攻壳机动队 S.A.C. 2nd GIG,1,9.2
9.5,10,超神作,2025-4-15 10:24,QuanLion,326,攻壳机动队 S.A.C. 2nd GIG,1,9.2
我要看萝莉少佐,8,力荐,2025-4-14 23:40,dth,326,攻壳机动队 S.A.C. 2nd GIG,1,9.2
今より美しい未来へ、微笑みを,9,神作,2025-4-14 10:30,栗悟飯と熊パンツ,326,攻壳机动队 S.A.C. 2nd GIG,1,9.2
太多政治戏码 反而第一季会更加本质,8,力荐,2025-4-14 07:21,EMT,326,攻壳机动队 S.A.C. 2nd GIG,1,9.2
k可以,10,超神作,2025-4-14 02:34,heimanba666,326,攻壳机动队 S.A.C. 2nd GIG,1,9.2
"断断续续看了3遍，感觉可以从攻壳中毕业了。
sac第二季最突出的优点还是塑造了合田这个真正智商在线的反派。在政治家都是小可爱的二次元里给了所有人一点小小的成年人手腕的震撼。合田以一个简单的阳谋与官大一级压死人成功碾压了九科，可以说是有老师的身份参与到了初中生的勾心斗角中的感觉（动漫极端的采取了核弹这个伤敌一千自损八百的模式，在地球online中不需要做到这一步）。
至于世界观，构建的很有前瞻性，科技与政治的结合极具真实感，不过除了难民问题外的人机关系，哲学思辨在sac第二季中浅尝辄止，但对于动漫来说则有一股高逼格的朦胧美（好像说了什么，但又啥都没讲）
总的来说，我觉得的攻壳机动队这个系列最大的特点是真正把动漫当成了一个和书一样的载体，可以舍弃掉娱乐性，严肃的思考，这是具有里程碑意义的。再加上先进的制作，真像来自未来的作品",10,超神作,2025-4-11 00:48,清音,326,攻壳机动队 S.A.C. 2nd GIG,1,9.2
"虽然是曾经的作品，但似乎是在描绘此时此刻的现世，又似乎是在预告不久的明天,被编剧的先见所深深折服。// 实至名归的TOP1，最后的1分留给未来看懂这部的自己。",9,神作,2025-4-8 16:28,euforia,326,攻壳机动队 S.A.C. 2nd GIG,1,9.2
有种说不出来的感觉，明显觉得不如第一季好看,0,未评分,2025-4-5 16:05,青涩的午后,326,攻壳机动队 S.A.C. 2nd GIG,1,9.2
最好的攻壳机动队，无与伦比的杰作,10,超神作,2025-4-4 22:18,OluDara-hendryx,326,攻壳机动队 S.A.C. 2nd GIG,1,9.2
"尽管沿用了sac中的stand alone complex,但相较于更侧重于探讨人与社会的第一季，在押井守的深度参与下，gig更侧重意识形态的冲突与政治的博弈；而在情节架构上，gig将支线与主线更紧密地结合起来无疑是更高明的做法。对我个人来说，gig的结局可能不是最好的，但绝对是最令人动容的：英雄主义的光辉、崇高的理想、现实主义的忧虑以及国家民族的自决如此巧妙而自然的汇于一处，导向这无比厚重的end。十分奉上",10,超神作,2025-4-4 20:45,AFO,326,攻壳机动队 S.A.C. 2nd GIG,1,9.2
剧情确实不错，就是背景设定有点难绷......,9,神作,2025-4-3 17:14,鱼吐泡泡水,326,攻壳机动队 S.A.C. 2nd GIG,1,9.2
剧情太牛逼，一遍怕是看不懂,10,超神作,2025-4-2 20:17,InfernityDesGunman,326,攻壳机动队 S.A.C. 2nd GIG,1,9.2
理性与感性交织呈现的赛博现实主义悲剧,8,力荐,2025-3-31 10:19,44,326,攻壳机动队 S.A.C. 2nd GIG,1,9.2
从排行榜第一开始往下补，能排到第一这个位置其各方面真的都非常的神。但是每一集信息量非常大，单元剧的形式需要慢慢看。,10,超神作,2025-3-31 01:28,林止水,326,攻壳机动队 S.A.C. 2nd GIG,1,9.2
"9.4/“你能用义体折千纸鹤吗？”
人们总像水一样流向低处，我眷恋身体中流淌的血液，同时却又渴望着孤高的灵魂，茕茕孑立的我，在现实与网络间游行。
前路黯淡无光，革命的火苗又在何处呢？",10,超神作,2025-3-29 08:56,迷路,326,攻壳机动队 S.A.C. 2nd GIG,1,9.2
剧情3画面3音乐3/毋庸置疑的超神作，兼具了严肃性和娱乐性的日本动画巅峰之作。在第一季提出的议题上更深入地探讨了更为现实的社会问题，其所讽刺和揭示的内容也因其预见性让人难以想象这是一部近20年前创作的作品，部分单元回虽然与作品基调不符却也保持了相当的水准。比起第一季结尾在图书馆的干讲话，在第二季更多地引入了宗教意味浓厚的呈现手法，空自的战机掠过海面和攻壳车们唱着歌坠下卫星更是永生难忘的名场面。如果是以这样的作品作为老动画的门面的话，那倒是可以理解为什么会有厚古薄今的人存在了。/一开始是作为第一千部番的纪念才挑选了这部作品，实际看完之后反而有种宿命感，仿佛之前看的番全都是为了塑造出决定观看这部番的我才被我看完的，这样的一部作品如果太早看到未免囫囵吞枣，或许以后到一千五，两千部番的节点再看又会有别的体验吧。,10,超神作,2025-3-28 05:42,絕世渣女唐可可,326,攻壳机动队 S.A.C. 2nd GIG,1,9.2
不好看，太闷,1,不忍直视,2025-3-27 12:27,[已封禁],326,攻壳机动队 S.A.C. 2nd GIG,1,9.2
"剧情，人物，演出，制作，音乐都是顶级的。
有些维度更有跨越时间和领域的影响力。
10分神作",10,超神作,2025-3-24 20:22,bon,326,攻壳机动队 S.A.C. 2nd GIG,1,9.2
神作，无需多言,9,神作,2025-3-23 23:14,卡希勒,326,攻壳机动队 S.A.C. 2nd GIG,1,9.2
神作，无需多言,10,超神作,2025-3-23 20:16,希洛,326,攻壳机动队 S.A.C. 2nd GIG,1,9.2
"第二季GIG有押井守的协力让第一季SAC从警匪片延伸到了政治片的领域，剧情可谓是野心且大胆而前卫，在Stand Alone Complex的基础上增加了对社会形态的探讨，各方面势力的冲突交织以及单元剧的穿插也十分精彩，主线脚本依然是攻壳的强势区，剧情、画面、音乐等各方面都是集大成，可以说第二季GIG的作画演出脚本是全方面胜过第一季SAC，削减了单元回的集数增加了主线的进程，私心认为比押井守的两部剧场版更有观赏性。

个人评分 9.85分；

动画观影生涯：最佳剧情",10,超神作,2025-3-21 12:58,二次元测评,326,攻壳机动队 S.A.C. 2nd GIG,1,9.2
故事不见得讲得比第一季好，倒是不知道学起谁来当起谜语人来了,0,未评分,2025-3-21 09:48,爱生活,326,攻壳机动队 S.A.C. 2nd GIG,1,9.2
10,10,超神作,2025-3-19 17:45,吉卡哇,326,攻壳机动队 S.A.C. 2nd GIG,1,9.2
前中期比较神神叨叨的，很多时候看不懂角色想要的诉求，只到进出岛了才终于搞清楚了，剧情也变得好看了，这一部我认为相较上一部来说更注重于政治与社会层面的探讨，和上一部各有优劣吧。这季度单元剧很少，可能是因为合田和久世这两个人的主线爆发了两个事件，好消息是补上了一点其他队员的个人回。总体来说也算是补偿了第一部的遗憾,9,神作,2025-3-18 19:55,星野加农,326,攻壳机动队 S.A.C. 2nd GIG,1,9.2
目前正在龟速补番中，塔奇克马真萌,9,神作,2025-3-17 14:36,Alenai,326,攻壳机动队 S.A.C. 2nd GIG,1,9.2
补标，第一季没写什么就在这里感慨一下，sac里的很多东西真的是常看常新，不得不让人佩服其无与伦比的前瞻性,10,超神作,2025-3-16 18:47,默沉,326,攻壳机动队 S.A.C. 2nd GIG,1,9.2
无论哪一个方面都是神作啊！,10,超神作,2025-3-15 19:54,cordlelele,326,攻壳机动队 S.A.C. 2nd GIG,1,9.2
8.0,8,力荐,2025-3-13 02:35,小小小薰,326,攻壳机动队 S.A.C. 2nd GIG,1,9.2
没看完，打算找个时间好好看,7,推荐,2025-3-10 02:19,Akarin~,326,攻壳机动队 S.A.C. 2nd GIG,1,9.2
不同于押井守执导的剧场版塞满了抽象、隐喻，弱化情节以强化哲思，TV版更加紧凑、悬疑，以事件驱动叙事，在主题方面侧重于社会结构、政治权力与技术伦理，而非像剧场版那样聚焦个体存在主义与意识本质。个人认为两部剧场版其实要比sac更优秀的，但是TV版融合了政治阴谋、社会议题与角色成长，更贴近大众娱乐需求。,10,超神作,2025-3-7 18:00,可爱浩轩宝宝☺️,326,攻壳机动队 S.A.C. 2nd GIG,1,9.2
神作,10,超神作,2025-3-6 13:00,金木研,326,攻壳机动队 S.A.C. 2nd GIG,1,9.2
战斗，政治，科幻，回忆，爱情，掉书袋，吉祥物，要素齐全且每一项的完成度都高，面向成人的划时代商业动画片，同时在世纪之交，08金融危机还未到来之际意味深长的标示了某个时代的落幕。,0,未评分,2025-3-4 14:50,junkmen,326,攻壳机动队 S.A.C. 2nd GIG,1,9.2
"“套着资本的皮，本质上还是理想的社会主义”
最后的日本独立，难说。
灵魂的ghost也能存在于网络之中吗？还是挺令人期待的。
核独立还是能理解，毕竟现实也一样。
0.01日圆级别的贪税，颇具现实意义。
日本难民问题，就是预言级。

再往下解析，就该进去了。",10,超神作,2025-3-2 22:55,而无,326,攻壳机动队 S.A.C. 2nd GIG,1,9.2
就算不习惯看这类型的也能给出较高的分数,8,力荐,2025-3-1 03:22,言若言,326,攻壳机动队 S.A.C. 2nd GIG,1,9.2
考虑时代因素毋庸置疑的神作。但也不必狂吹主旨、内核、剧情、文戏等等，以文艺探讨的话，跟严肃小说差距还很大,9,神作,2025-2-28 17:53,Syaniki,326,攻壳机动队 S.A.C. 2nd GIG,1,9.2
听身边人推荐特别好,10,超神作,2025-2-28 14:47,梦想,326,攻壳机动队 S.A.C. 2nd GIG,1,9.2
叹为观止.,10,超神作,2025-2-26 22:36,青楸离霜,326,攻壳机动队 S.A.C. 2nd GIG,1,9.2
“让阳光透过我的手掌 我的热血鲜红地流淌”，核弹的尘埃落下，化作和平的雪，机械们的灵魂飘向深空，在世界的角落悄悄地洒下自己的星屑；虔诚的骑士挥舞着十字架，两个久别重逢的灵魂手握青苹果，在废墟深处相拥；“你能用义体折千纸鹤吗 ?”——“现在可以了”，但你却再也没有机会亲眼见证。//或许，到最后的最后，「Stand Alone Complex」既无关笑面男的幽灵，也无关个别十一人的陷阱，而是关于在这个冰冷、腐化的赛博地狱，每一个孤立的、匮乏的个体，在苟延残喘中，仍然得以将自己最后的温度，凝聚成这残缺世界的一寸光芒、一缕希望。以冷峻、深邃的政治寓言为外壳，这是一个有血性的故事，亦是关于「Ghost」的赞歌。,10,超神作,2025-2-24 14:20,MrCloudz,326,攻壳机动队 S.A.C. 2nd GIG,1,9.2
不如第一季，搞出一个久世英雄来搞个人英雄主义，素子的恋爱脑也使观感直线下滑，但瑕不掩瑜,9,神作,2025-2-24 01:23,滩滩,326,攻壳机动队 S.A.C. 2nd GIG,1,9.2
还可以,8,力荐,2025-2-23 22:54,wmss888,326,攻壳机动队 S.A.C. 2nd GIG,1,9.2
"补评分
4.5
依旧宏大的世界观。动画的画面比第一季进步很多。主题和第一季差别很大，涉及更多政治、外交的内容。剧情主线基本理解，但一些细节问题还是没看懂，尤其是结局部分，隐喻比较多。难民问题确实超前，但久世解放人类的方法不敢苟同，有种通过网络改变人类向下流的天性，以此创造美好乌托邦之感。反正主题方面我觉得还是第一季关于stay alone complex的哲学内容更有意思。",9,神作,2025-2-21 10:44,中二病就得多看番呐,326,攻壳机动队 S.A.C. 2nd GIG,1,9.2
补标，什么时候有空的时候再看一遍,0,未评分,2025-2-21 01:20,Pro䴾䬏音,326,攻壳机动队 S.A.C. 2nd GIG,1,9.2
很难想象这是04年的作品，只能用神作来形容,10,超神作,2025-2-18 01:02,喵帕斯,326,攻壳机动队 S.A.C. 2nd GIG,1,9.2
神,10,超神作,2025-2-17 22:16,派小星,326,攻壳机动队 S.A.C. 2nd GIG,1,9.2
"剧情人物5/5 伟大无需多言
主旨3/3 （放在日本动漫里）确实思考了不少东西
音画表现 2/2",10,超神作,2025-2-15 12:53,Wonderlish,326,攻壳机动队 S.A.C. 2nd GIG,1,9.2
鉴证动画,8,力荐,2025-2-14 16:02,Z亚比,326,攻壳机动队 S.A.C. 2nd GIG,1,9.2
论综合质量sac2 无疑是全年代TV的顶点，但这个系列只有题材我不喜欢，无论是押子的“鸭味”，还是神山的现实主义，以及Ghost in the shell本身在讨论的赛博朋克意志，后人类社会还有所谓正义这些我都很喜欢，但无论以何种形式沾上政治，我都会嗤之以鼻，这东西会给作品上枷锁，更会把其锁在一个合理的框架上，成为所谓的符号化。对于我来说讽刺的是如果会出现比sac2更优秀的动画的话，那么被政治锁住的社会将会解放吧？无论社会如何演变，全体意志和公共意志间存在巨大差别，前者顾及私人利益不过是个别意志的总和，但却能消弭个别意志中相互抵制的正反两面。而剩下的正面一直或反面意志即代表公共意志，而后者只考虑公共的意义。不过对于我来说，去除所有别的感受，自身存在的知觉基本身即为一种非常可贵的安宁，只在这种心境中寻求补偿，这不是命运或别人能夺走的。,9,神作,2025-2-9 22:44,此在tomoyo,326,攻壳机动队 S.A.C. 2nd GIG,1,9.2
唯一缺点是有点看不懂,9,神作,2025-2-9 21:06,走地鸡,326,攻壳机动队 S.A.C. 2nd GIG,1,9.2
在大学结束衔接工作的假期中刷完的，科幻的“壳”以及对内心的探讨都令我欲罢不能。它使我对我的工作（程序员，里面的设备亦或使用方式等都太炫酷了。现在看有种中古科幻的感觉）更热爱了一分，同时又推着我去阅读了《麦田里的守望者》《香蕉鱼》等著作对我的ghost 有着重要的影响。,9,神作,2025-2-9 15:32,0722,326,攻壳机动队 S.A.C. 2nd GIG,1,9.2
Ghost与身心、网络与肉体、奴隶国家与消费国家、个人主义与社会集体，不论是哪一个主题的内容都非常令人深刻，好看。,9,神作,2025-2-9 11:32,觀鈴北,326,攻壳机动队 S.A.C. 2nd GIG,1,9.2
9分最上位，第一次看的震撼无法忘记,9,神作,2025-2-8 21:35,幻,326,攻壳机动队 S.A.C. 2nd GIG,1,9.2
神开启一个时代，后生不知道他的功绩。,8,力荐,2025-2-7 23:14,落雨梨花诗,326,攻壳机动队 S.A.C. 2nd GIG,1,9.2
政治斗争冷酷严肃，剧情处理密切缝合。不愧是日本科幻的台柱级别，在如今人工智能时代反而愈发显现思想锋芒，给我这个科幻迷看爽了,9,神作,2025-2-6 20:50,网友八顺奈,326,攻壳机动队 S.A.C. 2nd GIG,1,9.2
商业性与艺术性的完美结合，动画史上难以逾越的巅峰,10,超神作,2025-2-6 17:00,LC,326,攻壳机动队 S.A.C. 2nd GIG,1,9.2
要不是这部动画 我也不会去学什么劳什子生物医学工程,10,超神作,2025-2-3 22:08,bernkastal,326,攻壳机动队 S.A.C. 2nd GIG,1,9.2
"太严肃了所以评分的人数才这么少
全员聪明人的番真越来越难找了，后期的政治斗争第一次看的脑仁疼，结合现实重刷方觉惊为天人
但整体感觉配乐一般，一分扣配乐
可能是本人专业问题，感觉还是第一步更好",9,神作,2025-2-2 00:14,lblqnhcz,326,攻壳机动队 S.A.C. 2nd GIG,1,9.2
很难评价这种番，因为他让我很难记住他的中心剧情，所以看了会忘，并非否定他剧本的深度和一些跨时代的风格，只是他这种中心飘摇不定的动画确实难印象深刻，毕竟每集讲每集的事，主线断断续续,8,力荐,2025-2-1 00:42,Hayakawa Harune,326,攻壳机动队 S.A.C. 2nd GIG,1,9.2
神,10,超神作,2025-1-30 18:06,柊筱娅,326,攻壳机动队 S.A.C. 2nd GIG,1,9.2
8.5//相对于1，2的故事性更强，后期多方势力盘根交错，局势诡谲莫测，但是对每方势力的描写却都细致入微，最难得的还是给了一个值得回味的结尾。,8,力荐,2025-1-27 23:38,under 7,326,攻壳机动队 S.A.C. 2nd GIG,1,9.2
好看,9,神作,2025-1-25 23:21,丰川祥子,326,攻壳机动队 S.A.C. 2nd GIG,1,9.2
神作！,10,超神作,2025-1-22 19:36,wwwkgy,326,攻壳机动队 S.A.C. 2nd GIG,1,9.2
狠活，有两成没完全看懂，搞明白之后回来评价,0,未评分,2025-1-19 22:13,FengYou,326,攻壳机动队 S.A.C. 2nd GIG,1,9.2
"绝对值得吹爆的10分！虽然单元剧节奏偶尔慢热，但主线的政治博弈堪称教科书级别——内阁、外资、难民组织多方势力暗流涌动，信息战和心理操控看得人头皮发麻。塔奇克马的意识觉醒简直惊艳，当AI战车唱着歌挡住核弹时，机械的浪漫主义直接封神。

最戳我的还是对现实的预言：难民问题、网络操控、集体无意识，如今看全是神准的赛博启示录。尤其是「个别十一人」事件，把乌合之众的心理拿捏得死死的。虽然配乐没有第一季那么抓耳，但菅野洋子的电子迷幻风配上九课雨中作战的场景，还是帅到起鸡皮疙瘩。

作为二十年前的作品，它讨论的AI伦理和意识本质，在ChatGPT时代反而更显深刻。可能新人会被复杂的政治线劝退，但熬过前10集后简直停不下来。这不是快餐动画，是需要配着弹幕解析食用的硬核科幻盛宴，至今仍是我心中赛博朋克的巅峰。",10,超神作,2025-1-14 23:40,苏杭,326,攻壳机动队 S.A.C. 2nd GIG,1,9.2
个人观感不如第一季，整体节奏有点闷，也可能是对政治戏码不是很感兴趣，但不可否认攻壳是日本动画里的一座里程碑,10,超神作,2025-1-12 19:58,Charlie,326,攻壳机动队 S.A.C. 2nd GIG,1,9.2
有些比较无聊有些有点意思,7,推荐,2025-1-11 18:21,爱缪的小W,326,攻壳机动队 S.A.C. 2nd GIG,1,9.2
政斗主线非常精彩，不过观感太闷+制作上炫技太少,9,神作,2025-1-11 16:57,春风奏月,326,攻壳机动队 S.A.C. 2nd GIG,1,9.2
"神山健治的TV版主要是探究人类近未来社会的问题。社会问题也会由此引发出人性问题，社会问题：政府与企业的合谋（难民事件）；战争经济链（核威慑博弈）。人性的坚守：塔奇克马AI自发牺牲，证明机械也能产生""灵魂""（一种奇幻式的对人性坚守的刻画）；素子始终保持""选择权""（表现在：95电影版中选择与傀儡师融合，放弃人类身份；《无罪》中，即便已脱离人类形态，依旧选择帮助巴特对抗黑暗；笑脸男事件中保护笑脸男并替他保守秘密；个别的十一人中发现政府操纵并利用难民后选择和组织一起与政府对立；SSS中选择独自以＂傀儡师＂的身份帮助9课），即便肉身消失仍坚守正义，这也是她的特质之一：无论自身情况如何，都会坚守正义，对抗不公与腐败。一些成真的预言也很有意思：义体技术 → 脑机接口；电子脑污染 → 社交媒体算法茧房；笑脸男事件 → 维基解密/斯诺登事件。",0,未评分,2025-1-9 00:05,珂丶Nota,326,攻壳机动队 S.A.C. 2nd GIG,1,9.2
感谢神山为我们提供了新的思考维度，让处于和平中的我们能够借由他们的体验与经历 参与他们所描绘的世界/带入和思索我们以自己的经历 也许永远不会构想 却无比真实的宏大叙事与人文内容/甚至在不远的将来 这些内容可能回对我们产生启示。sac对我来说就是这样一部具有时代性的作品。,9,神作,2025-1-8 18:47,南羲猫,326,攻壳机动队 S.A.C. 2nd GIG,1,9.2
贡献了许多极为精彩的单元回，非常喜欢11话，虽简短却感人至深。,9,神作,2025-1-8 15:30,High_Logic,326,攻壳机动队 S.A.C. 2nd GIG,1,9.2
一部内涵极其丰富的科幻动画。故事对人意识的存在以及社会问题进行了各种各样的探讨，各种主义思想也在作品中提及，结合日本当时的年代，也充满了极强的时代印记，这也使得我久久不敢对此作做出最后的评价。单从故事来说，这绝对是无与伦比的深刻动画。或许是我审美较低，在观感层面上其实比不上现代的霸权新番。这也能理解，现在的动画肯定更符合现在的受众，动画这门艺术也是在不断进步的，视听语言、演出技法这些都会影响作品最后给人的感受，而在这一点上，本作并没有给我过多的演出上的冲击。但是，本作给与了我看番以来从未有过的强烈的政治思想冲击，不是反意识形态的那种，而是对社会、国家的更具有普适性的观点，这是思想层面的震撼，也是挺有趣的。,8,力荐,2025-1-6 22:02,社恐の波奇想看番,326,攻壳机动队 S.A.C. 2nd GIG,1,9.2
素子的感情戏有点降智（,9,神作,2025-1-5 00:37,両儀_式,326,攻壳机动队 S.A.C. 2nd GIG,1,9.2
9.5,9,神作,2025-1-4 18:47,under78,326,攻壳机动队 S.A.C. 2nd GIG,1,9.2
9.6/在第一季的基礎上擴大了野心，把目光放到更遠大的國際關係與國家未來，GIG才是檢驗9課和神山智囊團有多大本事的一季。浪漫主義的體現比第一季更加強烈，配合上菅野洋子的配樂，哪怕是悶片也能讓我沉迷其中無法自拔。支線與主線的關聯性變得更強，劇本如同合田一步一步推演理性的展開，9課在分散後再次重新集合，塔奇克馬也再次違反命令，少佐也致敬了經典一跳。一切都沒有改變，包括日本的國際地位，難民問題回到原點，而日本的未來仍然只會在大時代背景的浪潮中在夾縫中求存，繼續上不去下不來，直至死亡的到來,9,神作,2025-1-3 03:57,界FFLLOW,326,攻壳机动队 S.A.C. 2nd GIG,1,9.2
SAC的真谛,9,神作,2025-1-1 21:58,Sangreal,326,攻壳机动队 S.A.C. 2nd GIG,1,9.2
准备补,0,未评分,2025-1-1 19:36,汐,326,攻壳机动队 S.A.C. 2nd GIG,1,9.2
整体很不错，结尾感觉粗糙了，首相能掌握空军为什么到最后才出现，空军的设定似乎把前面的矛盾推翻了,9,神作,2025-1-1 14:44,羽川翼,326,攻壳机动队 S.A.C. 2nd GIG,1,9.2
我记得初中刚出的时候看过，过两天补一下。,0,未评分,2025-1-1 01:56,风魔神,326,攻壳机动队 S.A.C. 2nd GIG,1,9.2
政治戏看爽了,10,超神作,2024-12-28 20:59,ouo这里是oyyx,326,攻壳机动队 S.A.C. 2nd GIG,1,9.2
赛博朋克作品一个绕不开的高峰 政治与社会 个人与集体 意识与灵魂 存在与虚无,9,神作,2024-12-27 15:23,ConstantineSiri,326,攻壳机动队 S.A.C. 2nd GIG,1,9.2
"“そして登壇者が舞台挨拶を締めくくる挨拶をする中、田中は「ここにこうして立っていられるだけで心 から幸せです。『攻殻機動隊』 は『最後の人間』で一旦結末を迎えるのかもしれません。でもどうか忘れないでください。皆さんがネットにアクセスする時、『攻殻機動隊』にアクセスする時、私たちは、私はいつまでも皆さんのそばにいます。どうか忘れないでください!」と、シリ一ズ作品である『イノセンス』の草薙素子のセリフを引用し、熱い涙を流しながら、作品を支えるフアンたちに謝辞を述べ、フアンからの大きな拍手が会場に鳴り響いた。”
谢谢你带给我们的作品，一路走好！",0,未评分,2024-12-25 08:13,asashiki,326,攻壳机动队 S.A.C. 2nd GIG,1,9.2
具有一定前瞻性。应该会是一部常看常新的片。,10,超神作,2024-12-25 00:36,_三千界切那,326,攻壳机动队 S.A.C. 2nd GIG,1,9.2
比第一季更好看了,8,力荐,2024-12-24 22:21,砂,326,攻壳机动队 S.A.C. 2nd GIG,1,9.2
我就喜欢一部作品能严肃认真的对待政治和社会问题这两件事,10,超神作,2024-12-19 23:22,隼龙,326,攻壳机动队 S.A.C. 2nd GIG,1,9.2
一部无论是从剧情还是人设上都不会让人觉得无聊的作品,10,超神作,2024-12-17 19:58,SAGIRIXX,326,攻壳机动队 S.A.C. 2nd GIG,1,9.2
"重要的是，我终于遇到了我最喜欢的那种反派，就是不自己亲自下场，只是加以引导就可以达成自己的目的，在这之前我只遇到了一个半，一个是高达seed的克鲁泽，半个是泽塔奥特曼里的塞雷布洛，半个是因为最后他还是亲自下场了，第一个他对整个战局只是充当一个关键时刻搅局和送情报的工作，但是攻壳2的反派是真的牛逼，他依靠国家力量与情报管制直接造成了国家内部的分裂，并且当主角意识到的以后大势已经完全无法挽回，太牛逼了这个反派
不是，攻壳二这么硬核的科幻番里，写感情戏的时候居然是天降青梅？！！！",10,超神作,2024-12-16 23:55,Leborn Nexus,326,攻壳机动队 S.A.C. 2nd GIG,1,9.2
更社会心理学了，但比1差点键政,7,推荐,2024-12-16 22:40,艾利欧,326,攻壳机动队 S.A.C. 2nd GIG,1,9.2
9.2 以劇情來說還是比較喜歡第一季的笑面男 第二季SAC的展現相較第一季來的混濁 卻又更深刻  對EP21展開的有點失望 但結尾卻收束的很好 搭上菅野洋子的配樂 把情感渲染做到了極致 EP11和26的前後呼應 被久世救贖與復仇的三觀所感染 最後留了上部構造的懸念 塔奇克馬鞠躬盡瘁邊唱歌邊擋下核彈 再次違抗命令 遵循自我 完美詮釋圍繞在一二季中Ghost的核心 也在片尾留下彩蛋 政治戲碼燒腦到不行 隱含的各類主義 各種思想 以及各單元回的反思 餘音繞樑 不細品真的很難理解其內核 最後把悟道理念融合進賽博世界觀中實現網絡諾亞方舟、賽博飛升 這腦洞不是真一般的神,10,超神作,2024-12-16 19:20,uz,326,攻壳机动队 S.A.C. 2nd GIG,1,9.2
9，,9,神作,2024-12-14 19:36,最上旭,326,攻壳机动队 S.A.C. 2nd GIG,1,9.2
好累呀看得//ghost会随着肉体改变而改变//模糊的界限，阴谋和阴谋论//创造仇恨连锁，让“消费”（迫害）在语境中合法...和现在网络社会上一些逐渐娱乐化的东西很像呢//高度信息化的时代，仇恨的挑动是否变得更简单——一种思想单极化//结局倒是没有吊书袋，重心变了，但平衡很好//不那么sac的，赤红色与黑灰色交织的攻壳机动队//延续了95对ghost的探讨,9,神作,2024-12-13 19:08,衔枚,326,攻壳机动队 S.A.C. 2nd GIG,1,9.2
gig本质上是处在pat2和无罪延长线上的作品，比pat2思考了更多，比无罪更浅尝辄止。做到了很好的抛问，并没有给出解答。但并不全是坏事，大众化的剧情和发散性的脉络，使得gig在鸭子这一脉的剧本中无疑是最出彩，最平衡的。义体将人的身心剥离后，网络又潜移默化地制造出相似的个体意识，因此合田得以伪造出名为个别的十一人的sac现象。但即使在集体无意识的漩涡中，也会出现真正拥有独立思维的Hero。顺应向低处流的群众心理的十一人，其ghost不知道在何处徘徊；而鸦群中的白鸽，偶然拥有个体意识的机械，则作为先驱者奔向了网络。难民问题与社会动荡仍未解决，但革命已经悄然发生。它从不是金字塔顶端的更替，而是下部构造开始的推倒重建，先驱者们已然彰示了这点。我们的shell暂居此处，而我们的ghost将去往何方？,10,超神作,2024-12-10 02:04,航迹云,326,攻壳机动队 S.A.C. 2nd GIG,1,9.2
太他妈牛逼了,10,超神作,2024-12-10 01:02,This_is_Y,326,攻壳机动队 S.A.C. 2nd GIG,1,9.2
10。跟带火一起看的就是爽，治好了我的补番拖延症,10,超神作,2024-12-9 23:22,哥特萝莉惠惠,326,攻壳机动队 S.A.C. 2nd GIG,1,9.2
面对此等究极剧情力作，我只能被震撼到浑身颤抖。或许在做出一点不自量力的稍详细的评价前，我还需要很长的消化时间。,0,未评分,2024-12-8 00:22,潮留美海,326,攻壳机动队 S.A.C. 2nd GIG,1,9.2
好看,7,推荐,2024-12-4 12:38,笼中文鸟,326,攻壳机动队 S.A.C. 2nd GIG,1,9.2
优秀的赛博朋克动漫 但是不对我口味,8,力荐,2024-11-30 23:00,samo,326,攻壳机动队 S.A.C. 2nd GIG,1,9.2
这一季环环相扣的政治戏真心精彩，第二季的主线从格局和连贯度上也胜于第一季，结局前的56集更是高潮迭起，可惜结局虽然演出依旧给力还是感觉略有些机械降神，力度有所欠缺，不过整体来讲，瑕不能掩瑜的百分之一,9,神作,2024-11-30 02:54,haoye,326,攻壳机动队 S.A.C. 2nd GIG,1,9.2
赛博朋克的巅峰之作,10,超神作,2024-11-28 16:10,白胡子,326,攻壳机动队 S.A.C. 2nd GIG,1,9.2
不可多得的好作品。对赛博朋克背景下的社会与哲学思考颇为深入，值得细细品味。,9,神作,2024-11-25 22:22,神坂弥撒,326,攻壳机动队 S.A.C. 2nd GIG,1,9.2
"“你能用义体折千纸鹤吗？”赛博朋克金字塔之尖，“押井之徒”神山出道即巅峰。脚本团队以“难民困境”、“党派斗争”为媒介，创作出赛博朋克版“和平保卫战""——本作虽然立足于巨人的肩膀，但胜在通俗易懂，在难民问题、互联网大数据上具有一定的前瞻性，“以合理的故事逻辑让坦克在城市的柏油路上驰骋”，仅凭这一点就比九成“政治”文娱作品出色。菅野洋子的配乐依旧火力全开，《サイバーバード》印象深刻。第二集脚本功力深厚，生动表现出赛博朋克世界下市民阶层的处境。二十二集天台对峙的分镜、长对白异常精彩，全季最佳。作为神山健治的“木偶泥塑”，久世英雄过重的“汤姆苏”味算是本片的一点瑕疵。结尾荡气回肠，核弹升空之时，男人背起了十字架，女人拿起了苹果，AI高歌着“我鲜红的血也在流淌着”，我不知道仿生人会不会梦到电子羊，但义体手指确实能折出千纸鹤。“你们一定有GHOST……”",9,神作,2024-11-25 16:05,稻香蠘歌,326,攻壳机动队 S.A.C. 2nd GIG,1,9.2
等待补,0,未评分,2024-11-24 17:17,小丿泉,326,攻壳机动队 S.A.C. 2nd GIG,1,9.2
补标……什么，我竟然没标这部？看得很早了，对「饱食的我」印象很深，也还记得塔奇克玛 T T,0,未评分,2024-11-24 15:37,内含子,326,攻壳机动队 S.A.C. 2nd GIG,1,9.2
比起第一季，gig在科幻设定和现实反讽上尤为大胆，讲谈穿插的政治话题具有前瞻性，同时作画方面也稳定不少，不过有着ep10这个陀古萨降智单元回有点拉低下限了。“难民危机”“国民冲突”是剧情主线的两大核心要素，是基于不同想象而对现当代矛盾体的阐述，正因为矛盾本身存在于社会意识形态中，从而衍生出以久世和合田为代表的两个极端派别，因此我认为除了在讲存在社会革命中的阶级斗争以及国际政治的“弱肉强食”竞争逻辑等等，还有离不开《无罪》的探讨体系“后现代的自我重塑”///////二刷，op、ed、插曲都非常奈斯,9,神作,2024-11-18 01:15,东方椎名,326,攻壳机动队 S.A.C. 2nd GIG,1,9.2
故事的推进相当缓慢，但终盘的爆发却展现了对政治和历史魔法般的扭曲能力，灵魂与肉体的迷宫所带来极致的眩晕和怀旧。英雄就仿佛是一首诗，一个孤独到无所在场却依然返回家园的形象，思想与理想的碰撞，上层与低处的地形学隐喻，在这个无家可归的世界中找到自己的归宿，以此来填补肉身中那个空虚的无；但当回忆中一句漫不经心的言论、一种神秘象征的再度回归（千纸鹤、青苹果、以及‘I do’），它们揭示了某种令人惊愕的事实——我们存在，而不是不存在。在所有革命行动光焰夺目的生存战略的阴影中，在新世界亚当与夏娃“运命の果実を一绪に食べよう”的诗情画意背后，十字架似乎总是被那些无罪的ghost所承担——即使是作为机器生命体塔奇克马，也在歌声中勇敢地承担了它们的责任，它们甚至真正地经历过“两次死亡”，而本作的时间，也恰好位于“两种死亡”之间。,10,超神作,2024-11-17 23:13,AikeKo,326,攻壳机动队 S.A.C. 2nd GIG,1,9.2
完美,10,超神作,2024-11-17 21:40,槭子,326,攻壳机动队 S.A.C. 2nd GIG,1,9.2
差一口气,9,神作,2024-11-16 15:38,-GDMX-,326,攻壳机动队 S.A.C. 2nd GIG,1,9.2
第二季补完，相比起第一季观感更沉闷压抑但完成度更高，在整体结构和宏观叙事上的把握相当优秀，讲述九课成员过去的支线回尤其喜欢，主线上随着情节的推进各方势力逐个介入，各方矛盾刻画的都相当生动，完成度太高了，尤其后面几集高潮爆发，其多线叙事的优秀真的想让现在业界看看..,10,超神作,2024-11-15 09:33,maxroll,326,攻壳机动队 S.A.C. 2nd GIG,1,9.2
千愁万恨无归处，空留一人徘徊,9,神作,2024-11-14 16:09,点描,326,攻壳机动队 S.A.C. 2nd GIG,1,9.2
感觉主线比第一季明确易懂，并且中间好几集单元剧都是神回。最后i do响起那怎能不泪流满面,9,神作,2024-11-12 23:09,僕と東京,326,攻壳机动队 S.A.C. 2nd GIG,1,9.2
感觉比第一部更难懂，或许需要多看几次、总之出走半生归来仍是神中神,9,神作,2024-11-7 10:59,己酒,326,攻壳机动队 S.A.C. 2nd GIG,1,9.2
信息量超高的作品（而且几乎全部来自于台词），尽管结尾有些仓促，但是作品主线的节奏紧凑，哲思丰富，并且部分单元回浪漫，政治戏精彩，确实是非常厉害的作品,10,超神作,2024-11-3 22:39,黑色的左下角,326,攻壳机动队 S.A.C. 2nd GIG,1,9.2
伟大无须多言,10,超神作,2024-11-1 17:01,leiysky,326,攻壳机动队 S.A.C. 2nd GIG,1,9.2
虽然觉得cjb，也配得上9分,9,神作,2024-10-30 20:41,BTSATE,326,攻壳机动队 S.A.C. 2nd GIG,1,9.2
一直看不下去啊，先标记一下,0,未评分,2024-10-30 15:05,白水骑士,326,攻壳机动队 S.A.C. 2nd GIG,1,9.2
想看看，特别有名,0,未评分,2024-10-26 20:49,暁の車_2887,326,攻壳机动队 S.A.C. 2nd GIG,1,9.2
握草，这是排名第一吗(=ﾟДﾟ=),0,未评分,2024-10-24 12:06,981928,326,攻壳机动队 S.A.C. 2nd GIG,1,9.2
The great gig in the (networked) sky,8,力荐,2024-10-19 21:37,Sprite_JIMZZ,326,攻壳机动队 S.A.C. 2nd GIG,1,9.2
个别十一人的剧情没有笑脸男好看 / 故事的最后，又是塔奇克马挺身而出，意难平,7,推荐,2024-10-19 19:32,easyfun,326,攻壳机动队 S.A.C. 2nd GIG,1,9.2
人往低处流,9,神作,2024-10-19 08:41,星,326,攻壳机动队 S.A.C. 2nd GIG,1,9.2
"天使…
已经，不存在了",10,超神作,2024-10-19 04:31,ner35,326,攻壳机动队 S.A.C. 2nd GIG,1,9.2
二刷完毕。在作画、配乐硬实力这么高的情况下演绎出精彩非凡的故事，同时还有很多值得深挖的地方，不愧为杰作。,9,神作,2024-10-18 23:21,leesee,326,攻壳机动队 S.A.C. 2nd GIG,1,9.2
结尾有种设定刚刚展开的感觉，多出好多东西可以讲。虽然这部探讨的主题很深刻，但是给我一种没有讲好的感觉，比较令我失望的点是“革命”。(肯定有我没注意到的细节，之后会重新看一遍)（2024.10.17）,10,超神作,2024-10-17 23:34,rick137,326,攻壳机动队 S.A.C. 2nd GIG,1,9.2
有时间重看一下,8,力荐,2024-10-17 22:51,you,326,攻壳机动队 S.A.C. 2nd GIG,1,9.2
神中神,10,超神作,2024-10-16 13:30,nessa,326,攻壳机动队 S.A.C. 2nd GIG,1,9.2
看不懂,8,力荐,2024-10-16 08:36,伟大的兄弟,326,攻壳机动队 S.A.C. 2nd GIG,1,9.2
"看到第十集，好的单元回是真的神，烂的单元回不带脑子看都觉得难受/
可能是我的问题，感觉第二季没有第一季好看，等有时间再捡起来看吧",0,未评分,2024-10-13 16:24,史上最强咸鱼,326,攻壳机动队 S.A.C. 2nd GIG,1,9.2
震撼,9,神作,2024-10-11 16:36,我才不看动画,326,攻壳机动队 S.A.C. 2nd GIG,1,9.2
初中时代看的，距离今日已有十年，仍然是我最喜欢的动画,10,超神作,2024-10-10 16:14,cyberbird,326,攻壳机动队 S.A.C. 2nd GIG,1,9.2
单元回质量稍逊上一季，且主线也没有了笑脸男事件那样的悬疑氛围，取而代之的是沉闷至极的观感。但本季在整体结构与宏观叙事上的把握可谓是惊为天人，随着情节的不断推进，多方势力逐个介入，伏线爆发，最后的翻盘点也与前面单元回剧情呼应，总体剧本非常扎实。此外，小到感人至深却丝毫不拖泥带水的虐恋，大到国与国、国与民、民与民、人与机间的矛盾刻画，其完成度不说日本动画，哪怕是放在整个影视界都相当出彩。,9,神作,2024-10-8 20:46,Kaib,326,攻壳机动队 S.A.C. 2nd GIG,1,9.2
补一下评分，常看常新的神作，在政治、哲学、宗教方面都是有深度的刻画，菅野洋子的配乐依旧顶级，i do是真的喜欢，可惜的是近几年乃至以后的动画很难再出现像这样优秀到堪称艺术品作品了。这部相对严肃而且晦涩难懂的作品里，很喜欢塔奇克马们时而带来的轻松氛围，最后真的希望能把他们的ghost找回来啊இ௰இ,10,超神作,2024-10-6 18:01,Rain,326,攻壳机动队 S.A.C. 2nd GIG,1,9.2
人类的未来在网络的海洋中,10,超神作,2024-10-5 02:40,は何よりだ,326,攻壳机动队 S.A.C. 2nd GIG,1,9.2
塔奇克马又牺牲了...GIG比SAC的政治戏多，主线更紧凑，但我更喜欢前作的单元回,9,神作,2024-9-30 20:25,annmk,326,攻壳机动队 S.A.C. 2nd GIG,1,9.2
感官的盛宴，历久弥新的佳作,0,未评分,2024-9-28 01:45,nan,326,攻壳机动队 S.A.C. 2nd GIG,1,9.2
