content,rate,rate_label,time,user_name,subject_id,anime_title
其实这一部还可以吧好像。？（看反了先看的母鸡卡导致剧情全记混了）但是也是神人扎堆。咕咕嘎嘎,7,推荐,5h 11m  ago,日刀昭,428735,mygo
"2026年5月4日二刷。
一瞬一瞬，累积起来就是一辈子。
语言无法传达，就用歌声吧。
国内太急于清算了。真的是好东西。
我就是喜欢看屁大点事闹麻了的作品，反正我的人生也是屁大点事闹麻了。


期待后续祥子角色的发展。
变有钱真给我听哭了，。",9,神作,1d 15h ago,OwnedByLola,428735,mygo
mygo其实是一部不把观众当低龄，同时也会回应观众的期待的动画，前期有克制的埋暗线，能让观众产生一些怀疑，soyo是不是别有用心，同时也怀疑是不是自己想复杂了，最终也回应了观众期待，这其实是很有满足感的观影体验,8,力荐,1d 23h ago,。。口,428735,mygo
前所未有的追番体验，最乐队的一集（）,9,神作,2d 3h ago,benshuaizi,428735,mygo
爆点之所以是爆点，就是因为剧情和人物塑造里存在经不起推敲的部分。个人并不排斥羊的配音和演唱，然而比起一众少女乐队番来说，综合素质并不能算上乘。,7,推荐,2026-5-2 23:46,狗头鸵鸟,428735,mygo
歌好听，很多地方少女的情感也很细腻，但是问题也不少，有些地方的剧情很抽象,7,推荐,2026-5-2 11:20,npk,428735,mygo
确实是有点神在身上的，身为一部少女乐队番，一开始就以矛盾开局，以矛盾为剧情推进，而不是以往的合家欢，光这一点就算是开创先河，其中更是爆典无数，属于是新时代少女乐队番的开拓者，说白了这才是乐队的真实形态。可惜梗小鬼太多，作品以外实在是神人太多。,9,神作,2026-5-2 10:41,B小町大队长,428735,mygo
"(评价时尚未观看mujika)
较好的3d观感，出色的live表现力，极为复杂、立体的角色设计成就了这部番。但为后续mujika的剧情拓展(?)留出空间，却从叙事节奏与观感上严重拖累了mygo的剧情节奏与角色塑造。
虽然先出现问题、然后解决问题、最后包饺子，是这类作品的公式与底层逻辑。但番中大量与mygo成员的超过必要层次的互动，长期用与c团成员的关系作为问题发起角度与剧情推进者，从仅mygo本身的视角来看过于刻意，同一个问题纠结过久显得扭扭捏捏。更严重的问题在于，纠结的纠葛在c团成员间，讲的却是mygo的故事，产生了微妙的割裂与未完成感。提出的是c团中的问题，最后却在mygo中解决并包饺子，c团的问题就被有意无意的忽视了，结局饺子也就显得包得刻意。",7,推荐,2026-5-2 03:34,vapourbun,428735,mygo
一般吧，看的出来有爆火的点，但不值得,6,还行,2026-5-2 03:20,Noah,428735,mygo
纯压力。,6,还行,2026-5-2 02:28,玉团,428735,mygo
哈哈哈哈哈哈哈哈哈,10,超神作,2026-4-30 23:33,你的问题就是这里啦 ...,428735,mygo
当时追着看的，很有意思的追番体验所以加了分，作品9分,10,超神作,2026-4-30 20:49,Hoshiro,428735,mygo
对不起，我无法忘记Mygo,9,神作,2026-4-30 20:26,一凉同学,428735,mygo
"二次元小时代,但是木柜子乐队好看",7,推荐,2026-4-29 23:08,就爱看番,428735,mygo
没必要有第13集，但是羊姐唱歌还不赖,8,力荐,2026-4-29 22:11,大老师,428735,mygo
追着看的时候其实只是觉得还挺好看，但是后续二创的浪潮裹挟着我冲向了大少女乐队时代，至今仍沉迷其中无法自拔，我想我永远都无法忘记那个夏天吧,9,神作,2026-4-29 19:20,konoDIOdadada,428735,mygo
切割mujica，切割bangdream，化吾为王。,10,超神作,2026-4-29 19:10,魔飯,428735,mygo
二次元小时代，你劝我不看。,7,推荐,2026-4-29 05:17,希瓦汗国,428735,mygo
7.5 剧情很赶，,7,推荐,2026-4-28 00:00,可可,428735,mygo
给予了我一定的启发,9,神作,2026-4-27 12:42,凌壹,428735,mygo
只是类型不合适,0,未评分,2026-4-26 22:59,喵呜,428735,mygo
"用极其大胆的方式来描绘乐队中的个个人物，让人物看起来极其写实。
3D作画有点不习惯，声优声音也有点奇怪，需要前一两集适应",8,力荐,2026-4-26 09:51,一个-地球人,428735,mygo
一直听说mygo很闹麻 全篇看完感觉最后不也包饺子了 应该不会往下看了 对少女乐队没太大兴趣 但mygo的3d镜头运用确实有一手,6,还行,2026-4-26 09:31,Mr.Sleep,428735,mygo
反正就是第十集呗，要是一集没讲完放到两集里这片就惨了，有这场live在，前面后面驴唇马嘴自有道理。祥子听说live上多说话有奇效于是想出了ave mujica？mygo不光关系不好，战力削弱到得靠鼓手作曲，麻弥这么长时间都没说作一回。,7,推荐,2026-4-25 19:48,ハローチープヲ,428735,mygo
gogogo 扭曲 美味,8,力荐,2026-4-25 15:59,一只大植物,428735,mygo
情感细腻，剧情节奏舒适，有活有乐子有感动的非常不错的少女乐队，为什么要奏响春日影!.jpg，可惜摊上了母鸡卡这样的续作，在母鸡卡里毁掉了Mygo建立起的人设，虽然很想切割，但还是降一星给到七吧,6,还行,2026-4-25 12:09,醒冬,428735,mygo
木柜子乐队有点儿意思，看完魔怔了，二创也不错,9,神作,2026-4-24 17:48,洞爷湖,428735,mygo
年代最佳。,8,力荐,2026-4-24 12:15,莱可鹅杰德,428735,mygo
剧情回想起来感觉本质闹麻，母鸡卡看完后更是奇异搞笑地拉高了这种闹麻，想搞现实的就整点无所吊谓的要素弄人物上，然而人物的问题完全没那么严重，也不是没有乐队就无解的问题，没看见乐队的重要性在哪，导致乐队本身也是非常无所吊谓，还有羊这个唱功真的难崩给我笑晕了，导致mygo的歌也不耐听,6,还行,2026-4-23 19:49,张茬dirtea,428735,mygo
再来一季吧，我什么都会做的，不要用mujica恶心我口牙,8,力荐,2026-4-23 09:22,Yukino,428735,mygo
二创多而好,9,神作,2026-4-22 19:32,锦绣山河,428735,mygo
mygo我一直觉得没那么好，就像惊世一跪我也没觉得祥子说得有那么错....但沾上母鸡卡之后，总觉得一切的评价都失去了意义。整体合格5分，加1分给爱音。,6,还行,2026-4-22 13:40,冬临鱿鱼子,428735,mygo
没什么要演奏春日影！,7,推荐,2026-4-21 23:46,湛对穿,428735,mygo
追番的时候忐忐忑忑，第十集的处理实在不能赞同而弃了，没想到后来能掀起这么大波澜,0,未评分,2026-4-21 23:39,意象的形象,428735,mygo
咕咕嘎嘎saki酱,6,还行,2026-4-21 10:24,penguin,428735,mygo
"从世音的“中门对夹”到春日影的爆火，再到邦邦的翻红，mygo成功让番剧进入了少女乐队的时代。与传统乐队番相比mygo没有相遇--热血--克服困难--成功圆梦的老套剧情，上来就是乐队解散，感情破裂，全员心理创伤，没有天才，没有主角光环，没有完美人设，每个人都很拧巴，很自卑，带着伤痛，逃避现实。这恰好映射了现代世界的你我，孤独、自卑、找不到归属、害怕被抛弃、沉迷于过去。春物里面平冢静对大老师说的：“人只要存在自身，就会在不知不觉中伤害到谁......与人扯上关联就会受伤，但不与人关联也会让人受伤.....”人和人就是会互相伤害，但也只能靠彼此取暖。
一群残缺的人，用音乐拼出一个勉强完整的自己，用音乐表达自己内心的声音。我们都会迷路，但就算迷路我们也要放声呐喊！
我大概一辈子也不会忘记mygo了。",9,神作,2026-4-21 00:57,timefail,428735,mygo
3 7 10挺能调动情绪的，喜欢mujica的live演出,8,力荐,2026-4-20 19:37,地图上のkagami,428735,mygo
这下是真的忘不了mygo了（），是谁在26年还在痛惜自己看了mygo后就期待mujica然后一直追了下去,7,推荐,2026-4-19 18:43,1232,428735,mygo
给二次元男大一点类小时代厕纸震撼,6,还行,2026-4-19 12:49,Aoyama丶uuz,428735,mygo
看过很多梗，终于把动画本体给补完了，的确还行，故事讲的很波澜起伏。,10,超神作,2026-4-18 20:23,文科,428735,mygo
过于难忘的7月,7,推荐,2026-4-18 12:32,绳梦,428735,mygo
……,0,未评分,2026-4-18 00:05,070918yu,428735,mygo
引发我很深的情感共鸣了,10,超神作,2026-4-17 21:50,hahaha,428735,mygo
一直在戳我笑点，好好笑啊，看到最后几集突然就释怀了，My Go！！！！！春日影，我大概一辈子都不会忘记你们了，其实在女生群体中还算常见，像吃了个44页PPT的瓜，但最后一集给我拉了坨大的是怎么回事，和Mujica比起来My Go真的是白月光啊T^T,6,还行,2026-4-17 12:52,弗洛Ger,428735,mygo
lj,1,不忍直视,2026-4-17 03:58,comgcf,428735,mygo
大小姐撕逼你别逗我笑了,7,推荐,2026-4-16 23:35,Minato,428735,mygo
不知道无病呻吟什么,5,不过不失,2026-4-16 20:46,yanami酱,428735,mygo
很非主流很酷的一部动漫。,9,神作,2026-4-16 17:58,老板夹菜我转桌,428735,mygo
神了,7,推荐,2026-4-15 19:48,kitchcock,428735,mygo
角色塑造是亮点，剧本、音乐表现的存在感都比较一般，风格也比较小众，看得很开心主要还是因为优质的社区生态，每周更新都伴随着剧情解析、热烈讨论与丰富的二创，从角色心理分析到梗图与同人作品层出不穷，作为观众的参与感很足,8,力荐,2026-4-15 03:46,世界鼓励宅,428735,mygo
素世这角色真不错,8,力荐,2026-4-14 21:21,dishi,428735,mygo
"精彩，对于情绪的把控。
节奏很不错，剧情方面总能让人意想不到
当做乐子番看的话，能从头笑到尾，并且其中夹杂着各种各样的情绪，情绪上的体验异常丰富。非常不错",10,超神作,2026-4-14 21:13,雪,428735,mygo
虽然有母鸡卡这样的续作，但mygo仍然令人难忘,8,力荐,2026-4-13 22:30,clover,428735,mygo
不管后面续作怎么烂，这一作的优秀还是不可掩盖的，我可能永远无法忘记那个夏天了,10,超神作,2026-4-13 18:27,hehe,428735,mygo
好看,10,超神作,2026-4-13 10:16,khz,428735,mygo
补标，不是很喜欢高松灯的自闭人格，也不喜欢圈子里一群游戏不玩天天入脑二创设定的魔怔云子,6,还行,2026-4-13 05:54,DoHowie,428735,mygo
从人设、关系和音乐的角度来看，都是佳作，尤其是当时的讨论氛围,9,神作,2026-4-13 02:40,木勿言,428735,mygo
无法忘记的体验,7,推荐,2026-4-12 23:42,Hasegawa,428735,mygo
非常值得一看的动漫，整个剧情跌宕起伏，扣人心弦。音乐水平突出，美术风格也很优秀！,10,超神作,2026-4-12 13:37,晚云风,428735,mygo
台词和一些情节挺有趣,6,还行,2026-4-12 00:51,Nice_Future,428735,mygo
一起前进，哪怕迷途,9,神作,2026-4-11 05:01,Tearalament,428735,mygo
在mygo刚刚完结之际，趁着社群热度讨论度还在，花一下午迅速补完了。首先夸夸得益于3d制作，实现了很多非常炫酷的LIVE拍摄，二创也相当有趣，但是女女关系性稍微描写的有点刻意，人物塑造方面比较喜欢爱音这位相对有逻辑的正常人，其他人在一旁恨海情天，但是真的说为什么有那么沉重的爱呢？又说不太上来，总之单纯跟着情绪走的话，mygo还是很值得一看的,8,力荐,2026-4-10 13:56,予禾,428735,mygo
是否真的能完全切割呢？我不好说,6,还行,2026-4-10 03:40,绮罗星Kira,428735,mygo
神人乐队,6,还行,2026-4-9 16:45,allende,428735,mygo
一部把我重新拉回二次元的番，私心+1星,8,力荐,2026-4-8 23:44,CannedPotatoes,428735,mygo
唉当时看的时候看女女关系性还是蛮开心的，虽然我觉得一定程度上良好的追番氛围和二创热度着实加分不少（当时）,8,力荐,2026-4-8 19:38,leesein,428735,mygo
基准分：6//剧情架构：卓越 +1//情绪体验：卓越 +1//人物塑造：卓越 +1//音画表现：卓越 +1//最终分：10,10,超神作,2026-4-8 15:20,银狂TDF,428735,mygo
其他先不谈，还算很有乐子，也没有第二季各种意义不明的塑造。,6,还行,2026-4-8 04:17,suzu,428735,mygo
哎呀瞬间感觉回到22年当战吧蛆的时光了，真是怀念啊。live全曲好评、e13拉托大的无语,6,还行,2026-4-8 01:04,伐山破庙,428735,mygo
佳作，优质情感向少女乐队番,9,神作,2026-4-5 21:43,Daiba_Nana,428735,mygo
春日影不赖 新番导视中一眼相中 唉二创也是拉满了,6,还行,2026-4-5 16:06,傲娇的订书机,428735,mygo
单纯看这部番就是白月光啊,6,还行,2026-4-5 04:48,az,428735,mygo
年轻人的第一款少女乐队动画。,7,推荐,2026-4-4 23:18,uru_official,428735,mygo
第三集小神回啊，用第一视角讲一个叙事完整的背景故事，我不理解灯的收集癖，但她那种试图握住些什么的感觉真的很能引发共鸣//第十集灯真的做到很了不起的事呢,9,神作,2026-4-3 23:55,Shinji.,428735,mygo
神人TV，五个神人一台戏//长官，这飞机怎么没有起落架啊。2.5次元企划不适用考哥定律，带着你的神风去食大芬吧,1,不忍直视,2026-4-3 06:49,热带鱼鱼鱼,428735,mygo
如果没有母鸡卡作为续集的话……,8,力荐,2026-4-3 00:07,xung,428735,mygo
耳目一新的团队故事，像是更微缩，更情绪的京吹。团队中的人性格并不趋同也不完全相背，成功构建了一种“类爱情”的人际氛围。||剧本有瑕疵，但难得在这样的故事里确保了人物行为的基本逻辑的一致性。||制作确实找对了方向，演出强调细腻，不同人物都有自己鲜明的演出风格，但也有许多设计并不考究，在mujica中还是暴露了其外强中干||soyo是在是太适合作为“主奴辩证法”的分析样本了吧，可惜mygo没有碰上黑格尔,7,推荐,2026-4-2 19:33,陀思妥曼尼可夫,428735,mygo
好一出情感大戏。//比起春日影，还是诗超绊更有感觉，看哭。//一边积极向上，一边阴暗扭曲，狗都知道怎么选。,8,力荐,2026-4-2 16:42,江上客,428735,mygo
这个企划没有未来了,1,不忍直视,2026-4-2 15:48,qsdfterewawa,428735,mygo
你们谁爱看谁看，我先撤了。两集弃,6,还行,2026-4-2 08:40,crayonxx,428735,mygo
也不再看到过那夜似的好戏了。,9,神作,2026-4-1 23:34,阿炜.jpg,428735,mygo
很喜欢mygo,8,力荐,2026-4-1 22:54,阿达呷帆帆,428735,mygo
柿本广大，我的鞋底痒了,9,神作,2026-3-31 23:50,Mai,428735,mygo
结局的设计和二创让本片达到了另一层高度,8,力荐,2026-3-31 18:05,mlnotwar,428735,mygo
【6+】,6,还行,2026-3-31 11:11,樱姬花吹雪,428735,mygo
7.5,7,推荐,2026-3-31 04:05,蛋糕,428735,mygo
ep7之后有点像春晚小品 3D和部分2D很好,7,推荐,2026-3-31 02:12,Fe芒什,428735,mygo
神中神，诗超绊那一集看哭了,10,超神作,2026-3-30 22:18,哈基米那美路多,428735,mygo
情感非常真挚，但这份真挚在缺乏社会根基支撑之下显得极为廉价，沦为对苦难的刻奇的景观化，还有第13集是什么鬼，对大卫林奇，少女革命拙劣的模仿,4,较差,2026-3-30 00:35,ougleo,428735,mygo
不知道是不是我的原因，在刚开始看的时候第一集我看了三遍，没看懂，表情从“？”到“。”最后“！”的变化，大开大合的还挺不错（？）,7,推荐,2026-3-29 21:05,好随便的名字,428735,mygo
演出不错，歌好听,7,推荐,2026-3-28 20:55,一ノ宮,428735,mygo
"迷茫中用音乐传达的很真切的感情
（回旋镖篇，请把它当作独立的作品）",8,力荐,2026-3-28 16:20,易水无玉,428735,mygo
感觉对于猫猫的刻画有点太少了，整体瑕不掩瑜,9,神作,2026-3-28 15:48,动画爱好者,428735,mygo
我说这也是开创一个时代的里程碑你们说呢,8,力荐,2026-3-28 14:37,今天的世界也很和平 ...,428735,mygo
8.0 当时确实是黑马，谁都没想到bangdream能出这么一部原创。虽然本质闹麻了，但确实是没能和解，相对以前的kirakira要好太多了。,8,力荐,2026-3-28 07:52,gachi,428735,mygo
业界什么时候再来一次这种作品，细节刻画的太好了，起承转合的典范，每个人都有一定的“创伤”，不过跟mujica比起来还是小巫见大巫了，所以剧情没有走向失控，这些角色在一个舞台上相互碰撞，产生反应，也是对“少女乐队”这一题材的大胆尝试,8,力荐,2026-3-27 21:47,ELPsyCuCumBer,428735,mygo
真就小时代...时间煮雨可以走起了,6,还行,2026-3-25 19:10,freeman,428735,mygo
如果这是一个不包饺子，没有念诗，谜语人少一点的作品，也许能推荐一下吧,6,还行,2026-3-25 00:57,moonold,428735,mygo
理解不能，对本人而言完全是精神污染…,6,还行,2026-3-24 23:02,鲸落冬至,428735,mygo
后劲真的很大 虽然很出圈很多烂梗 但是这也是我入坑邦邦的起点 仅对于这部番对我的影响确实很大,8,力荐,2026-3-24 13:06,再次追逐夏天.,428735,mygo
非常不错的一部番,9,神作,2026-3-22 22:57,Kang,428735,mygo
追更看得非常开心，假药二创满天飞。,0,未评分,2026-3-22 21:04,杀手小马,428735,mygo
前六集比较普通，后面就一直爆爆爆了。人设上有点奇怪，最大的爆点也没解释明白。live不错。最喜欢第十集。,7,推荐,2026-3-22 20:53,水木oxy,428735,mygo
"我是真的很爱这部动漫，但已经严重影响到我的生活，必须说再见了
希望很多年后，我还能感慨出：当时只道是寻常",10,超神作,2026-3-22 16:02,Eureka,428735,mygo
除去场外因素，Mygo真的是不可多得的好作品,8,力荐,2026-3-22 15:48,郁离451,428735,mygo
初见看的想睡觉。现在鸡也早就播完了回来补加个评，本质是借贷投资的剧情设计，先借祥退团为根基引出故事，但后面又完全圆不回来这个大背景，精彩了一季债还不上了。整体而言不是很吃这种情绪流，人物行为和语言逻辑有所欠缺。,6,还行,2026-3-22 00:22,Aopkuge,428735,mygo
个人还是非常喜欢。就算是从技术性来讲，作品大多数时候都可以做到镜头没有浪费且人物的成长也有有迹可循，比如说解决问题时，灯从只能回应别人的善意到自己为了挽救乐队主动去ring朗诵。虽然也许有人说闹麻了但说实话：第一本来就不是什么特别大的事而且大家其实大多数人也想着回来而且能营造出压抑气氛也是技术。第二理论上设定为jk脑子里只有乐队和同龄人理论上也正常。但确实也没有吹得那么高，毕竟题材算小众,8,力荐,2026-3-20 20:18,嗯,428735,mygo
"回来了 都回来了！！！！！mygo!!!!!就是神啊啊啊啊啊啊 啊啊啊啊啊啊啊啊啊啊！！！！！我永远誓死支持 mygo!!!!!啊啊啊啊啊啊啊啊啊啊！！！！！mygo!!!!!就是我永远的独一无二绝无仅有的白月光啊啊啊啊啊啊啊啊啊啊啊啊啊啊啊！！！！！！我永远誓死追随 mygo !!!!!回来吧！！我的 mygo!!!!!啊啊啊啊啊啊啊啊啊啊啊啊！！！！！

神作就是神作  反复看之后，观感不但没有下降，反而逐渐上升，成为独一无二史上最强大的瑰丽作品最强无二  他远超圣经  我大概永远也忘不了这个作品了吧———这个独一无二，永远璀璨，永远纯净的最为美好的作品


细腻 纯真 美好 清冽 纯净 原生的原始又豪华的碰撞 这是清淬的淡淡的却保有最重要的纯净的品格的作品  它就是有史以来最为伟大的作品文学  

最为本质的纯净的近乎作品 我真想再看你一眼啊",10,超神作,2026-3-20 14:21,hvgjvx,428735,mygo
伟大无需多言！世界末日之前也要看完MyGO!!!!!,10,超神作,2026-3-19 15:00,十月疯兔,428735,mygo
你还行,7,推荐,2026-3-17 22:47,御神衔一,428735,mygo
因为续作扣1分,9,神作,2026-3-17 14:12,Tora,428735,mygo
跨越两年多 我终于看完惹~可以看mujica了,0,未评分,2026-3-16 19:40,神聖星月ちゃん,428735,mygo
爱素,8,力荐,2026-3-16 12:57,叫我欧尼酱,428735,mygo
人物互动格外真实，没有许多日常动漫的过分夸张之感。同时又不至于和家长里短的电视剧一样令人厌烦和引发过多负面情感。,9,神作,2026-3-16 12:27,felixss,428735,mygo
精彩扭曲的故事 粉毛挺搞笑的 soyo人设挺有意思 不混圈不知道爱素这种感觉完全不熟的cp为什么那么多人磕,7,推荐,2026-3-15 22:08,Mmmidsummer,428735,mygo
讲完了一个普通的组乐队故事，6分。看得出来编剧一直想整点活，猫猫都被弄成live工具人了。百合的部分可以给8分，其他方面并不突出，当然也不烂，综合起来7分,7,推荐,2026-3-15 17:10,Beatless,428735,mygo
【9+】ep7开爆后体感一路上升，情感宣泄极其舒畅，扭曲人物关系性与少女乐队的完美结合，带给我十分的乐趣，感谢mygo的精彩剧本，还有春日影神中神,9,神作,2026-3-15 16:43,PlumTT,428735,mygo
神作,9,神作,2026-3-13 21:13,Aesopica,428735,mygo
这期神了。我的第一部bangbang，把社区讨论氛围带动的如此之大，女女关系性功与东大的性压抑成分不可没，就是尬点扭点多，见仁见智吧。,9,神作,2026-3-13 14:49,穗娜,428735,mygo
刚看完第一遍狂挠脑袋，多看几遍之后越看越爽，本质上这不是二次元作品更像电视剧风格,8,力荐,2026-3-13 13:16,Fuopanda,428735,mygo
mujica的剧情终究还是波及到mygo了吗,8,力荐,2026-3-13 12:47,七月初七,428735,mygo
极端粉和魔怔粉太恶心了,7,推荐,2026-3-12 19:28,超级屑的小丛雨~,428735,mygo
各方面都很优秀的少女乐队番，剧情在当时看挺新颖的，演出回的情感渲染也很棒，观看体验很好，梗也是出奇的多，喜欢爱音这种女孩的性格。,8,力荐,2026-3-12 13:42,naixi12356,428735,mygo
苦来兮苦什么时候死透什么时候爬出粪坑,4,较差,2026-3-11 17:31,格拉,428735,mygo
目前看过的最好的少女偶像乐队番，开局王炸非常吸睛，后续剧情也很新颖，不同于以往的治愈温馨励志的乐队番演绎，增加了很多矛盾纠葛的情节。一开始非常听不惯爱音和soyo的“夹子音”，听久了还觉得别有一番风味。剧情上印象最深刻的除了第八集的名场面，10集也是神回，非常感动的一集，灯皇单刷困难副本，太酷了。最后一集画风骤变，给母鸡卡开了个很好的头，留个悬念也是回味无穷呀,9,神作,2026-3-11 13:38,洛汀,428735,mygo
冰?!,10,超神作,2026-3-11 09:54,ebreaker233,428735,mygo
乐队番的史诗级里程碑,9,神作,2026-3-10 23:54,自行八卦炮,428735,mygo
青春伤痕正剧，专属于二次元的八点档，毫无疑问的一次剧本革新。现在看来这片只能叫上半季，后续一堆伏笔要第二季来解。这种动画是真的挑人，以情感冲突为主题的严肃剧集显然会有着两极分化的评价，但日本动画特有的主角全是高中生那只能让我当个乐子人了。感到最异质/最难以理解的显然是第十集，但日志有专业人士说“我们搞乐队就是这样的”，嗯...好吧。,7,推荐,2026-3-10 18:31,隔壁的王某某,428735,mygo
"受不了这种，一股小时代的感觉。嘛，至少soyo是真好看。
//如果前传的结尾明示了故事还在继续，那我认为前传也理应受后传的风评影响。mujica烂成这个样子，mygo还能称为神作吗？",5,不过不失,2026-3-10 17:30,Lookstona Fooledrunner,428735,mygo
我的白月光之一，真怀念那段疯狂而又愉快的时光啊,0,未评分,2026-3-10 02:40,克劳德块,428735,mygo
？这么火是何意味,3,差,2026-3-10 02:10,Yuuikic,428735,mygo
小时代,4,较差,2026-3-9 14:32,only an otaku,428735,mygo
＋1，这代人的刻意点爆版ll，追番体验可以，追番时的讨论氛围挺好的//“天呐，这唱的简直就是我”//ep3全集第一人称小神回，演出形式很好了//本以为第7集已经是巅峰了，没想到还有高手。第10集！彻底疯狂！10集的展开和演出在前期铺垫下直接引爆积攒的情绪，宣泄情绪是对的//ep13更像是mujica第零集，然后mujica好像还跳票了，mygo远谈不上今年最好的一部，但确实是今年最令我最惊喜的一部，7.0,7,推荐,2026-3-9 02:36,Lanl,428735,mygo
最后两集打了两场live，挺无聊的看着,7,推荐,2026-3-9 00:05,1s77k,428735,mygo
高三下学期开学前一天花了一整天刷完了，酣畅淋漓啊,8,力荐,2026-3-8 23:44,henrytb,428735,mygo
无法忘记（补）,8,力荐,2026-3-8 21:58,鹰堡,428735,mygo
近五年来最喜欢的一部番，忘不了23年一集一集追mygo的体验,8,力荐,2026-3-8 16:21,若为弘柒,428735,mygo
这女女关系挺不赖的,9,神作,2026-3-8 03:03,江湖,428735,mygo
有看点啊，抛开滤镜这部我还挺喜欢的，剧情还算连贯，虽然感化soyo那一段对我而言有点扯。,8,力荐,2026-3-8 02:48,酩酊,428735,mygo
一转眼都一年了。可以用蓝光正经看一遍了。不过可能没当时劲大了。,0,未评分,2026-3-7 17:55,越石,428735,mygo
也不知道为什么就点进了这个番，当时刚出时看了两三集就先搁置了，后来有时间就机缘巧合之下又点开了这个番，这次一看就停不下来了，酷酷狂看到完结啊，说实话真的很有意思。而且其实当时看完我也没想到现在竟然会这么火？！看二创也是一件很美的事啊，总之mygo就是好看！！力荐,8,力荐,2026-3-7 16:36,圣园三力,428735,mygo
6/10 审美品味略显粗糙男性观众看到了一群自我感动的娘们也不经意的潸然泪下，然后带着依然湿润的眼眶打出了10分的满分，并在心里默念道“我大概一辈子不会忘记mygo吧！！！”,6,还行,2026-3-7 11:20,你就是个死宅,428735,mygo
那个夏天的快乐,10,超神作,2026-3-7 01:36,灯千结京,428735,mygo
喜欢，播出完一直溜二创到母鸡卡播出，因为母鸡卡所以八分，但是以前带来的快乐确实一辈子都忘不了,8,力荐,2026-3-6 08:28,睦陈陈,428735,mygo
"剧本完成度高到吓人，几乎无可挑剔的真正杰作。
跟风而来的人大概觉得这是个无病呻吟，讲青春纠葛的作品。但如果从创作者的角度来观看的话，它的剧本打磨程度之高实在是让人叹为观止。
最难能可贵的一点是，本可以大做文章拉扯很久的soyo矛盾点，却能在十几个卡的短暂拿起之后重重的用一场即兴live落下，带来的爆发感和宣泄感淋漓尽致。
只可惜做母鸡卡的时候剧本想太多了，左右互搏也没能拿住。
ps，音乐方面借鉴了太多sound horizon和revo，所以能看得过去，以至于没借鉴的曲子全是一坨。",10,超神作,2026-3-5 16:47,春秋分,428735,mygo
"剧本非常精细
台词处处有回旋镖
五个人从结束乐队变成结束乐队
从各怀鬼胎到推心置腹
一路看下来真的感觉很精彩",8,力荐,2026-3-5 15:28,黄昏逐光,428735,mygo
足够优秀的情绪流，引爆你的情绪。,8,力荐,2026-3-5 10:51,mikoto334,428735,mygo
63/100 音乐一般剧本一般cv出戏，吃了百合和少女乐队的红利，粉丝更是让我觉得这是一部无聊的宗教作品,1,不忍直视,2026-3-4 21:51,高屋敷雫,428735,mygo
乐队题材的进化速度真是让人叹为观止...明明知道扭曲题材总是离不开其乐融融-吵架-和解的定式，但就是走出了不一样的道路。,8,力荐,2026-3-4 19:56,香饵,428735,mygo
mygo给8分没啥问题 音乐的动画情节配合的挺好 角色设定也都很有特色 他要是不行我也不会被骗去看母鸡卡了,7,推荐,2026-3-4 19:25,昼唯,428735,mygo
哼，被你们烦得勉强看完了。一辈子什么的也太沉重了吧，本小姐的一辈子只属于姐姐！,0,未评分,2026-3-4 02:12,Blake娘,428735,mygo
重刷了一遍泛式的mygo杂谈，看得还是很开心；一部完美符合我个人喜欢扭曲又讨厌太过胃疼剧情的作品，也让我开始在追番时会开始主动去了解社区讨论，虽然后面再也没有这么爽的追番体验了；剧情上各种伏笔、第三集灯的沉浸式第一视角、第七八九集的连续爆发、第十和十二集用音乐来替代情感传递都深得我心，既能让我在看到“为什么要演奏春日影”、惊世一跪等场景时感到震惊和狂喜，也能让我在看到诗超绊时感到感动；有种对mygo的看法是屁大点事闹麻了，而我个人觉得小事重谈正是mygo成功的原因之一，正是因为是小事才能在搞了这些惊人的场面后也能很好的收住，像mujica又是多重人格又是乱伦又是少女斗财阀的最后只能强行收尾；这么看来mygo确实是一部精心设计恰到好处的作品，虽然还有第三季，但感觉能比mujica写得好就算成功,8,力荐,2026-3-3 23:28,漪泽汐,428735,mygo
豪堪，不怎么喜欢祥子,9,神作,2026-3-3 18:53,阿苏ka,428735,mygo
木柜子神了,7,推荐,2026-3-3 03:01,餅カエル,428735,mygo
"绝对可以！轻易可以！
//
我tm收回高评分，真给人能看崩溃了
睦和祥子两个人就跟人格分裂一样，不知道编剧吃的啥嗯排这片场
转眼一看mygo人人都是可怜鬼，被一堆身不由己的破事搞的难受
不是硬打的坚强，就是满身创伤，还有被恶到心死破罐子破摔
你要真给祥子上个什么资本倒台的剧本不如给大家跪一个吧
编剧我建议你慎重，这可不是包包饺子能完的剧本ep9
//
这分是为千山万水重新开始的mygo打的，劝你ave不要不知好歹ep10
//
mygo好听但是复仇假面你好急，什么代餐大牌无接触组合ep12
//
虽然不是很友善，但是看在客服小祥很努力的样子上我勉为其难把分加回去吧。可不是因为创可贴哦.jpg 可惜后面半截ave的曲没有mygo那么有感觉ep13//2023.9.27",10,超神作,2026-3-3 00:37,Fenking佛龛,428735,mygo
说实话没爆的时候大伙还能用情感填补叙事的空隙，爆的话就把大家的感情轰的稀碎了，破防和内斗真是二点五次元企划不可或缺的一环,6,还行,2026-3-2 22:17,supzn,428735,mygo
一生無法忘記的2023年七月,10,超神作,2026-3-2 15:28,歐洲豪傑,428735,mygo
"7
本以为是鲜有关注，结果是近年来中文互联网最出圈的动画ip之一。",7,推荐,2026-3-1 20:35,mumumu,428735,mygo
可是我感觉很糖啊,6,还行,2026-3-1 15:09,YuanL,428735,mygo
7.51 挺有意思的 高松灯很萌 爱音挺萌 大象角很带派 素食很健康 利息很猛 毫毛很剑 黄瓜很美 海铃很帅 初华未来很狗,8,力荐,2026-3-1 12:03,花绿青泥棒,428735,mygo
我一辈子都不会忘记这个作品的,10,超神作,2026-3-1 08:36,Turq,428735,mygo
能和我组一辈子乐队吗,9,神作,2026-3-1 07:21,我无法触及星星,428735,mygo
低开高走再低走,8,力荐,2026-2-28 21:30,Roxy1314,428735,mygo
"其实这部的剧本完成度已经很高了，不看13集那就是go团的故事。看13集就是加上c团的故事，给c团结上了尾13集已经把祥子的人设立起来了，无需展开mujica的故事
我依然会为了那个夏天的我们给这部作品打多一分",8,力荐,2026-2-28 18:15,murs-,428735,mygo
不是很对我电波，还是咬牙看完了，演出挺不错的，剧情像是小时代，果然一代人有一代人的郭敬明。像是青春期少年新一代的时尚单品，从一众乐队番来看完全不应该有这种讨论度。直接让我对少女乐队番有种恐惧心理了，真的好无聊,4,较差,2026-2-28 16:34,yuuPro,428735,mygo
（补档2024.12）ave mujica梦开始的地方，把中学时期一堆乱七八糟的事情与内心敏感的高中生凑在一起上演了一场堪比狗血偶像剧的情感大戏，如果能对上电波会是种享受,7,推荐,2026-2-28 16:17,ANR,428735,mygo
"【A】现在想来，本作最天才的地方就是将刻板的二次元“萌点”做了足够丰富、几次近乎脱缰的填充，极为丰富的矛盾纠葛赋予故事一种“伪·现实感”，可谓一次萌系框架中的突破。当然，抛却二次元滤镜，编剧因为场域限制，无法提供一个足够精密而压抑的背景，仅仅围绕“乐队”的单一叙事重心使得角色无法扎根现实，始终如一的、几乎刻板的性情如空中楼阁，令人难以深切共鸣，只得当成鲜明的人物标签来消费和再创作，ep12已经有陷入刻板印象怪圈的迹象。此外，三集关键回(3,7,10)仅ep7的制作比较满意，音乐从混乱到和谐的处理甚是成熟，而ep3僵硬的第一视角、ep10篇幅不足而匮乏的心理填充，使得情绪流效果差强人意。其余回的诸多分镜倒是足够优美流畅，光影处理也探索了3D动画的优势，配乐和谐细腻、富于变化。在接受了描绘场域的局限后，本作半数以上的叙事和演绎基本无可指摘。",7,推荐,2026-2-28 14:52,提米,428735,mygo
挺好看的，就高松灯怎么看怎么不顺眼,8,力荐,2026-2-28 05:53,Kitaloop,428735,mygo
一刷好怪的画风 二创补完人设这一块,6,还行,2026-2-28 03:52,2:3,428735,mygo
这是我的第一部少女乐队番，第二部是gbc。当时我就想：少女乐队原来是这么沉重的东西吗。（还被b站是的误解系剪辑给，误导了。佐贺偶像里面的主角被撞死了，被我和喜多搞混了，以至于我很长时间不敢看孤独摇滚，进一步加深了我对少女乐队误解）,9,神作,2026-2-27 19:31,超级仓鼠王,428735,mygo
比鸡好,6,还行,2026-2-27 03:34,槭翼深碍,428735,mygo
传奇,7,推荐,2026-2-27 01:11,vertin,428735,mygo
她们为什么吵架？她们真的不用上课吗,5,不过不失,2026-2-26 23:42,鱼鱼台,428735,mygo
不好看,3,差,2026-2-26 12:55,四方茉莉,428735,mygo
猎奇系轻百合，很挑观众一般人接受不了这个，动漫的艺术水平其实不高。能大火的原因大部分是能满足国内观众的猎奇心理，也有二次元对新奇事物的包容性。mygo是bangdream从日常轻百合向商业化音乐番的成功转变，她真正开创了少女乐队这一爆款题材，和k-on孤独摇滚已经后来的闺泣并称少女乐队四大名著。,8,力荐,2026-2-26 01:17,凉森白,428735,mygo
少女乐队之神，女女关系性这一块,9,神作,2026-2-25 22:56,落叶乘风,428735,mygo
真的很喜欢这部作品，无论什么时候听到诗超绊都很难不感动，是mygo让我开始组乐队，开始从享受一个人的舞台到享受一群人的舞台,9,神作,2026-2-25 22:18,OriPi,428735,mygo
7.8,8,力荐,2026-2-25 17:31,安里昕,428735,mygo
动画8分，3d+1分,9,神作,2026-2-25 17:29,Miku,428735,mygo
一篇迟来的测评，在初见时因为自己预期的错误(把mygo当成lovelive来看)，导致自己没能看完，之后的我因为各种少女乐队的梗变得有些讨厌这部动画，今天重新将它看完，深深的惊叹于其魅力。不同于普通动画把完美的人设呈递在观众面前，mygo露骨的写了五个有缺陷的人，一个人自卑，一个人虚荣，一个人满腹心计又满嘴谎言，一个人被身边人的压力逼的太紧，最后一个人格外的不合群。但是，当诗超绊响起的时候，大家决定在这个由谎言和自己的心思编制的乐队中继续前进，每个人都接纳了自己，看向了未来。再之后，则是mygo的大家努力的证明，一首迷星叫凝结的是这个不完美的乐队的努力的结晶，mygo的大家在此找到了自己的归宿，这支乐队已然变得稳固,8,力荐,2026-2-25 16:35,震撼我m,428735,mygo
还在go,7,推荐,2026-2-25 05:38,Lavi,428735,mygo
不可言談、言語的匱乏，失真情感的傳遞。動畫試圖讓觀眾躥起的情緒，使人顫慄。雖然都是微小的陣痛，傷口也將被「柔和」地縫上，加以可怖的真實情感，(對青春期傷痛的彌合)無法不睬，也最叫人害怕:這種微妙斷裂而杳無結果的失聯如何修復?台詞設計很精巧(不考慮為Mujica做鋪墊的ep13)，為日常而存在的文本。//偶然讀紙看到頗符合對mygo印象的句子:「人生中不少重要的事好像都是在雨中發生的。那些記憶如今被掀開來感覺依然濕淋淋，即便乾了，也像泡了水的書本一樣，紙張全蕩起波紋，難以平復。」真關心綠棕這對到底如何…無法得出解答(或許解綁但心有牽掛才最符合期望)。,7,推荐,2026-2-25 05:05,∄,428735,mygo
你比Mujica强一万倍，越看到后面越好看属于是,8,力荐,2026-2-25 01:42,Xrive221,428735,mygo
即使失败一次，也要有自己能重新来过的信心，不然人生那么长，会撑不住的哦,9,神作,2026-2-24 22:28,岛田杨八,428735,mygo
没感觉有出彩的地方,6,还行,2026-2-24 19:30,我喜欢你,428735,mygo
剧情还算不错，有很多爆点看的很乐。,8,力荐,2026-2-24 19:26,TULUO,428735,mygo
如果从动画层面上来说的话，Mygo绝对算优质的一批，剧情结构完整，演出流利，人物交织感做的很棒。满足了少女乐队粉丝的几乎所有要求，但是由于章节问题和其他问题，mygo动画并不能完全的与mujica剪开，因为本质上mygo其实算是给所有乐队成员建立了一个纽带，让大家聚在了一起，但是没有去解决C团的这个问题。而这个问题在mujica里被胡乱的结束了，这对mygo来说我觉得是一个很负面的影响,7,推荐,2026-2-24 10:15,DJR是什麼,428735,mygo
咕咕嘎嘎,8,力荐,2026-2-24 00:58,安逹さくら,428735,mygo
不要看第二季,8,力荐,2026-2-24 00:29,death,428735,mygo
史,1,不忍直视,2026-2-23 21:45,irohard,428735,mygo
现在看来，黑刀之夜和飞鸟山之战都是纯纯的炒作，通过扭曲立希、祥子、素世的人格来毁角色来刻意制造爆点。很遗憾，作者在续作中更大量地烂炒来制造矛盾，而完全不去考虑后续应该怎么去解决问题。降为5.5-6分。|| 6.5/10，对我来说算高开低走了。前7集的背景故事和情感烘托都是较为优秀的，甚至能到8.5/10。第10集的包饺子于情于理分量都不够，感觉轻飘飘地就缓解了，难以和前面营造矛盾的爆点相提并论，直接导致Live上的煽情很尬，评分5.5/10。总体上比较可惜，明明有很高的潜力但是没有发挥出来。如果爱音和素世的矛盾缓解能让我感到有分量，并且11-12集再有趣一点的话，总分甚至能上到8.5~9分。,6,还行,2026-2-23 17:56,terrarine,428735,mygo
"经历良多的五人组成一支未必专业但不可替代的乐队;高松灯,一休尼！",9,神作,2026-2-23 13:48,姚乐山,428735,mygo
ano真的是神了，凭一己之力牛了半个C团,10,超神作,2026-2-23 13:07,Schwarzer_Regen,428735,mygo
MY GO的剧情确实很精彩，但是MY GO的演出方式我不太喜欢,7,推荐,2026-2-22 22:18,L,428735,mygo
万恶之源（悲）（望向,7,推荐,2026-2-22 21:20,qingcong542,428735,mygo
如果是刚完结的那一会儿或许值得更高分，但mygo和mujica显然不是可以切割开的两部动漫，mygo本身复杂的人物关系、精妙的纠葛为我们上演了一幕精彩的群像大戏，但对于祥子的问题，它始终只是编织好了一个精巧的结而并没有解开，虽然mygo主要讲的是mygo的建立，但祥子在这个过程中有着举足轻重的作用，并不能简单地以“隔壁的键盘手”来概括，在mygo中编织好的精巧的结却在mujica中被粗暴地剪开，我个人不能接受这样的处理,7,推荐,2026-2-22 16:45,简易拼装,428735,mygo
实际这部番所带来的社区意义是要远大于番本身的，8分是给无数大佬们的二创打的,8,力荐,2026-2-22 14:19,GaPDh,428735,mygo
祥厨的开始，梦开始的地方,9,神作,2026-2-22 10:04,yzhanglp,428735,mygo
7、8两集的冲突爆发以及名场面充分拉高了期待值，最后也成功地完成了mygo成长为完整乐队的收尾，追番体验满分。但将crychic问题留给mujica埋下了隐患，最后mujica也是成功烂完（,8,力荐,2026-2-21 22:31,蜡屐丶,428735,mygo
刚看完第十集感觉节奏有点快了 但回过头越想越觉得厉害,10,超神作,2026-2-21 21:37,Arutoria1337,428735,mygo
"2024.02.26-2024.02.29
2025.02.08-2025.02.13
2025.03.07-2025.03.09",8,力荐,2026-2-21 21:26,DKIIEX,428735,mygo
二周目—经过——,0,未评分,2026-2-21 21:18,无志异Qy,428735,mygo
"3
2
3",0,未评分,2026-2-21 21:04,杰小抽,428735,mygo
也许是我看不懂，或者是看孤独摇滚看多了，怎么感觉好重啊,5,不过不失,2026-2-21 12:20,WangZixu_旭,428735,mygo
7分，凭社区氛围打8分，本身质量也够硬，忽视续作，角色互动还是很有意思的，永远忘不掉的夏天,8,力荐,2026-2-21 00:23,Simple_Cry,428735,mygo
本质肥皂剧，为什么换成少女乐队题材我就这么爱呢？音乐好是基础，剧本好是长处：简练有效的对白、张弛有度的节奏，优秀人设加上较为清晰完整合理的人物弧光。,9,神作,2026-2-20 16:33,汉谡,428735,mygo
"1.在第7、8集矛盾激化之前挺平淡的，就是拉人组乐队，大家各怀一点小心思，没有那种想一直看下去的欲望，可能我本身不是很喜欢这种偏日常一点的吧。

2.通篇看完后觉得大家早点坐在一起把话说清楚不就得了，绕来绕去的真的很辛苦，可能是剧情需要，大家一开始坐在一起把话说清楚了还怎么推进剧情？

3.看完有想尝试一下电吉他，不过听了一些电吉他solo后还是被劝退了，音色我我实在不是很喜欢，有种嘈杂的感觉，吉他还是需要组乐队和其他乐器搭在一起组成曲子才好听。

4.羊宫妃那的唱功是不是有点差的，mygo里的曲子我动漫里听到都不觉得很好听，在B站听别人的翻唱才觉得原来曲子这么好。",6,还行,2026-2-20 16:04,odenma,428735,mygo
电能激荡！,6,还行,2026-2-20 13:41,Neon,428735,mygo
"2024.3.17
看完之后每次听歌都感觉心嘎巴嘎巴的",7,推荐,2026-2-20 00:43,硫酸盐,428735,mygo
单独这一季是很优秀的水平，最初上映时的连放，第一人称的视角代入，全员神人开爆的紧凑，以及无与伦比的社区讨论氛围都给这部作品带来了极高的加成，但在第二季播出后，让这前面的一切源头显得可笑而又荒唐。,6,还行,2026-2-19 02:36,kiri,428735,mygo
噫，我要看的就是这个呀,8,力荐,2026-2-18 22:47,谭记尧,428735,mygo
起承转合一气呵成，还有剧外许多梗的加持，观看体验十分舒适,9,神作,2026-2-18 11:00,unhappy马希洛,428735,mygo
"打7太低打8又高了
抛去场外种种，这片还是贡献了ep3这种高水准回，比较有争议的ep10也的确有感染到我，总得来说是观看预期垫高了实际体验的实例。",7,推荐,2026-2-18 03:08,nxkmb,428735,mygo
客观上说还是值得赞扬的。 B //,6,还行,2026-2-18 00:41,枣铃,428735,mygo
咕咕嘎嘎,8,力荐,2026-2-17 13:22,smile,428735,mygo
有足够的可重复可记忆的梗，足够让人挖掘的少女乐队女女关系性，足够的电波情感，足够舒适的情节发展，一开始这部作品过低的期望带来的反差，还有大量用爱发电的优秀二创作者，可以说它是传奇的番剧，甚至是独一档的传奇爆火佳作，不论怎么样，这番带来的场内场外活力都值得一个八分,8,力荐,2026-2-16 21:43,booce,428735,mygo
这十分是给二创和一起看的朋友们,10,超神作,2026-2-16 19:47,刃下心神了,428735,mygo
剧情真的很不错，但3D的动作感觉还是不适应啊,7,推荐,2026-2-16 19:07,Baiyi,428735,mygo
抛开宗教群体、勾使续篇（唯一的优点是音乐）与劣质3d不谈 作为音乐百合偶像番也足够丰富有趣 该传达的情感与爆点也都达到了很好的效果 初看时眼前一亮,8,力荐,2026-2-16 00:02,Kekdj,428735,mygo
虽然近些年来饱受争议，但仍然是我最喜欢的作品。剧情是一部分，作为原创动画它带给我最好的追番体验，真正意义上的享受动画就是如此吧,9,神作,2026-2-15 23:00,wa糖lna,428735,mygo
过誉但是理解，还不错,7,推荐,2026-2-15 21:50,此用户已删除LMUR,428735,mygo
我第1001次思考，为什么这片会这么火？,6,还行,2026-2-15 21:26,十一,428735,mygo
角色真的很棒，为什么不能做成真百合,8,力荐,2026-2-14 18:27,疏,428735,mygo
"8.5/10
放送那会觉得3渲2的质感廉价，拖了一年多才看，实际看了又觉得没那么难接受，也很快为剧情吸引。
剧作展现了“自我”“他人”间的冲突。爱音转学后迫切寻求可融入的圈子、收获认同；素世为了挽留旧友而让渡主体性、委屈自己；立希以强硬姿态伪装自卑。她们各自的心思、缺点或误解，引发了一连串沟通失效乃至失控。而有孤独症谱系特质的主唱灯，天然无法融入他人，有“成为人类”的愿望。而剧作令人动容之处，就在于让灯凭着才能成为吸引其他成员的存在，她原本是被动的，但被推了一把后，第十集爆发出的强大行动力，将迷茫、痛苦和不想放弃的意志，作为纯粹的能量传递给他人，其坦诚使得原本分崩离析的乐队再聚首。素世放下算计，立希放下偏执，爱音放下虚荣，她们调和冲突的前提不是消除彼此的阴暗面，而是承认并接纳这些不完美。在相互理解的尝试中，音乐是沟通的桥梁（第7、10集）。",8,力荐,2026-2-14 00:16,雪岭Snowii1999,428735,mygo
番剧还行 就是神人有点神,8,力荐,2026-2-13 05:32,mdk的theory,428735,mygo
mygo要感谢开局三集放送，彻底打开少女乐队时代,8,力荐,2026-2-13 01:00,小猪权君,428735,mygo
爱屋及乌了，已切割,3,差,2026-2-12 22:59,航鸢思宫羽,428735,mygo
可能被剧透不少了，也可能是没看过多少音乐番，没什么特别眼前一亮的感觉，但确实被几次氛围演出狠狠感染了，结尾mujica的登场直接给我看要投敌了，现在非常好奇mujica是怎么烂的,7,推荐,2026-2-11 20:40,愿君更待俏佳人,428735,mygo
mygo还是好看的,8,力荐,2026-2-11 02:57,媒幽攘,428735,mygo
还是太爱了,6,还行,2026-2-11 02:02,空白SG,428735,mygo
母鸡卡日薄西山的今天，还是要承认当时mygo带来的感动的，诗超绊这种收束方式至少对我来说是足够震撼的，过去几集被戏称的神人剧情神人脑回路在这首歌响了之后可以说都不重要了，独属于音乐番，独属于mygo的方式，既有特色又足够感动,8,力荐,2026-2-10 19:46,gdyger,428735,mygo
2026.2.10看完,8,力荐,2026-2-10 02:48,梓川凉梦,428735,mygo
昙花一现的希望,8,力荐,2026-2-9 23:12,InazumaH,428735,mygo
值得二刷，常看常新,8,力荐,2026-2-9 20:28,Anchorite_Yuki,428735,mygo
我不知道要怎麼評價它，因為它帶給我的體驗都是我的第一次，第一次在網上跟人討論假藥，第一次做考據，第一次喜歡一個角色到了無法自拔的地步。但拋開這些第一次不談，它帶給我的追番體驗，是我至今為止得到的最棒的。它也是讓我真正喜歡上少女樂隊題材及敘事媒介，讓我真的會對動畫中上演的表演停留，而不是按下快捷鍵快進的作品,10,超神作,2026-2-9 19:03,huiyeji,428735,mygo
23年异常火爆的动画，衍生出各种二创，总体来说非常不错。但对我来说一般，歌挺好听,6,还行,2026-2-9 16:32,xewsts,428735,mygo
太尬了，撕头发撕的没水平。,6,还行,2026-2-8 23:42,love乐乐呵,428735,mygo
二创远胜于原作,5,不过不失,2026-2-8 15:24,Hayoma,428735,mygo
私心8分 但客观7分,7,推荐,2026-2-8 14:21,道成空談,428735,mygo
咕咕嘎嘎。本以为剧情上会比母鸡卡柔和许多，没想到也是神人大集合，尤其是神中之神的大祥老师，贯穿两部动画的神秘人物动机。说到底这两部番都是用足够强烈的戏剧性冲突和爆点推动剧情，区别就是mygo没有Mujica那么多对作品辅助作用为负的设定，什么财阀斗争多重人格重女小姨通通没有。简单朴素的背景和清晰爽快的设定让mygo不会像后者一样陷入始终无法构建人物弧光的泥潭，mygo的整体人物塑造还算尚可，人物的关系营造在叙事水平上有些略显青涩，几乎所有搭桥和联结片段全都是你追我我追你，在我看来是不算特别成熟。尽管如此，mygo的整体观感还是不错的，把这个一般的故事讲的还行，制作中规中矩带点小巧思。另外不得不说演出的冲击感这一点还得是母鸡卡，看完给我脑干都冲晕了。咕咕嘎嘎,7,推荐,2026-2-7 01:19,平丘寻冬,428735,mygo
乐队类番里少有的赛道 作为新乐队的动画开篇之作 前期的倒叙很需要勇气 也带来了正收益 会让人忍不住去推测前因后果和人物关系性 也给我带来了情感上的触动,8,力荐,2026-2-6 21:49,AY,428735,mygo
就爱看点扭曲重力美少女,9,神作,2026-2-6 15:22,赤穹,428735,mygo
看之前以为是一个主音乐后关系性的番结果反着来了是一个主关系性后音乐的番，这个番的主要加分点还是在关系性，感情冲突上面吧，但可惜在关系性感情冲突上我已经品鉴过了白二，所以说实话我实在没感觉到啥压力，压抑的，而自然我这边也就只能说评价一般吧,7,推荐,2026-2-6 11:56,长青,428735,mygo
或许是我完整看下去的第一部3d日漫，视觉效果不僵硬，ep10的演出不错，7.6,7,推荐,2026-2-5 15:58,SunXTDei,428735,mygo
乐队中的情深深雨濛濛,7,推荐,2026-2-5 01:02,杰杰坚果君,428735,mygo
同类型里面剧情比较有意思的，而且肯定比母鸡卡强,8,力荐,2026-2-4 22:50,逆回十六夜,428735,mygo
你是,7,推荐,2026-2-4 20:08,cpl,428735,mygo
还有什么比看女生吵架有意思呢,9,神作,2026-2-4 19:27,赤夜,428735,mygo
重在情感冲击。//你的女女关系性我后知后觉…或许mujica的崩坏是为了mygo本篇的成功。mujica信息爆炸 但mygo处处留白 虽然应该是为了出后续而铺路的。总之我现在越来越觉得其好味。 我看看哪天二刷一下要不要给你改成8,7,推荐,2026-2-4 13:28,暑雨,428735,mygo
2026.2.3完成,6,还行,2026-2-3 18:54,MJUNM,428735,mygo
只记得1喜欢要乐奈2立希是传奇小组作业组长了。（2025/12/01）,6,还行,2026-2-3 06:08,更更今天看了：,428735,mygo
你给我下了什么药啊,9,神作,2026-2-3 01:22,k-on,428735,mygo
ep7神回，前期压抑，中间小燃，最后扭上天，期待后续表现捏,9,神作,2026-2-3 00:57,午後二時半,428735,mygo
朋友推荐的，感觉还行,6,还行,2026-2-2 12:39,呆呆唯,428735,mygo
再一次听到春日影，诗超绊，再也无法抑制住心情哭了，感谢我在23年遇到了mygo，可能唯一的遗憾就是我是完结才看的没有每一集跟上社区的讨论。mygo给我的感动一辈子也忘记不了了，也谢谢mygo让我入坑邦邦,10,超神作,2026-2-2 07:53,梦到泽渡雫,428735,mygo
及格作品，但是很扭曲我喜欢（加一分,7,推荐,2026-2-2 05:20,云我云我,428735,mygo
武士道和社区共同造就的mygo时代,8,力荐,2026-2-2 03:12,huoyu,428735,mygo
一开始并没能看下去，第一集的观感实在很难说是出色。看完之后的唯一感觉只有后悔没有早看,9,神作,2026-2-2 01:17,soyo,428735,mygo
有趣的乐队番,8,力荐,2026-2-1 22:55,swyQAQ,428735,mygo
青春,9,神作,2026-2-1 17:08,Wanderer,428735,mygo
少歌之后的又一扭曲大作，看的很舒服(你续作怎么拉了）,7,推荐,2026-2-1 10:45,幻想之街,428735,mygo
23年7月的夏天，那个众人狂欢的时代，不可预测的命运之舞台，由少女们创造的故事......我怕是永远都忘不了MYGO了,10,超神作,2026-1-31 21:22,顾子兮,428735,mygo
补，没有mujica的话是很不错的作品,8,力荐,2026-1-31 20:16,爱城★华恋,428735,mygo
"2023年8月4日凌晨3点，我从床上突然清醒，明明还要上早八，我还是挣扎着从床上爬起来，因为我想到mygo第八集更新了，本来想着9点半准时看的，但是那天上班太累了，回来倒头就睡，或许冥冥之中我看动漫的灵魂在呼唤我起来，总之我起来了，打开网站开始下载第八集，房间空调很冷，我坐在椅子上盖上毯子，抱上我的抱枕开始看，夜深人静，只有电脑屏幕里那压抑的剧情和音乐，前面的剧情还算正常，因为第七集看完我也觉得soyo要黑化了，但是当soyo开始下跪时我还是感到震惊，我张大嘴巴，疯狂挠头胡乱地抓着头发，死死地盯着屏幕，寂静的夜晚只有耳机里传来的喷泉水声。
我知道我见证了一个历史性的一幕，我知道这集播出之后网上的讨论和热度要爆炸了。",10,超神作,2026-1-31 16:49,锦绣bangumi,428735,mygo
最好的追番体验,8,力荐,2026-1-31 16:08,Boogiepop,428735,mygo
经典解决问题不会好好说话，扭起来,0,未评分,2026-1-30 22:37,再睡一夏,428735,mygo
回不去的夏天，无法忘却的回忆,8,力荐,2026-1-30 22:18,lafea,428735,mygo
没有母鸡卡我绝对给8分朝上。但是现实是有。而且是不能忽视的那种。女高们的纠缠还是太对大伙好球区了。看两三遍的时候会觉得挺好。看多了就会发现有的剧情部分还是太刻晴了，有点弱。,7,推荐,2026-1-30 07:03,FAZE·Niko,428735,mygo
燈的描寫很真實,8,力荐,2026-1-30 01:46,45LP,428735,mygo
怀念最好的五个人：已Fifa×5,8,力荐,2026-1-30 00:33,千里常有，而马不常有,428735,mygo
开启新世界的大门,8,力荐,2026-1-29 23:31,杂鱼,428735,mygo
好想成为人类啊,9,神作,2026-1-29 22:27,clesa,428735,mygo
极为优秀的剧本。10集的存在十分亮眼，此后急转直下变为大家一起包饺子。,7,推荐,2026-1-29 18:32,阿尔吉侬,428735,mygo
故事本身非常完善（≠合理）地展现性格分明的角色之间的“关系”，让观众可以“推”和“磕”；矛盾有多次不一定合理但绝对精彩有趣的爆发点，作为记忆点成为梗疯狂传播；主题“一起迷路”完美切中宅男常见的社交焦虑，五个主角对社交各不相同的渴望和行动都可以引起观众共鸣；制作方面除了三渲二可能让观众不适应之外没有明显问题，歌曲风格我个人不太喜欢但应该是符合大众审美的。如果作为纯粹的商业片角度来看，确实没有什么可以挑剔的。,6,还行,2026-1-29 01:05,云玩家c,428735,mygo
"难以言说的感觉
怒涛展开
一辈子难以忘记的体验",9,神作,2026-1-28 23:21,bxta,428735,mygo
从第四集开始追，比起番本身，那个充满活力的社区与夏天大概才是我最忘不了的东西,8,力荐,2026-1-28 01:00,TrAveller7150,428735,mygo
不喜欢捏着嗓子的配音,0,未评分,2026-1-27 21:51,西南方太灵虚皇天尊,428735,mygo
"补的番。当时看完是什么心情已经记不得了，但是我知道此后长达两三个月我都在疯狂的刷二创、翻33989录播跟看，歌单里多了七八首这个乐队的歌。
//所以为什么Mujica能这么恶心TAT",9,神作,2026-1-27 21:46,Dioxane,428735,mygo
吹大了，剧情还是不错的，但实在对百合和扭曲完全没有兴趣。这部番是被网络时代玩梗带红的。如果在中学生那时候看也许感受会不同，毕竟中二病。歌也难说优秀。,8,力荐,2026-1-27 21:34,南蛮,428735,mygo
扭曲的人物关系性，完整的故事。前后伏笔挺多的，而且“剪切线”这一文化，把很多东西都暗示的很明显，重新看一遍也有新鲜感。,9,神作,2026-1-27 20:29,by63x66,428735,mygo
记忆深刻,7,推荐,2026-1-27 20:13,mrs.quin,428735,mygo
极其overrated的作品。爱音开局莫名其妙拉去唱k戳到灯的痛处然后被吹成情商神；高松灯说话说不明白只会捡石头，然后乐队解散了上台念稿；立希全程护着灯但灯只惦记爱音让人看着想笑；乐奈纯纯工具人，人物塑造只有有趣的女孩子和抹茶巴菲，来得莫名其妙走得莫名其妙，整个人物的存在意义就是为了高松灯念稿段上去伴奏救场服务的；整个crychic的问题可以祥子一句“对不起我家里出事只能退出乐队了”解决但人家偏要谜语人，素世字面意义上跪舔这样一个谜语人不惜算计背刺爱音，没人知道祥子给她下了什么药。少女乐队它就不适合写爆的剧情，因为很难搞来纯坏人当反派，而全是正常的好人又没有矛盾来爆，为了爆就只能强行拧巴角色把角色变成不正常的人。想制造矛盾拍非日常，又没有那个水平，最终带来的结果就是地狱级的人物塑造和地狱级的观感。音乐也难以欣赏。我能打零分吗？,1,不忍直视,2026-1-27 17:19,RinaKarita,428735,mygo
极佳的女女关系塑造，搭配不错的视听，尤其是诗超伴真给我看爽了，让我一个对于少女乐队题材毫无兴趣的人，也能看的津津有味，搭配泛式的视频来看，简直是国宴，8-8.5分一点问题没有,8,力荐,2026-1-27 15:26,码头上没薯条,428735,mygo
没见过这么神人的作品。 ”一辈子乐队吗？“,6,还行,2026-1-27 13:46,lennox,428735,mygo
几位初中生围绕老乐队解散展开的爱恨情仇（有种小时代的调调）。人物动机有些奇怪，有时对于突然的情绪爆发感觉莫名其妙，仿佛这几个人有几段虐恋。不过作为原创番，伏笔回收还算不错，也有讲述一个完整的故事，对几位乐队成员的描绘生动且印象深刻。总体还是推荐一看。,7,推荐,2026-1-26 20:43,落花微雨123,428735,mygo
各种意义上让我永远不会忘记的作品,10,超神作,2026-1-26 20:20,神锁没有钱,428735,mygo
制作不错，剧情都是样板戏，和之前老团差不多，但伏笔回收和细节处理不错，演出的镜头动效很有感染力,8,力荐,2026-1-26 14:56,adsert,428735,mygo
7.5，人设以及具体互动时的神态细节刻画地相当高明，就是呃唔诶唉之类的助词有点多。虽然设定是女高但也仅将其作为背景板，没有受到题材限制可能也是成功的要素之一。出圈极为迅速且原因不明，现在看来可能已经成为简中互联网的亚文化之一了。补完全系列动画之后回顾本作，确实称得上是改变了系列的创作范式，对系列重live轻剧情、剧情雷声大雨点小的通病进行了明显的改进。,7,推荐,2026-1-25 23:26,不热心宇宙公民王某,428735,mygo
我看 mygo 搞得不错，剧情极大丰富，扭曲成分到处都是，二创繁多，人物关系也受重视，如果去掉母鸡卡和神秘和扭曲，mygo 就是我们理想中的少女乐队番。,7,推荐,2026-1-25 19:11,bot,428735,mygo
"伏笔密度可以与推理小说媲美，看似松散的情节背后是足量的伏线支撑，剧情走向都有迹可循，有一种结构的美。就是伏笔所支撑的那个故事发展的主体部分不够优秀，让我有点失望
//go批能不能别复读你那些烂梗了，如同银梦小鬼一般的微要素狩猎差不多得了",7,推荐,2026-1-25 16:34,Ltimbe,428735,mygo
补,8,力荐,2026-1-24 16:46,NihilDigit,428735,mygo
2024年11月17日 想起来这个没记。其实单纯从剧情方面来看只能说是上游水平，不平庸但也不顶尖，3d方面和gbc感觉差不多水平，演出也是，综合和gbc一样。,8,力荐,2026-1-24 16:19,AAA月光族珠宝,428735,mygo
这还是炸梦吗,9,神作,2026-1-23 15:52,MoGuQAQ,428735,mygo
"刚开始看mygo的时候 并没有什么特别的感觉，因为属于我的少女乐队，它早已出现。
各个意义上来说，mygo都不是一部最好的番，不是2d啦，题材小众，难蹦的剧情映照着现实......仿佛述说着这只不过是一部乐子番。
但随着剧情的高潮，春日影的奏响……一切的一切都融入了旋律之中，放声呐喊并不是为了得到回应什么，而是仅仅想要成为人类……为这当下的不甘、不舍全部发泄出来，最能打动人的一定不是理性，而是情感。
向我们诉说着，这一切都是真的，那绝非什么虚假之物，而是切切实实存在的
谁没有曾经想要守护的珍贵之物?谁又因现实的种种因素而不得不放弃某些东西?
身处泥潭之中，砥砺前行的就一定是强者?在现实面前，没有胜者，只有努力成长之人。
幸福的时候，难道追求一辈子，也是错的吗?
PS：我大概一辈子也忘不了mygo了吧",9,神作,2026-1-22 18:21,Kanomi,428735,mygo
第一集看完就把ep.10之前的内容猜了个八九不离十，可以说只要记住一个“相反日快乐”，所有的人物塑造便都完成了。以虚荣开始的最后一定会动真感情，和气的面具下一定是自私的本质，嘴上不饶人的实际上最好搞定，闷葫芦一定会在最后的关键时候爆发。所谓热衷于“少女们”之间的“关系性”，大抵是当代年轻人既无法在社会中确定自己的位置，又无法突破与他者心之壁的“关系性贫乏”。自“世界系”以降那种因“自己与周围不同所以选择将自我封闭于互联网这样一片净土中”带来的安心，在互联网已经和现实社会融合的当下变为了社交平台的圈子内“自己与说着同样梗的网友没有什么不同”而带来的安心。人人都明白“瞬间”的积累又怎能填补与“永远”之间现实生活无底的裂隙。可一旦舍弃了“故事”，戴上假面站上大人们的世界，我们也便被世界所抛弃。能否相信这样的誓言，不过取决于你所寻找的是“居所”还是“乡愁”。,6,还行,2026-1-22 02:54,飞鸟,428735,mygo
郭敬明来写都能吊打，比得过小时代一根毛吗,1,不忍直视,2026-1-22 01:51,克里斯蒂娜酱酱,428735,mygo
同时期的少女乐队动画这个算挺不错的,8,力荐,2026-1-22 00:57,天马行云,428735,mygo
恰到好处的关系性，还没有完全遗忘的乐队番核心剧情，再加上一专的水平上佳，制作组的出色发挥和出圈的百合剧情，可列入最喜欢的乐队番范围之一了,9,神作,2026-1-21 22:40,淬火ovo,428735,mygo
不是很对得上我的电波，或许是受主角影响吧,5,不过不失,2026-1-21 18:07,Ahat,428735,mygo
mygo就是一场幻梦，而我就像在终章响起后仍不肯摘下耳机的观众，明知结束，却不愿退场。,9,神作,2026-1-20 22:57,卧波云龙,428735,mygo
开头给人强烈的新鲜感，叙事效率高的惊人，但仅限于ep1前半。整体处理过于细腻，过于重视人物关系了，以至于故事显得松散而稍微疏离（所有人都要抢戏，以至于略显主次不分）。并非人与人解决问题，而是人就是其他人所要面对的最大问题，这一点就注定本作达不到预想的上限。整体处理也略显平淡，至少要有更多ep1和ep5的质量才配得上这个评分，目前只是中规中矩的日剧，全靠社区meme。6+,6,还行,2026-1-20 09:49,小恶魔不太涩,428735,mygo
伟大无需多言,10,超神作,2026-1-20 04:17,漫菌菌,428735,mygo
我一直是?p啊，?什么的不熟，动画千歌了,10,超神作,2026-1-20 00:55,faronar,428735,mygo
没想到你还真是比gbc强的少女乐队番。羊大人给我多念念诗吧,7,推荐,2026-1-19 13:54,05mengmeizi,428735,mygo
mujica播出之后不再复言，唯有感谢。mygo把她最美丽的时刻留在了我的高三，回到宿舍偷偷借同学手机看假药，然后跟几个同学一起熬夜追最新一集，也许会成为我此生最宝贵的记忆之一。,9,神作,2026-1-19 13:36,鲫鱼,428735,mygo
可惜我先看了Mujica,6,还行,2026-1-19 11:52,Toyhy,428735,mygo
这就两年半啦？感觉药效有点失灵了，得益于病毒式解构吧……两年前我给9神作，现在只能给7推荐。,7,推荐,2026-1-19 07:55,许谎,428735,mygo
有的地方对我来说有点尬了，不是很能get到所谓的关系性，但动画整体还是很不错的,7,推荐,2026-1-19 05:57,零式,428735,mygo
角色性格刻画得很鲜明,8,力荐,2026-1-19 00:32,有馬かな,428735,mygo
我犹豫了很久到底该给8.5还是9.0。反复修改了很多次，mygo就是这么一部让我感到难以评判的作品。,9,神作,2026-1-18 23:13,麓谷,428735,mygo
扭曲 爱看,8,力荐,2026-1-18 22:48,生鱼,428735,mygo
国产二游和皮套人时期二次元群体寻求的动画界对应物代表之一。,7,推荐,2026-1-18 22:01,问雨,428735,mygo
女女关系性爽吃,7,推荐,2026-1-18 21:32,sakayuzu,428735,mygo
"少女乐队番一定要有音乐，mygo的音乐绝对是很耐听的一档，看着高压锅乐队从支离破碎心怀鬼胎到最后组成一整块拼图，在诗超绊舞台上合奏，当时正经历挫折的我也重拾了站起来的信心，还有很多神人二创也是这个ip的魅力之一，总之这是一部对我意义非凡的番
爱音素食kkk",8,力荐,2026-1-18 21:01,Rikka,428735,mygo
现在是2026年，随着热度的逐渐散去和2025年mujica的褒姒，综合来看，8分的评分对这部作品来说应该是非常中肯的评分,8,力荐,2026-1-18 14:18,ZaraYaqob,428735,mygo
希望十年后再看一遍时还能想起23年冬天那些神仙二创,10,超神作,2026-1-17 23:57,大只无聊,428735,mygo
虽然mujica烂完了，但身为邦邦人以及看在第3集第10集两个神回的份上我还是愿意给9分的。,9,神作,2026-1-17 23:02,鎧塚希美,428735,mygo
还不错的一部番剧，之前看到这部那么大得名气，还怀疑水平会不会意外的低，看完观感意外不错,7,推荐,2026-1-17 21:49,北方狼先生,428735,mygo
二创的数量足以证明这部人设写的不错 / 留档2026/1/17评分7.984,8,力荐,2026-1-17 19:25,hyw,428735,mygo
最好的五个人,9,神作,2026-1-17 10:07,YiNGftz,428735,mygo
抛开母鸡卡不谈，还是很不错的,8,力荐,2026-1-16 23:19,鸢一千纸鹤,428735,mygo
"你能，和我组一辈子乐队吗？
想要一辈子都不受伤是不可能的。
如果能累积这一个又一个的瞬间，也许就能变成一辈子。
是又怎样？
遭遇过一次失败却不懂得重新开始，人生这么漫长会撑不住的喔。
看完mujica，怎么也得把前作也看了。在看mujica得时候就感觉有几集人物配角有点乱，这不，直接来看mygo了。看完只能说，幸好先看的是mujica，不然我不敢想象先看mygo再看mujica亲眼看着自己喜欢的角色一个个的崩掉有多难受。这部剧剧情上还是很治愈人心的，每个人的成长，每个人的变化，心思的细腻都表现的很透彻。每当春日影响起，还是忍不住眼眶湿润，真的太好听了，而且超级感人，在看的时候，每集也有点小爆的环节，但当最后都能处理得很好，每个人都尽于沟通都团结一致去努力时，这乐队就形成了。一群人认真去做一件事情真的很美好很热血，毕竟很多时候都很难有校园的感",8,力荐,2026-1-16 22:35,Masakizzzzzzz,428735,mygo
看完最大的感觉是粗糙，情绪主导的作品如果不能让人代入其中融入氛围该怎么体会其精妙之处呢。,5,不过不失,2026-1-16 21:06,砂歌遥,428735,mygo
客观,8,力荐,2026-1-15 21:53,ikari,428735,mygo
nice,9,神作,2026-1-15 19:54,chailoei,428735,mygo
83/100。是为心理困境题材作品的它，不需要虚假的王道GE，NE即是最妥当的结局。就算前景依然不明，异类也终不再孤单；即便隔阂摩擦皆是在所难免，这有人一起迷路的日子虽不十分美满，却也别样地可贵而浪漫——诚然她们无需达成什么“一辈子”的心愿。 乐队不过形式，豊川祥子亦只是位配角，故有EP13在故事的最后就此人物说句她们的CRYCHIC已成过去亦是并无不可。 【2025-2-28】,7,推荐,2026-1-15 15:33,心的神话,428735,mygo
"5.0。实际上，我很讨厌这部动画片，主要是因为其过于逆天的粉丝，一小部分是我不想看到邦邦成时尚单品。
 如果是刚追完这部的时候，我可能会多打一分吧，但现在我只想给他四分，最终尽量遏制对它的厌恶而打了五分。
作画平庸，音乐一般，但是剧情可圈可点，虽被誉为“日本小时代”，但它的叙事手法却区别于一般偶像作品，剧本也差强人意。编曲并不是很有技术含量，考虑到设定为高中生作曲，也能理解。
但是它遇到了一群疯狂的观众，神人的运营，尸潮爆发造就如今的大少女乐队时代，二次元偶像成为新兴潮流，神人辈出，地下艺登堂入室，这一切虽不全是mygo所导致，但总有它的关系。
令人感叹。",5,不过不失,2026-1-15 09:26,中須賀エミ@CN,428735,mygo
這動畫成功改變了我對3D的偏見，這部番火的程度也不用多說了，甚至啟發了大華語歌mad時代,8,力荐,2026-1-15 00:59,3QBomb,428735,mygo
年度第一,9,神作,2026-1-14 19:11,zfjared,428735,mygo
沟通的重要性,8,力荐,2026-1-14 00:04,温庭筠,428735,mygo
Mygo for mygo.,0,未评分,2026-1-13 22:28,姜汁汽水,428735,mygo
二次元小时代闹麻了，郭敬明的作品真是吃了时代的亏,2,很差,2026-1-13 14:47,某路过的超电磁炮,428735,mygo
霓虹人自己的小时代,7,推荐,2026-1-13 12:26,N.,428735,mygo
无聊，莫名其妙火起来,5,不过不失,2026-1-13 11:16,浇汁鲨鱼,428735,mygo
配合mad一块看的就是神作,9,神作,2026-1-13 08:50,Oblivionis,428735,mygo
许多年后 我一定会回想起看mygo的那个下午 是它带我走向了少女乐队的不归路。总体而言 这个番在音乐方面很出色 剧情方面虽然后期人物关系扯得有点奇怪 但以前十二集来说 已经不错了 只要没看后续的内容的话,7,推荐,2026-1-13 00:24,最喜欢老仓,428735,mygo
补标 25.9.19,7,推荐,2026-1-12 19:06,壹贰叁肆,428735,mygo
讨论话题度拉满。剧情创新，打破了固有印象。音乐加分！,7,推荐,2026-1-12 00:00,xxf,428735,mygo
本质少女乐队，比常规萌萌动画加了一点沉重内容,6,还行,2026-1-11 22:39,单行路OWR,428735,mygo
歌曲很棒，剧情可以,9,神作,2026-1-11 21:15,Akira,428735,mygo
朋友推荐看的，从此开始了少女乐队番之旅,9,神作,2026-1-11 15:15,芙芙可爱,428735,mygo
这些性格的人怎么可能走到一起，以及为什么要对主角这么好，莫名其妙的伤痛剧情。不像孤独摇滚的波奇，他是社交恐惧症，但是对于来之不易的朋友是十分珍惜的，很多剧情可以看到波奇的闪光点，以及对朋友的感情输出。但是在这里完全没看到，一直都是在被动的求输入。。。,0,未评分,2026-1-11 02:19,climt,428735,mygo
Bang世界从前期系列的生草主旋律，经过电波菌的过渡，终于走向近年偶像番组喜欢的阳光反射率不足的暗黑系风格。本作人设设定和剧情冲突，尚有值得推敲合理性的地方，更具张力的live舞台运镜、乐理乐器乐团软硬件更丰富的细节、更细致的3D模型运作，可以让人在娱乐观看的前提下忽略掉不足不合理之处。Bang系列风格一路变黑是必然，因为不能永远靠生草过活，就像市ヶ谷有咲培植的各种盆栽，扭曲才能卖出好价钱，现实亦如此。不过京吹第三季那种重力扭曲，我是不赞成的。,7,推荐,2026-1-10 22:46,瑞久美,428735,mygo
mygo最大的问题就是埋了一个巨雷 ，就是祥子为什么会转变这么大？母鸡卡本身就烂也没处理好，缺乏前瞻性，这点扣1分，8.5到9分之间吧。评分这么低，我感觉纯纯是一群连番都没看过的就因为自身原因给打低分,9,神作,2026-1-10 00:09,Zongtong様,428735,mygo
"2024-05-30 看完
这ave mujica音乐不爆杀mygo啊",7,推荐,2026-1-9 23:46,躁动的U型锁,428735,mygo
干旱爱音太不容易了，咱就是说非要跟这四个人组乐队吗,7,推荐,2026-1-9 12:35,gokumonnadeshiko,428735,mygo
沟槽的6657弹幕刷了几年了我还没看都把人认全了，直接来看原版是什么大能，一看才知道哦那是真的牛逼！全程就是乐和绷再加上点类目，不愧是看6657还开弹幕还+1的我。推荐脑子有点问题的人来看，如果没被剧透过的话更好。,8,力荐,2026-1-9 08:35,pyrojewel,428735,mygo
我要看一辈子邦邦,8,力荐,2026-1-8 19:47,gelingbiye,428735,mygo
为什么要演奏春日影！？,8,力荐,2026-1-8 18:54,小春日和,428735,mygo
我觉得番剧的评价是要考虑其续作情况的，没出续作前应谨慎评分；如果Mujica没那么烂的话，8.1还能理解，关键就是Mujica烂完了，仅看MyGO的话故事不算很完整，因此我只能给到7分；不过go的二创是我感觉还蛮有意思的，大家都挺能整活，内容产出是真的丰富,7,推荐,2026-1-7 19:54,Arcen,428735,mygo
要看一辈子乐队番,10,超神作,2026-1-7 13:50,dusk,428735,mygo
我不懂,6,还行,2026-1-7 01:39,微恩,428735,mygo
动画一般，但引了一大堆圈外人人入坑，已经成为动画原神、动画小时代，粉丝一天到晚到处ky入侵各种贴吧还装无辜觉得自己没有惹到别人，社区一天到晚各种内战，世萌亚萌B萌买票，在我看来跟追时代少年团的粉丝没有任何区别,1,不忍直视,2026-1-6 17:44,623532,428735,mygo
万恶之源，年轻人的第一邦，重新定义女女关系性，在叙事这块确实很有趣，但本质还是比较老套的剧情，音乐演出也没戳到我，二创一个赛一个好玩倒是真的,9,神作,2026-1-6 09:17,rr0r,428735,mygo
绝佳的情绪流，不用去理解水为何流动，去感受水流过指尖所带来的状态与情感,9,神作,2026-1-5 20:17,青乌贼,428735,mygo
梦开始的地方,10,超神作,2026-1-5 19:07,黄瓜,428735,mygo
"原来我看过这片，原来我是第一时间就追了这片，原来我是第十集听诗超绊哭的稀里哗啦的乐队痴，原来我是看祥睦姐妹说激动睡不着觉的萌战老人，
原来我是和朋友一起看完最后一集，在寝室旁和大家畅想mujica会怎么演的忠实原创观众。
往日种种，我全都记起来了?
哦不，还是让我忘记一切吧",8,力荐,2026-1-5 05:07,kracmnty,428735,mygo
这才是真正的关系性神作，白二什么cjb好好学学我mygo是怎么描写人物情感纠葛的，而不是只会倒贴男主的两只木构,7,推荐,2026-1-4 22:39,橘,428735,mygo
不知所云的作品，感受不到想要的元素,4,较差,2026-1-4 22:34,qym994,428735,mygo
看过mujica之后，就有点不太想打8分了，但是7分感觉还是不至于,8,力荐,2026-1-4 21:31,浅暮,428735,mygo
如果只是12集结束的话会是不错的青春伤痛文学，但祥子俗套的动机和赤裸裸的企划推销行为让先前的感动大打折扣，再加上声优演出的不足让人不禁感到遗憾。//看完剧场版总集篇后上调一分，二刷注意到了很多叙事上的细节，对人物关系性有了新的理解，大受感动。但现在想想第13集作为mujica的饺子，突兀和失败也是必然的。只能说可惜。,8,力荐,2026-1-4 01:20,阿渣,428735,mygo
让我有种‘音乐是有感动人心的力量’的感觉,9,神作,2026-1-4 00:14,屁孩一个,428735,mygo
2023.09.24,8,力荐,2026-1-3 19:39,椰糕冰沙,428735,mygo
歌非常好听！,8,力荐,2026-1-3 17:47,小冉冉冉冉冉,428735,mygo
评分记录：8→7.5（7分有些过低，综合看来还是给了8），以人物关系为核心推动剧情，这方面确实好看。但是剧情深度不足，人物并没有得到多少成长（或许之后的mujica才会体现出来）。刚看完时大脑的余热让人对这这部作品着迷，再次回顾时才发现其缺少的吸引我的东西。//被gop恶心到了，降0.5。,7,推荐,2026-1-3 11:48,Arthar Artoria,428735,mygo
想传达的话能传达得到真是太好了,9,神作,2026-1-2 20:56,轩轩吖,428735,mygo
剧情两分，有爱音加五分。感谢作者创造出爱音，她很好，可以再对她好一点么……我说对她好点你耳朵聋么！（本人由一开始硌应爱音爱慕虚荣到发现队友都卜世人后迷恋上爱音了。）（恨素算计爱音，讨厌企鹅唯唯诺诺，立希压力怪，猫是猫）,7,推荐,2026-1-2 15:10,Lorsiling,428735,mygo
对于故事本身其实没有太多想说的，不觉得是非常新颖的故事，但一定是温暖的、扎扎实实讲好了的故事。对于小细节的关照非常足够，比如爱音闹别扭时灯故意摆弄的创可贴，让人感受到少女间感情的细腻，最后的live实现了耀眼的升华，很ok。,7,推荐,2026-1-2 11:34,若要由我来谈论爱的话,428735,mygo
不搭配社区二创看的话就6分还行，但挡不住二创多，加配合弹幕看得比较乐,7,推荐,2026-1-2 04:12,BGM饼干酸奶,428735,mygo
帮多利一次买够！,8,力荐,2026-1-2 03:52,梦中驼铃,428735,mygo
将传统的略显封闭的校园箱庭从社团群像叙事中逐渐剥离，让影像的舞台逐步延伸到围墙之外，似乎已经成为此类作品试图自我革新的范式，当然也不完全是范式，就本作而言其冲突性的关系构建以及瞬态的脉冲式的情感能量作为反类型元素仍有值得称道之处，但也仅此而已,7,推荐,2026-1-2 00:13,NeonDystopia,428735,mygo
#脱离了完结余热后发现给六分也是合理的分数#我很喜欢，但拉一下分，分数虚高你班必然会来骂声#,5,不过不失,2026-1-1 20:41,镜镜镜,428735,mygo
神中神,10,超神作,2026-1-1 18:53,冬天会开花,428735,mygo
笔力遒劲，干脆利落。每一个镜头都在正确的位置发挥正确的作用。一点一点回收伏笔与呼应，脚本用心。尤其灯神解决矛盾那一段，在7、8、9三集疯狂低压与铺垫后，积攒足够的矛盾与情感基础，一集之内所有矛盾爆发并解决，同时完成灯的成长与乐队的回环，逻辑完整，情感到位，干脆利落。很喜欢这种不拖泥带水，低压就疯狂真空，高潮就一路火花闪电的情节。很出色的作品，可能因为传播的太广了，众口难调，这番绝对有资格上8分。顺带一提猫猫suki，太符合我脑子里的摇滚形象了。一听到春日影就想笑,9,神作,2026-1-1 10:45,炉黑嘿嘿嘿,428735,mygo
"这周看完，

2026元旦补 没什么感觉",6,还行,2026-1-1 01:15,LightningYu,428735,mygo
好看，没看过这样的！,10,超神作,2025-12-31 23:03,Edyvensin,428735,mygo
我们是mygo！！！,9,神作,2025-12-31 22:09,QBai,428735,mygo
买狗，又称新世纪小时代，满足了一众宅男的阴湿癖好，神拉，神拉，我们mygo又封神了！！！,7,推荐,2025-12-31 19:39,sgsdgsgs,428735,mygo
睦头人可爱捏,10,超神作,2025-12-31 18:35,Mortis爱吃苦瓜,428735,mygo
个人还是不好接受这种压力爆大的少女乐队,8,力荐,2025-12-31 14:25,にじか,428735,mygo
【5-/10】首先我欣赏的两点：情节冲突与台词设计，能在网络上作为迷因爆火就足以说明这一点，设计确实好，情节确实爆，但我不喜欢。我很难用言语完全表达我为什么不喜欢mygo，它的人设、故事、爆发、演出等等等等，全都不在我的审美点上。但如果就此，看在这是个成熟剧情的面子上，我也不至于对其产生厌恶。我厌恶的点是什么呢？是故事的格调，是本作的基层逻辑。就跟我厌恶郭敬明的作品一样，mygo在我看来就是雷声大雨点小的青春伤痛作品，剧情里的角色摆着各种不合常理的行为逻辑，他们的情感随意宣泄，但又被按在一个所谓“现实”的外壳之内，这个外壳能让她们“有病呻吟”，搭配meme，调动场外观众的情感，但这很大程度只是泡沫，在编剧生硬的大手下，完全经不起推敲，一旦向外伸展就会摔的粉碎。如果只是mygo，我的感受只是奇怪，母鸡卡后，我的感受就是没来由的恶心，我觉得不行.jpg,5,不过不失,2025-12-31 14:17,岚瑟,428735,mygo
比mujica好些,3,差,2025-12-31 13:04,aleeeee,428735,mygo
好看在哪闹麻了,1,不忍直视,2025-12-31 11:38,烟景,428735,mygo
什么时候把“扭曲”还给我们异性恋？（从一开始埋的丰川祥子到了母鸡卡挖出来结果是个笑话）,1,不忍直视,2025-12-30 20:43,善意中伤,428735,mygo
神作。,10,超神作,2025-12-30 15:59,肾不吱,428735,mygo
印象里是24年突然爆火的时尚单品，年轻人看的第一部百合番/乐队番。本身制作和演出优秀，歌对于个人口味来说比较一般，百合扭曲的关系性刻画得不错，但剧情走向有些太过“理想”，说白了就是有点“闹麻”的感觉，加之母鸡卡的暴雷无可避免地影响到mygo剧情的底层逻辑和后续，现在回顾真是无法给到一个很高的评价。,7,推荐,2025-12-30 14:24,非実在青少年,428735,mygo
我大概这辈子忘不了mygo了,9,神作,2025-12-30 13:57,冬水泛滥,428735,mygo
7+,7,推荐,2025-12-30 09:01,AsprWind,428735,mygo
神秘的剧情走向，奇怪的人物塑造，12话诗超绊神回，13话预告片什么东西？减一分,6,还行,2025-12-30 01:50,Dawn_Star,428735,mygo
终于补完了！前9集看的我好压抑，搞得我断断续续地看，直到第10集终于翻盘了！然后就一口气看完了。怎么说呢，虽然一路看下来真的不容易，但总的来说还是挺好的。剧情人设在某些方面还是比较现实的，拉拉扯扯好几集终于组成乐队了，然后闹矛盾了，最终和解了，一直在迷茫的乐队啊。live虽然少但好听，如果是冲live来的话可能有点失望。（不打算看mujica了，我已经被剧透完了，话说第13集怎么把我干到mujica去了）,8,力荐,2025-12-30 00:10,yoru,428735,mygo
原来都知道mygo扭曲啊）,5,不过不失,2025-12-29 15:05,橘奏de,428735,mygo
一次买狗,8,力荐,2025-12-29 12:27,拉姆达戴露塔卿,428735,mygo
剧情很顺畅，无法预测的命运之舞台。BangDream像童话，MyGo是情感创伤下的鸡毛蒜皮（几乎从头到尾低气压，我有点胸闷。而且说到底矛盾压根没被解决吧？这个乐队硬凑在一起真的快乐吗。），丰川祥子的Mujica，看第二季了。//这番评分这么高是不是因为吃了第二季大便的人回来改的高分？,7,推荐,2025-12-28 20:23,Misaka Worst,428735,mygo
第一季是真推荐,7,推荐,2025-12-28 17:44,loveanime,428735,mygo
周围的人涌来，失望后又退去，灯最后能努力凝聚起乐队看得还是痛快的,9,神作,2025-12-28 03:50,枫笺集思,428735,mygo
简直是侮辱bang dream这个ip的存在。制作组都在一本正经地制史，觉得自己写出来的矛盾点爆点都绝了、人物塑造牛的一比。实则就是四个精神病，一个正常人和一个剧情推动工具人在热演。还有一部乐队番，不算最后一集的mujica，竟然只有两场正经演出。制作组没一个正常人，喜欢这部番的也是。,2,很差,2025-12-27 21:17,Charruby,428735,mygo
这是冰，看了就停不下来了,8,力荐,2025-12-27 20:59,dr,428735,mygo
唐完了,1,不忍直视,2025-12-27 18:13,云雀舌,428735,mygo
我这辈子都忘不了mygo了,10,超神作,2025-12-27 03:48,loki,428735,mygo
这个8分？认真的吗？百合饭圈闹麻了,4,较差,2025-12-26 23:28,醉心,428735,mygo
中后期发力,8,力荐,2025-12-26 18:59,虚晔,428735,mygo
喝喝，无需多言,9,神作,2025-12-26 09:35,sukinishiro,428735,mygo
真正的入宅作（大雾）,10,超神作,2025-12-25 23:24,鱼玄机_tmoff,428735,mygo
卧槽笑死我了这评分怎么这么高啊，那还说啥，很搞笑，大份,1,不忍直视,2025-12-25 00:10,mplt,428735,mygo
音乐很顶，此外的优点只有剪辑节奏充满冲突，至于冲突则毫无逻辑。每个人说走就走，想回就回，收不回来了怎么办？开场live直接出厂设置。角色的可爱之处只在日常细节，推动剧情时的性格原形必露，只剩割裂感,2,很差,2025-12-24 22:21,0.0,428735,mygo
我心目中的8分标杆作，剧情流畅并且能兼顾到每个角色的人设，可以衍生大量的二创作品，形成一个有生命力的圈子。,8,力荐,2025-12-24 17:13,闪耀爱豆柊月月,428735,mygo
闹麻了,4,较差,2025-12-24 15:03,megumin,428735,mygo
为什么这么高分,6,还行,2025-12-24 07:24,shiki,428735,mygo
有几个单集挺精彩，整体演出水平在线,7,推荐,2025-12-24 03:25,席塔利亚,428735,mygo
一休尼！,10,超神作,2025-12-23 14:23,milky0217,428735,mygo
9分，少有的剧本完整的原创作品，作为音乐番歌也好听。伏笔很多，台词和镜头很明显设计过，用小细节表现了人物的性格和当时的想法，充分利用了3D的优势，甚至还有小表情小动作，很细致琢磨过的番剧，就算作为路人也能看的邦邦作品。剧情走向也没有乱，始于乐队，终于乐队，所有人的问题都没解决也没能力解决，但是新的未来能让人学会接受和释怀，并珍惜新的人际关系。最唯唯诺诺的主唱反而重新凝聚起整个乐队，一部番炸两次团还是少见，不得不感慨独角兽老师的脚本还是好，前提是他们不发癫。,9,神作,2025-12-23 03:54,憨居小朋友,428735,mygo
"怎么没有我们hhw啊 被孤立了吗
我还以为影色舞也在动画里呢 原来也没有
不过迷星叫也不赖
soyo我还挺理解的 如果我也曾有一个C团
那我可能和她一样了 忆往昔项目是不可少的
是念旧的 是充满回忆的 不过我不会寻找归宿就是了
灯和爱音很难不喜欢
千早爱音就像其他片场跑来的
她拥有伟大的性格 出现在mygo的世界真是苦了她了
高松灯更是我最喜欢的这种迷茫软弱带点社恐人设
犹犹豫豫不敢向前 但是最后还是用自己的方式向前踏步
如果故事停在这就好
我下一个要点开的番剧界面居然是ave mujica
这也太变态了
虽然我也理解邦要做出改变
但是我果然还是更喜欢充满dokidoki kirakira的邦邦啊",8,力荐,2025-12-22 09:34,Zwei,428735,mygo
良好的追番体验，剧情比较神人，但是音乐渲染力度恰到好处，佳作,8,力荐,2025-12-21 22:32,T3nnhauser,428735,mygo
7.8分，抛开mujica的影响，回顾这部继滚之后的少女乐队流量大作，真的带给我很多欢乐，里面扭曲的人物关系，写的真的很好，在那个贫瘠的7月里带来别样扭曲的乐趣,8,力荐,2025-12-21 18:00,Mortis,428735,mygo
久闻其名，在热度降下来后独自观看配合大鼻子叔叔的杂谈回简直酸爽，史上最成功的三渲二狠狠加分，弥补了传统2D的不流畅度，使得本片完美融合了动画和电视剧的优点，爱音和素世是go团我最喜欢的角色，看见这两个互夹我就乐死了，但是现在爱音风评怎么是粉色奶龙，还得了看见soyorin就想笑的病，soyorin怎么一出场就是垮着脸啊，我想要腹黑soyo啊,8,力荐,2025-12-21 11:52,真步,428735,mygo
终于在热度稍微消退之后看了这部开启了少女乐队大炒作时代的万恶之源，说实话是达到了个人预期的。虽然少女动画里更激烈的冲突不是没有，但是起承转合这么扭曲的确实少见。,8,力荐,2025-12-21 06:20,诺德0737,428735,mygo
【7+】说实话这部番融合了很多新时代流行的元素比如百合乐队三渲二之类 甚至木柜子打架也算是开了先河 整部番从各种意义上来说都是有划时代意义的 但谈及剧情只能说是还行 就算对上电波其实还是会发现很多缺点 本来乐队散了灯哄两下又回来了 特别是素世这个人物塑造问题不小 本身没有8分的水准但是其带来挺多社区价值的 身边也有不少看木柜子的 说到底其实还是挺推荐看的,8,力荐,2025-12-21 00:56,鲍勃不是鲍鱼,428735,mygo
今天刚看完。整体的剧情是不错的，但那段素世被拉上舞台的场面有点尴尬（为什么要演奏春日影）,8,力荐,2025-12-20 22:53,尤子然,428735,mygo
人物关系性刻画的不错，每个人都不再迷茫了,7,推荐,2025-12-20 20:13,soujitendo,428735,mygo
二次元百合版小时代。,7,推荐,2025-12-20 04:08,古道边,428735,mygo
看mygo的时候正巧是低谷期。看完mygo思考了两年爱音到底哪一点深深吸引我，不止是阳光开朗的性格，也不止是坦荡包容的度量。直到我自己也在迷茫中坚持前进走出低谷后才发现，原来爱音身上最可贵的就是我最欠缺的品质——跌倒后从头再来的勇气，还有遭遇挫折时不内耗而是按部就班地走下去的执行力,10,超神作,2025-12-20 02:33,超人不会飞,428735,mygo
看了续作，-1分吧,8,力荐,2025-12-19 17:28,naroah.kaslana,428735,mygo
”普通和理所当然是什么呢“，mygo的剧本真的很优秀，可以后面一地鸡毛 8↑,8,力荐,2025-12-19 04:14,skywalker,428735,mygo
日产小时代,8,力荐,2025-12-18 17:50,御坂13012号,428735,mygo
确实好看，看完这个能忍住不看mujica的也是神人了（不过我知道mujica很烂哈哈哈）,8,力荐,2025-12-18 16:45,3-E,428735,mygo
"入宅差不多两年总算是看完了乐队番四大名著，还都挺喜欢，正好在这对比一下自己看完四部番的感受，个人认为，画面：轻音&gt;孤独摇滚&gt;gbc&gt;mygo 剧情：轻音 gbc mygo 孤独摇滚 音乐：gbc 轻音 孤独摇滚 mygo 人设：轻音 孤独摇滚 gbc mygo 总体：轻音 gbc 孤独摇滚 mygo,不过就算是最不喜欢的mygo在我心中也有8分中游略下左右的水平，可以看出乐队番这个题材我还是比较喜欢的，mygo这部番观感流畅，基本不会无聊，还有一些笑点，尤其是前6集，观感特别好，但是后面越来越乏善可陈，虽然gbc后面4集更拉，但是gbc中间的情感爆发够足，而且总感觉mygo帧数不如gbc，音乐方面除了春日影，没有很抓耳的歌曲，但是如此扭曲的情感关系确实是看过乐队番中独树一帜的存在，前6集的刻画也很神，综合来说很推荐去看",7,推荐,2025-12-18 02:29,Miceking,428735,mygo
2025.12.18日补标，最不邦邦的邦邦,7,推荐,2025-12-17 07:02,李世哲,428735,mygo
没有那么神的一部作品，完全靠狂热的粉丝冲量。但虽说如此，片子还是不错的，剧情流畅，刻画到位。,7,推荐,2025-12-17 01:51,王八蛋四号,428735,mygo
越品越有味的扭曲原创  各处细节耐人寻味  反观神人母鸡卡  唉  都是柿本的错,8,力荐,2025-12-17 00:48,tearxiaorain,428735,mygo
saki酱！！！,10,超神作,2025-12-16 22:35,SynJade,428735,mygo
哎后悔晚入坑乐队番 感觉里面掺了冰 其实个人认为没有gbc这么热血 而更多的却是前任文学 团队里全是条条单相思 个个念旧crychic和祥子对大家的伤害太大了有那种没你我活不了的心情 你圣爱音就是条辅助线 数学做图完了就可以擦掉了（爆笑 一直在旁边做外人劝和 在Mujica还差点被NTR真的难绷 但音乐确实还是不错 感觉制作组是想做好的 但不能算完美呢 迷途之子还行吧 （而大家不知道25年1月 将会有一段什么样的续集故事等着大家 只知道13集“MyGo是什么我推的一直都是AveMujica啊” hhh难绷反正我是几个月后 两天看完我啥都知道 爬行爬行,7,推荐,2025-12-16 21:14,星野源,428735,mygo
剧本高度自律的佳作，我很喜欢。,8,力荐,2025-12-15 22:45,马杰里,428735,mygo
史上最过誉的动画版女同性恋小时代，郭敬明想两个星期拿屁股都写不出来这种玩意,1,不忍直视,2025-12-15 22:09,MFT,428735,mygo
作为第一部看完的乐队番（）其实还不错，各种名场面和逻辑基本能自洽，有一说一，还挺适合乐队番入门的（bushi）,8,力荐,2025-12-15 21:47,冥间蒸发,428735,mygo
没啥好说的，就是很好看的乐队少女小故事，就喜欢看这种扭曲的少女互相纠缠，好吧，我二创入脑了,8,力荐,2025-12-15 16:02,Laplace_me,428735,mygo
还行,8,力荐,2025-12-15 11:13,mojenis,428735,mygo
少女の運命,5,不过不失,2025-12-14 12:20,Oraku_Lucas,428735,mygo
自我的超越，非常巧妙的剧情设计，尤其是第九集的诗超绊神回啊,10,超神作,2025-12-14 01:10,ref:春雨,428735,mygo
还行吧，蜜汁祥子,7,推荐,2025-12-12 16:47,basoritiara,428735,mygo
太棒了,10,超神作,2025-12-12 15:54,Ryan,428735,mygo
xdm能不能给我讲讲soyo为什么是湖，是硬凑的吗,8,力荐,2025-12-11 17:53,勒鲁瓦不高兴妈宝男萨内,428735,mygo
神,10,超神作,2025-12-10 16:02,Null,428735,mygo
真正让邦邦在国内火出圈的一部，只能说mygo对后世的影响力可能被远远低估了，捎带些扭曲的女女关系在这一部成为了一切的奠基，也成就了mygo数不清的二创和商业上的成功，不过也为后来mujica的爆雷埋下了隐患,7,推荐,2025-12-9 23:56,月C,428735,mygo
还挺有趣的 观察观察,5,不过不失,2025-12-9 10:48,wanguchangd,428735,mygo
或许这才是观众们想看的,7,推荐,2025-12-9 05:01,白,428735,mygo
最好的5个神人,8,力荐,2025-12-9 01:21,溟夕夕,428735,mygo
就这样我组了乐队,9,神作,2025-12-8 21:51,虚伪的幻影简称虚幻,428735,mygo
很现实的一部校园乐队作品，描写了其他音乐番很少或者很浅触及的乐队成员间的矛盾这一话题。如果没有第二季母鸡卡的话就更完美了。,8,力荐,2025-12-8 17:21,水屋口悟,428735,mygo
为什么要演奏春日影qwq,8,力荐,2025-12-8 08:07,Nina,428735,mygo
春日影第一次在live中出现时着实被惊艳到了，最喜欢猫猫，神起手开奏春日影 哈哈。 就是集数太短了、情感过渡不足 、彼此间的羁绊没有体现！,8,力荐,2025-12-8 04:07,Rin,428735,mygo
不错的原创番剧,7,推荐,2025-12-6 22:37,TecWu,428735,mygo
"补标//很感动的乐队羁绊 
“灯唱出了我的心声”",7,推荐,2025-12-6 16:26,十夏开火箭,428735,mygo
本作的观感其实单独看来还是比较优秀的，各个有着这样那样缺陷的少女们一起的乐队故事，也有着巨大的二创圈提供源源不断的讨论度。但不可否认的是，你无法完全将本作与续作切割（因为本作的最后一集并不是一个“结尾”，而是一个下一部的引子，或者一个两季番的中间过渡）。续作摧毁了本作塑造的人物，讲述的故事，乃至带来的回忆。,6,还行,2025-12-5 18:41,shihui,428735,mygo
一部吃尽红利的被过誉的作品,5,不过不失,2025-12-5 15:55,木名,428735,mygo
欲言又止感觉至上,8,力荐,2025-12-5 12:58,Nerish,428735,mygo
mygo的核心无非两点，一辈子乐队和迷茫也要前进，只要牢牢抓住这两点，便是一部优秀的作品。,10,超神作,2025-12-4 17:46,gjf,428735,mygo
又是一个安静的晚上~（补分）,8,力荐,2025-12-4 01:18,芙雨,428735,mygo
【7】爱上少女乐队的开始,7,推荐,2025-12-4 00:30,czyhz,428735,mygo
人物行动动机不明，如坠云雾中,6,还行,2025-12-3 22:23,amazingfrog1,428735,mygo
别看mujica，剧本不仅烂了，还毁了一手mygo的人设,10,超神作,2025-12-3 21:22,Pokipata,428735,mygo
永远也忘不了看mygo的那一年,7,推荐,2025-12-3 14:25,后藤五里,428735,mygo
对女子乐队一直兴趣不大的，但这个是木柜子撕逼,9,神作,2025-12-3 11:50,逆天的夏亚,428735,mygo
分两次看完，第一次被劝退是我带入灯被前面最喜欢的soyo伤害，看到素食给祥子下跪有点难绷。后来就完全对soyo没好感了，但确实是这个女人承载了这部动画的冲突。如果告诉我以后要被拉去看母鸡卡的话，我宁可没看过这玩意，虽然估计还是会看。作为缺陷者成长的故事而言是不错的。,8,力荐,2025-12-3 07:03,BOREDGAME,428735,mygo
23年看的时候是很有意思的 然而现在已经变成抽象符号了 令人感叹,8,力荐,2025-12-2 23:19,starting,428735,mygo
一次买够！！！！！,10,超神作,2025-12-2 16:40,BlueberryChoco,428735,mygo
第十集之后才咂摸出味道，如果能够静下心来代入和思考各方的立场和观点的话，其实本剧在讨论的是“我们该如何前进”的青春迷茫感，在这个基础上创造了诸多原型的独角兽老师功不可没,7,推荐,2025-12-2 15:44,哲克CAT,428735,mygo
半部霾构安天下,5,不过不失,2025-12-2 13:04,kenn,428735,mygo
"合格的半本书 魔怔的群体 宅男的饭圈 
二偶VS集美！你们知道吗？
木柜子二偶痴大战牛杂，你们知道吗",6,还行,2025-12-2 11:54,大夜宵,428735,mygo
闹得麻麻的日本小时代，柿本广大本质郭敬明，鸡毛点大的事作为爆点，有时候难免发问普通高中生的重力展开心理问题到底是不是严肃话题，日本人似乎已经在这个议题上搭配女女关系性魔怔了，最终得出结论，至少在这几个神人身上是搞笑话题。高松灯天天诗朗诵大伙就和解了舞台上一起哭然后总结“大伙一起迷茫吧”，我可去你妈的，你们几个打一架更合理更有表现力。千早爱音更是顶级黏够使，要是我肯定要逮着长期素食扇，长期素食更是赔钱货，小心机型人物怎么能塑造的这么蠢的，还有能吃爱素的是不是沾点斯德哥尔摩。丰川财团你的任务是和春水堂合作制作1:1丰川祥子玩偶给长期素食三角初华若叶睦一人发一个,5,不过不失,2025-12-2 09:10,Masahiro,428735,mygo
母鸡卡结束后，倒喷mygo的和当初夸mygo的同样惹人厌。观众区和作品无法分开，有的二创真挺好听。,7,推荐,2025-12-1 19:02,point.,428735,mygo
我原谅mygo了。两年过去，如今这部番已经无法给我带来任何感动，我对里面的角色没有爱也没有恨了，就此别过吧。4分就当作是给这两年的人生留下的一点情面。,4,较差,2025-12-1 17:41,绕远路就是我的捷径,428735,mygo
补评 多巴胺刺激 一年前看的 到现在只记得春日影和一些常被玩的梗了,6,还行,2025-12-1 03:31,星星人,428735,mygo
一辈子都忘不掉的番剧,9,神作,2025-12-1 03:13,化学猫咪,428735,mygo
So dramatic...... 咱就不能好好玩乐队吗。。。稍稍有点尬。。,6,还行,2025-12-1 03:09,白黒のレミリア,428735,mygo
怎么角色一个个都跟他妈动物一样，做决定全凭心情，能不能动动脑子。啊你妈的看得血压高了，想上去扇她巴掌。,2,很差,2025-12-1 01:22,博麗梅安,428735,mygo
我喜欢你,8,力荐,2025-11-30 02:21,超高校级的草履虫,428735,mygo
给多少分都会引发风波的作品，不如复读原来评分得了,8,力荐,2025-11-29 22:28,纸木,428735,mygo
"这次把剩下的半部分也看完了，说实话确实名不虚传，作为少女乐队番，里面的情感纠葛和铺垫都描述的十分的到位，剧情起承转合甚至让人在关键剧情节点根本停不下来，而且里面的乐队演出和音乐质量也是十分的棒，而暗线mujica祥子心态变化和组建乐队的部分也感觉给足了面子，虽然剧情不多但是各种铺垫让其感觉就是满满的实力派大boss的气场(我个人就十分吃这种中二中二的感觉)。
总的来说看的过程十分的有趣，里面的心理述说也能给人带来不少思考，乐队里的五个少女都给我留下了很深的印象，最后以及mujica的演出也确实对得起这13集的铺垫，太强了眼睛根本移不开。
之后会继续看mujica接下来的剧情，果然青春就应该不断前进然后迷茫，迷路的孩子会在不断纠正的前进道路中继续迷路，而认清现实的人们不再迷路而蜕变为大人，人生是一条看得到终点的路途，希望能在所期望的道路上继续迷路下",8,力荐,2025-11-29 21:02,陈叶夜123,428735,mygo
作品不错，但是二创已经和原作关系不大了,7,推荐,2025-11-29 12:25,qiuuuuuci,428735,mygo
看不懂到底在讲什么一群伪人 不如mujica,4,较差,2025-11-29 04:12,shaYangna1a,428735,mygo
唯一的神!,10,超神作,2025-11-27 21:02,Westero,428735,mygo
"人物塑造不错，略有些小家子气。
估计是为母鸡卡铺路的作品，然而母鸡卡是一坨够使，再回顾mygo就感觉拉低了不少观感。
8.8",8,力荐,2025-11-27 09:10,洋紅色的血淚,428735,mygo
祥子怎么这么坏,8,力荐,2025-11-26 07:12,瑟尹K7impRED,428735,mygo
第一集就爆一堆大的，你无敌了//update：从未见过对人与人之间关系进行如此用力描写的作品，看一眼就知道肯定有逐帧解析价值，这种题材应该是冷门小众作品才对，不知道为什么这么火。后期第十集为最佳单集。最棒的歌居然是结尾的Ave Mujica。勉强能算佳作吧，如果编剧能把自己才华用在写正剧上会好很多。,8,力荐,2025-11-25 23:25,VictorYuan,428735,mygo
"当一切的一切都变得不再可收拾 一爆到底的时候 诗超绊出现了
棒读带来独特的感觉 人设变得扭曲而甜美 剧情像过山车 但看得很爽
至今不知道祥子为什么要退出乐队。。。
结果2025年1月............",8,力荐,2025-11-25 22:34,kinoco,428735,mygo
我觉得吧...差点意思，感觉8分有点过誉了，剧情还行，青春伤痛的少女乐队故事,6,还行,2025-11-25 22:19,月樱梦,428735,mygo
不要掺和熟人局，会变得不幸,7,推荐,2025-11-25 22:09,鱼板网络,428735,mygo
我的快乐源泉，那些年刷不完的二创,10,超神作,2025-11-25 11:58,zayu,428735,mygo
剧情跌宕起伏，完成度较高，没有大问题；佳作守门员,7,推荐,2025-11-24 01:40,春待,428735,mygo
一部鹤立鸡群的佳作，抛弃了前作和其他类似作品那种女孩之间打打闹闹的剧情氛围。讲了一种更为扭曲，更不易讲好的故事，但是反倒更显得故事吸引人，而不是让人反感。人物主线明确，三渲二的建模在整体演出中也扬长避短，随时切换，不拘泥于一种风格。剧情逻辑清晰，人物成长明确。在我自认为包饺子的剧情中也能以另一种独特的方式展现人物成长。乐队演出效果更不用说了，完美发挥了3d的优势。不好的地方就是感觉声优捧读有些突兀，因为毕竟是2.5企划，不然正常评分我只会把声优用作9分和十分的加分项，而不是扣分项。不过夹的部分我倒觉得没什么。还有剧情虽然包了一手好饺子，但是矛盾没解决，我感觉隔在那还是有点膈应。总体来说这种类型番剧不多，做好的更不多。还是很值得一看的。,8,力荐,2025-11-24 00:52,刘子安,428735,mygo
追番体验独一档，场内外各种衍生梗非常有乐子,9,神作,2025-11-23 19:11,辉夜,428735,mygo
对于偶像番来说其实是“反套路”，平均都是一集一入队/刻画人物，这里在刻画人物的基础上，是“一集一落队”，然后大家去挽回,8,力荐,2025-11-23 13:39,冰凉的开水,428735,mygo
希望下一次观看的时候可以更代入，也希望推荐番剧的时候可以想起来曾有一部优秀的原创3d动画,10,超神作,2025-11-23 11:17,我才不要成为现充,428735,mygo
主唱太拼命了,9,神作,2025-11-23 11:14,蕪Rubato,428735,mygo
从头到尾捋一捋其实剧情只是算还好，人物关系性也只是靠后来人逐帧细究，但胜在这是一部原创动画，作为当时追番观众的一员，看贴吧和b站的各种假药二创成了每日任务，三集连播之后的每一周的每一天我都在期待下一集的发展，mygo有如今的地位和热度离不开当年的每位观众的贡献。,8,力荐,2025-11-23 03:42,落语,428735,mygo
伟大无需多言,9,神作,2025-11-22 19:46,Whendraw,428735,mygo
一本正经地矫情,10,超神作,2025-11-22 19:15,兔之启迪者,428735,mygo
"难忘在哪？我从今年到现在向很多人安利MyGo,甚至还安利了几个玩舟的，结果统一得到的回复是“下次一定”“不感兴趣”“不看”“懒得看”。恭喜MyGo荣登我个人“安利次数最多，但0人在意”的动画！",7,推荐,2025-11-22 00:21,羊麟吃星星,428735,mygo
你和母鸡卡一桌好吧。不能因为你把你的问题丢给母鸡卡处理了就说你没有问题！,3,差,2025-11-22 00:05,Minami,428735,mygo
ave母鸡卡宣传片？,8,力荐,2025-11-21 23:37,ASTLJ,428735,mygo
接着看剧场版的机会就算作二刷了吧，补一下观看记录。mygo如今的社区氛围，同第一次看时已经大不一样，但再回看这群老熟人的故事还是挺让我感动的。撇去不可预测的剧情反转，“在迷失中前行”还是一个能让当下的我感同身受的主题。一边是拧巴的表里言行，一边是“心灵的呐喊”，什么是理想与现实，普通与理所当然又是什么呢？唉还是好想组一辈子“乐队”啊。。。,8,力荐,2025-11-21 21:02,天天,428735,mygo
可怜的mygo，本来挺好一部动画，被鸡团和烂梗小鬼搞成这样，我认为罪不至此，10分平衡一下无脑恶评,10,超神作,2025-11-21 19:46,saki,428735,mygo
清算木柜子,1,不忍直视,2025-11-21 17:11,Happy chicken,428735,mygo
音乐算是好听，人物关系性也很有趣，单论动画其实也还好,7,推荐,2025-11-21 02:21,铭忆,428735,mygo
"2025-11-21 瑕不掩瑜

2026-4-3  我大概一辈子也忘不了MyGo和Mujica了，年深月久积累的二创把它带到了一种新的高度，讨论度带来繁荣的社区，也有深刻刻的节奏，不可知的未来，很多事情让我想起这部番都有些麻爪，但仔细回想起来的唯有感动。",8,力荐,2025-11-21 01:04,葵Conyza,428735,mygo
没有想的这么好,7,推荐,2025-11-20 21:54,巫岄,428735,mygo
绝对的现象级作品，追番过程中的全参与性确是标杆,9,神作,2025-11-20 02:59,DazePoi,428735,mygo
台词太出圈了，现在看多少影响观感。2集好无聊。大概不是我喜欢的题材，不过为了美少女坚持一下吧,7,推荐,2025-11-19 20:12,猎人,428735,mygo
在迟到的出租上看完最后一集，我对女乐有白月光和刻板印象，所以mygo实则一直在挑衅我。几次演出的live都做得相当好，op和ed也都好听，在没有补番前就能哼出几句春日影，当时也实时追到了第一次演出，没继续看的原因忘记了，但现在看完是有种隐隐的羡慕嫉妒（？），毕竟高中能自由自在的组建少女乐队真是让人感叹“年轻真好”。可能我挑选的入坑时机是在Ave Mujica之后，所以对情绪高潮的几个情节完全接受良好，每个人的形象居然以外的靠谱丰满，在短短的剧情里塞进如此亮眼的人物塑造还带着东亚特有的别扭感，还挺惊讶的，没有隐形人已经是乐队番非常优秀的操作了。主角里更喜欢千早爱音，因为整季里也最喜欢她直面自己的逃避的那集，从她身上能看到很多部分的自己，所以有怜惜更有骄傲，看到她最后也都在实现心愿和梦想真的很欣慰。爱音的性格真是比我好10000倍，好想成为。,6,还行,2025-11-19 10:37,時杏千尋,428735,mygo
我的入宅番，很神奇吧。简短精妙的剧本，很有意思的人物关系性描写，两首歌曲（春日影、诗超绊）非常好的融入到了剧情中，把歌曲和剧情结合这才是乐队番该有的水平，场外也催生出非常多的二创，场内外都能得到很多快乐，这就是追番的乐趣啊。,8,力荐,2025-11-18 22:03,MOMOKA,428735,mygo
还是很怀念2023年七月那个追番的夏天，那么多年来感觉是最好的一次追番时光，别的追番时光都没这部给我带来的欢乐大,8,力荐,2025-11-18 16:51,假面骑士3号,428735,mygo
画面挺好，其他没啥印象了，不如gbc,7,推荐,2025-11-17 17:53,小山又想看动画片カ,428735,mygo
之前挺喜欢，知道mujika出来，一切都崩了,7,推荐,2025-11-17 14:33,Eleana,428735,mygo
难忘2023,8,力荐,2025-11-17 02:10,桜,428735,mygo
"抽帧开始看着有些怪怪的，大概是gbc吃得太好了。

---分割线---

开始就抛出了大的矛盾/谜题，后面将怎么样一步步解题。

---分割线---

心计阳光大咧千早爱音，胆小敏感小众姐高松灯，爱灯椎名立希，我的问题长崎素世

---分割线---


很多情节解释的重要桥段采用第一视角叙事的方式，包括很多的拉近镜头（食材展示x），情绪感给得充沛。

故事就是围绕 Crychic 与 MyGO!!!!! 的展开的，开始的 Crychic 的解散，给出主要矛盾/谜题，然后以爱音转校生，认识同学高松灯为切入点，逐渐展开爱音、灯、爽世的回忆、经历构建人物形象。

（完整写不下，丢别的地方了）",8,力荐,2025-11-16 21:43,Mengmm,428735,mygo
我还是更喜欢前7个团,7,推荐,2025-11-16 19:34,炸薯角,428735,mygo
mygo系列为什么没在日本火但在国内爆火？一款歪打正着的适合闹钟亚逼青年的琼瑶剧，借乐队之名看百合琼瑶，乐队番看点不在音乐创作而是人际关系（青春伤痛文学类似物）。闹钟的青少年可能是青春伤痛文学消费缺位，以至于只能往亚文化里找代餐。,6,还行,2025-11-16 09:19,-sin-,428735,mygo
"3d live 都很棒，尤其是两次各具特色的春日影，从情绪的释放到剧情的推动一气呵成。第十集仿佛是在对 mygo 的乐队表达进行解构的剧情我也挺喜欢，总体而言还是有点巧思的。

前中期几乎所有的矛盾都源自角色偏执到有些夸张的想法，稍微有些难以共情。矛盾解决的流程往往也就是另一位角色嘴遁强制爱助力，然后心结角色想开了想通了就没事了，看完后给人一种不是就这也太矫情了罢的感觉。剧情展开是挺戏剧性的，就这种题材而言传达出这种感觉可能也无可厚非，但一个乐队全是神人还是稍微有些不好评价。另外，最有看点的，最初也是最大最重要的矛盾没有在这一季解决，显得很神秘。

最后，细腻女同这块还是很不错的，7.5。",7,推荐,2025-11-16 02:38,ChocoMincy,428735,mygo
剧情无敌，但是心疼睦,8,力荐,2025-11-16 00:30,空之龍,428735,mygo
我讨厌人际关系,6,还行,2025-11-15 23:29,铅酸蓄电池,428735,mygo
?anon,8,力荐,2025-11-15 20:25,泠子大王,428735,mygo
11,9,神作,2025-11-15 18:40,soyoooooo,428735,mygo
不得不看了//这片跟着管人看都看不下去，有缘再见,1,不忍直视,2025-11-13 22:41,1643158736153486439246???,428735,mygo
3分合格线标准。相对少见的不像主流偶像剧情的偶像剧，百合腹黑天然一个不落却也一个也不出彩，尽管比起最初的3季总算是剧情翻天，但这人物情绪转变堪比中了催眠app，“我来是终结这个band的”然后被拉上台瞬间上梁山喵喵喵？另外所以说开篇首scene某人要离开band的原因是下季才填？为了Ave Mujica这碟醋包了4季饺子让人拭目以待…P.S.现役高中生时得出的“一瞬一瞬组成一生”的积分思想在本作最后被提及hmm百合纷争团用这个升华实在有点微妙www,4,较差,2025-11-13 00:45,zhangsan,428735,mygo
社区正常点吧,9,神作,2025-11-12 00:28,无聊的后藤,428735,mygo
前面略无聊，后面挺有意思的。,8,力荐,2025-11-10 18:32,游愈,428735,mygo
虽然二创里扭曲怪成群但是我其实不认为这是一部靠出格剧情走红的作品，整个故事非常简约，描绘的就是一群正处青春期、即便是最聪敏的少女也完全可能为了私心做出一些回头看来很自作聪明的傻事。其实这是我这两三年里唯一n刷过的tv动画，我很喜欢它通过精密地设计人物关系和对白而把普通女孩的日常塑造成奇观这一点。当然音乐也非常好，有indie味，有这个词作水平才撑得起高松灯的天才人设。,9,神作,2025-11-10 17:43,VirtualBox,428735,mygo
心目中的少女乐队TOP1。,10,超神作,2025-11-10 07:01,芒果魔爪特,428735,mygo
二创加分,8,力荐,2025-11-10 00:15,thinter,428735,mygo
看不懂,0,未评分,2025-11-9 01:26,Skyline_R,428735,mygo
那个夏天的追番体验，是再多个烂尾续作也抹去不了的。,7,推荐,2025-11-8 20:08,幻码,428735,mygo
有点东西但不多，当初看的时候就在想怎么解决苦来兮苦这个隐藏的雷，soyo，祥子，睦子米的线是没有讲清楚的，全部相信后人的智慧交给续作，结果母鸡卡没解决好彻底爆了,7,推荐,2025-11-8 18:40,Gwendolen,428735,mygo
"没有想象中的扭曲
也是一种很有意思的少女乐队方向吧",7,推荐,2025-11-8 13:16,萩月月月月月,428735,mygo
扭曲,6,还行,2025-11-8 11:59,Zlrx.,428735,mygo
顺畅,0,未评分,2025-11-8 11:58,囧井,428735,mygo
不能再多了,6,还行,2025-11-7 02:58,银时,428735,mygo
为什么要演奏春日影！,7,推荐,2025-11-6 19:23,ayanami,428735,mygo
无意间点开的少女乐队番，原来少女们之间的故事也能这么好看，自此之后跑去看了一堆百合番发现这种味道独两份,8,力荐,2025-11-6 16:19,Anon,428735,mygo
角色-好看，剧情-精彩，少女情感剧，剧情顺畅人设能立住，节奏快的同时不会让人觉得突兀，转折自然，诉情非常强的一部作品。很多角色塑造出彩，不过篇幅有限，为了情感剧情牺牲了乐队剧情，最大的槽点就是一晚作好曲，不排练能直接开Live,8,力荐,2025-11-6 16:17,桃喜,428735,mygo
两年过去还是不喜欢结局,8,力荐,2025-11-6 09:03,Fr0ntur,428735,mygo
使用皮套的b站键政切片看得太多，导致我先入为主的建立起了对主角们性格人设的印象，以至于完全无法带入剧情。一边看一边在想rana不可能这么天然，tomorin不可能这么自闭，soyorin不可能这么腹黑；倒是anon的风趣和rikki的压力怪勉强对的上。动画本身对于3D技术的运用极其惊艳，某些靠手绘难以实现的镜头，用3D技术能很好的表现。,7,推荐,2025-11-5 20:30,sslnab,428735,mygo
7.3分。,7,推荐,2025-11-4 23:25,Ppeac,428735,mygo
无需多言,0,未评分,2025-11-4 22:15,Uncrowned,428735,mygo
宗教,7,推荐,2025-11-4 21:44,Baxter,428735,mygo
0_,0,未评分,2025-11-4 20:49,yuki,428735,mygo
(2025.11 已看过补评分) 至少内容还比史级大作AveMujica合理,7,推荐,2025-11-4 15:43,迟远,428735,mygo
可惜完结了才看，追番体验差一点,9,神作,2025-11-4 01:58,涂山夭夭,428735,mygo
没有母鸡卡矛盾尖锐，看了三四集就知道接下来的剧本了，母鸡卡三起三落，有阶级矛盾有精神分裂还有小姨,6,还行,2025-11-3 19:27,叮咚基,428735,mygo
"应该说这部番火的太莫名其妙了，让我这个本身不算少女乐队的受众的人也来看这部番。我喜欢的乐队题材都是K-ON,孤独摇滚这类的轻百，乐队只是一种载体。对于像gbc，mygo这类的真讲乐队的并不是那么感冒。。。然后B站刷go的实在太多了，让我好奇这部番到底讲了什么。看完感觉，算部佳作，如果说烂是不客观的，但也没有感觉有多神作，不懂为什么这么多人吹。前期只有爱音一个正常人，其他全是神人，也难怪那么多人喜欢爱音，一个个神人队友全在压力爱音，看得我血压飙升，人家又不欠你们的，我要是爱音我早跑了。后面还算可以，不管三七二十一直接把你拉上舞台进入过场动画这个剧情我个人是可以接受的。有一说一音乐确实都挺好听，有不少歌都挺喜欢，作为音乐番可以说优秀。但真要吹成神作我觉得不配。这部番给我带来的欢乐还没有mujica来得多，Mujica那是真有乐子。",7,推荐,2025-11-3 11:25,账号已注销,428735,mygo
补分，想给9的，但是不是很喜欢素食,8,力荐,2025-11-3 09:34,出租的抚子,428735,mygo
评价是不咋地，日本人经典“我原谅你就没事了”，所有人都原谅了长崎素世等于她没犯错,3,差,2025-11-2 20:19,崩教教主,428735,mygo
给我看爽了,7,推荐,2025-11-2 19:15,Yana-Chan,428735,mygo
迷茫少女组成的乐队，从先前的阴影走出来才能迎接更好的自己,8,力荐,2025-11-2 17:48,波奇の真琴,428735,mygo
不赖,8,力荐,2025-11-2 15:06,长期素食,428735,mygo
先看的母鸡卡，这部前期感觉比母鸡卡要能下咽，但还是要吐槽这帮木柜子，遇到点逼事就要么逃跑要么装死，一个个的谜语人说不清自己的想法，但是第6集首次live挺好的，后面叙事好多了，到了第十集和解做的还是很感人的,6,还行,2025-11-2 13:58,迷宫饭,428735,mygo
为什么要演奏xxx,7,推荐,2025-11-1 23:46,菜J1号,428735,mygo
MyGO评价：值得一看，里面人物一直在爆，你爆完来我来爆，很多名场面,7,推荐,2025-10-31 15:32,DRAGER,428735,mygo
"2025年10月31日
想看，后面过几天看",0,未评分,2025-10-31 12:35,mua,428735,mygo
特别喜欢加1分,9,神作,2025-10-30 22:10,牛子哥,428735,mygo
挺抽象，但乐,8,力荐,2025-10-29 19:12,ThritySeven,428735,mygo
8.2,8,力荐,2025-10-29 14:22,mian,428735,mygo
7.9/10,8,力荐,2025-10-28 19:45,S_Ga_Zn,428735,mygo
"第二遍了，与上次追番看完不同，这次把邦邦全系列顺着全刷了一遍，一直看到mygo。
发现mygo确实很独特，且非常出彩。矛盾的解决方式，敞开内心的接受对方，内心的呐喊。现在还忘不了ep10演出诗超绊给我带来的震撼内心的感觉，对吧，乐队的问题，就该由音乐来回答，来解决才对。这次看下来，感觉爱音真乃圣人也:)))，还有灯神长阶。",9,神作,2025-10-28 17:13,Tsukasa,428735,mygo
7.5很好的动画。角色的设计和性格都挺有趣，但是看完一个也谈不上喜欢，音乐除了ED也没有很对感觉的。作为重点在人物关系性的乐队动画，有些可惜。,8,力荐,2025-10-27 22:53,清顕,428735,mygo
扭曲的恰到好处，包寿司也不会让人反感,8,力荐,2025-10-27 17:58,看刀说话,428735,mygo
无法预测命运之舞台，我最喜欢的作品之一,9,神作,2025-10-27 11:08,吉普莉尔,428735,mygo
追番时确实是一份乐趣，那时七月番中杀出来的一匹黑马，每周不知花了多少时间在这番上，哪怕母鸡卡烂了，这部的确给了我难以忘怀的记忆,8,力荐,2025-10-25 16:26,焰,428735,mygo
还挺喜欢这种12集以live真正收尾，然后第13集搞成后日谈加下季预告的形式的。,7,推荐,2025-10-25 15:28,Orange_JAMGO,428735,mygo
2023年7月的传奇//追番优秀动画环境加1分，完结后恶臭环境扣2分,7,推荐,2025-10-25 13:01,HikariEther,428735,mygo
说实话感觉mygo里除了时不时推动下剧情的神秘猫猫，其他角色都很生动（？），所以她们的故事也很生动,7,推荐,2025-10-25 04:25,灏月,428735,mygo
少女乐队原神,3,差,2025-10-25 00:27,ab,428735,mygo
本身不能说质量有多高 火是因为当时的追番环境太好了 补番的没有那一层滤镜,7,推荐,2025-10-23 22:18,WuHuQiFei,428735,mygo
这 3d 连 asoul 的直播都不如，技术菜得超过耐受底线了 //简直是里番,0,未评分,2025-10-23 01:20,brawatozage,428735,mygo
慕名而来，看完茫然而走。只能说我不太吃这种复杂女女关系性，现实生活中已经见得够多了不想在动画里“品味”了，还必须包饺子更令人忍俊不禁,6,还行,2025-10-22 21:20,花阔,428735,mygo
23年夏天的代表，其所带来的讨论和二创环境是我多年未在b站上感到过的了，陪伴我高中时期有重要意义的番，扭曲的女女关系和歌曲我很喜欢,8,力荐,2025-10-22 15:11,悲灵笑骨,428735,mygo
看完自己也想在学校里组一个伤痛乐队，可惜青春不再来，就让美好停留在艺术作品中，供人欣赏吧,9,神作,2025-10-22 13:35,Asan-Acg=Life,428735,mygo
好看，删掉13集后半段会更好,8,力荐,2025-10-21 17:16,神代フラウ,428735,mygo
最近没东西看，就想着试试看这被吹的这么凶的番有啥含金量，看了几集直到在台上莫名其妙的念诗我真的是接受不了看不下去了，孝子多观感那么差就算了，内容也没有，歌还难听的乐队番确实是头一次见，就这种东西也能评上8分，只能说孝子或者跟风狗确实是发力了,0,未评分,2025-10-21 16:57,IIYOzz,428735,mygo
太tm好看了，简直就是在唱我,9,神作,2025-10-20 22:51,幻想乡的stool,428735,mygo
爱音真实，开朗，好强努力。每个人都有缺点，原来偶像剧也能这么演,8,力荐,2025-10-20 18:25,高坂きりの,428735,mygo
第一次津津有味看完的MyGO，在以往其乐融融的音乐番中增加了各种有趣的转折，那时还是挺让人期待Ave Mujica的。,8,力荐,2025-10-20 17:32,冻结,428735,mygo
补标，当时追更看完，第十集出来的时候看得真挺感动，演出live和歌曲都挺棒的，可惜后续的社区氛围烂掉了。,8,力荐,2025-10-20 15:12,打酱油的桃花水母,428735,mygo
2023年夏天，陪泛式看完感觉神了，现在出脑之后感觉也就那样吧,6,还行,2025-10-19 19:18,暙黡DLsmaI,428735,mygo
中规中矩，可以一看的重女乐队番,7,推荐,2025-10-19 14:55,楠城奈月,428735,mygo
开起了少女乐队大神人时代,9,神作,2025-10-19 12:54,解决,428735,mygo
一段美妙绝伦的观看体验，一个无法预测的命运石舞台,9,神作,2025-10-19 01:57,jwajzh,428735,mygo
剧情说实话有很多别扭的地方，3d的观感对于个人来说也不算好。但是演出live不错。,6,还行,2025-10-19 00:08,Da  Capo,428735,mygo
“也许我这辈子都忘不掉Mygo!!!!!了。”,10,超神作,2025-10-18 23:36,resbused,428735,mygo
哪来的凑企鹅,7,推荐,2025-10-18 23:12,756a,428735,mygo
我们可以切割Ave Mujica啊，你说是不是,9,神作,2025-10-18 21:55,little_T,428735,mygo
给我以极大震撼！虽然当初是被“重女”的卖点吸引来看的，但是现在想想其实单从番剧角度来说也挺优秀的。,9,神作,2025-10-18 19:58,刷卡233,428735,mygo
一定会成为喜欢扭曲关系型的长颈鹿不能不品的传世之作，不磕CP也能看得很爽。算上早期的二创环境并且切割mujica的情况下，我愿称之为神作。,8,力荐,2025-10-18 17:36,草本灌 荷马,428735,mygo
本来就是一个顶多7分的作品，分数降了不是因为续作烂，而是因为本身就有很多毛病没被挖出来，现在火了降分了就受着,7,推荐,2025-10-18 15:25,浑水摸鱼的宓,428735,mygo
"回不去的那个夏天，那个讨论环境，那个社区氛围，那个二创的黄金时期，每周疯狂星期四自己先看一遍，周五42062再看一遍，周六33989再看一遍，谢谢大家的陪伴。
同时感谢go让我接触到krkrdkdk的邦多利；至于鸡狗，已切割，我祝她们幸福",8,力荐,2025-10-18 00:46,encou,428735,mygo
可以说是比较具有特色的少女乐队番，好看,9,神作,2025-10-17 19:32,糊糊,428735,mygo
"2025.10.17看完

2025.10.21编：爱音我想你了",0,未评分,2025-10-17 17:36,无尘,428735,mygo
扣1分给你那烂完的社区环境,9,神作,2025-10-16 17:08,skd boki,428735,mygo
追完 好看,8,力荐,2025-10-16 12:38,Hiyori,428735,mygo
为什么要唱春日影！,8,力荐,2025-10-15 12:47,SliencerSL,428735,mygo
还行，Live和歌蛮好听的，但是没有吹得那么神，本质上就是扭曲的女女关系性大乱炖,7,推荐,2025-10-14 23:35,雫枫桥,428735,mygo
神神神，我爱音太有实力拉,10,超神作,2025-10-14 14:13,MiHoYo258,428735,mygo
算是比较现实的乐队番？反正看了印象很深刻,9,神作,2025-10-13 21:45,Takatsuki225,428735,mygo
世界上最伟大的动画，听说你要下八分了，改个一分庆祝一下,1,不忍直视,2025-10-13 21:01,奶龙大王,428735,mygo
如果不喜欢看神人乱斗的话这片子还有一个看法——粉毛受难封圣的苦情剧。,7,推荐,2025-10-13 19:42,zq33,428735,mygo
剧情总体而言比较优秀，作为原创给我带来了前所未有的体验，二创又给它在我心中的地位又提了一个高度。,8,力荐,2025-10-13 13:01,zr.152,428735,mygo
hinapiyo挺可爱的,6,还行,2025-10-13 00:29,Jup1ter,428735,mygo
虚假的木柜子乐队，乐队番环境破坏的罪魁祸首,4,较差,2025-10-12 23:11,高浩光,428735,mygo
在情绪与人物关系的复杂演绎上费尽了心思。有观点说对EP10的评价决定了对作品的评价，我认为这更像是在回避下结论。作品的每一句对白都在刻意地用力，连沉默也是，语言成为了表演、掩饰而非表达的工具，这便可称之为生硬了。那段放弃旋律的朗诵，反倒是全剧最接近歌唱的时刻。说的直白一些就是不够真诚，演戏太多。这种聚焦缺陷角色、不以正向价值为卖点的写法，我认为也不构成对偶像叙事的创新。并不是病态、颠覆式的创作就等同于优秀的。大概热衷于扭曲风潮的人能沉浸其中，但在旁观者看来完全是小题大做。顺带一提，诸多试图为本片拼贴内核的雄文实在是牵强附会。,6,还行,2025-10-12 21:42,Aoidiva,428735,mygo
第一次看少女乐队番，感觉还不错,8,力荐,2025-10-12 21:15,fcds123,428735,mygo
一般,5,不过不失,2025-10-12 16:11,edelgard,428735,mygo
唐比木柜子痴太多了,1,不忍直视,2025-10-12 14:10,Mahiro,428735,mygo
把复杂和扭曲的关系性做到极致的独特作品//还是那句话，一话二话矛盾劈头盖脸的非烂即神//人设方面，虚荣大王、重女、披上伪装的好好女士、谜语人，除了电波流浪猫之外，人均苦大仇深，人人勾心斗角，品味这种女性特有的关系性确实有趣//然后それでも、迷子でも進め，这作为乐队来说内核就很充分了；而大祥和母鸡卡走向了披上假面的对立面，这镜像也是精彩//看そよ剧情的时候这种情感的细腻流动，一下就鲜明地意识到是女性脚本家的笔触，被拉回乐队在台上边弹边泪崩的部分太精彩了，演出也是，压抑许久宣泄而出，泪崩到咬牙止哭，最后退场走不动路还给了整整十秒的镜头,8,力荐,2025-10-12 04:36,雪崩团灭清一色,428735,mygo
时间证明了这部作品实际上根本一无是处,6,还行,2025-10-11 23:38,MOE之上，即是荡漾,428735,mygo
可能因为完美迎合了白河豚偶像乐队痴，热度极其高。不同于同系列其他乐队，搞起了青春文艺扭曲作，不过相比于同社的少女歌剧只能说剧本差距不小。,5,不过不失,2025-10-11 22:13,sunrise,428735,mygo
言情剧闹麻了（x,7,推荐,2025-10-11 17:02,花生酱骑士,428735,mygo
单论Mygo的话其实编剧的立意和想表达的东西都很好，是能引起共鸣的，虽然比Bang Dream其他作品要更dramatic，人物更拧巴但是观感还是可以的，尤其3D制作和分镜都很有意思,8,力荐,2025-10-11 10:17,纳什维尔地平线,428735,mygo
《It's MyGO!!!!!》某种意义上是和《湾岸Midnight》一样的作品，都是关于“人如何与自己的‘业’共存”的故事。但是《It's MyGO!!!!!》充满了激情犯罪和都合主义的气味。,7,推荐,2025-10-11 09:22,Tapu Nunu,428735,mygo
7,7,推荐,2025-10-10 19:37,江表之力牧,428735,mygo
看一辈子mygo!!!!!,9,神作,2025-10-9 18:34,lemon与冷萌,428735,mygo
"我还能说什么呢？
我就好少女乐队这一口",9,神作,2025-10-9 00:24,Fakecorps,428735,mygo
女女关系性这一块,7,推荐,2025-10-8 23:59,☆Knave☆,428735,mygo
豪看！,9,神作,2025-10-8 19:27,想你想你想我,428735,mygo
全世界各国各民族的，永远伟大，永远光荣，永远正确的，继承了世界各国各民族的伟大领袖、伟大舵手、伟大导师、伟大统帅思想路线和实践的、全世界最伟大的无产阶级革命著作与新时代的马主义哲学的宏大史诗与人类精神文化领域的最高巅峰的最伟大的先锋和旗帜。全人类第一流的伟大动画，全人类第一流的文化作品，全世界各国精神文明建设的学习榜样。,10,超神作,2025-10-8 19:01,迷と東,428735,mygo
还行吧，如果我没看过mujica可能会给8分,7,推荐,2025-10-8 03:21,黎恩舒华泽,428735,mygo
只能说和梦想爆炸唉有鸡切割吧,8,力荐,2025-10-7 18:31,渚汐,428735,mygo
在朋友的推荐下补番的，可能是一下子看完没有被二创腌入味的原因，没有对上电波，主要是我觉得这部作品前面写的就给人一种要写实的感觉，后来tomorin一个人在livehouse念诗得到观众支持我就觉得有点出戏了。总体上算是不错，我觉得社区热度给作品加分了。,7,推荐,2025-10-7 16:42,TorrentTamer,428735,mygo
我感受到了感动,8,力荐,2025-10-7 15:19,V1oKasat,428735,mygo
咕咕嘎嘎,8,力荐,2025-10-6 23:58,神秘劳张,428735,mygo
开播完一年，社区慢慢发酵，越火越出圈，马小花老师的歌好听捏。怎么到2026只剩凑企鹅了？咕咕嘎嘎！,7,推荐,2025-10-6 14:13,椎黛岚,428735,mygo
刚看完的时候很震撼，立体多面的人物塑造，跌宕但绝不俗套的剧情展开，优秀还贴合剧情的音乐创作，完全算得上是六边形战士。但是看完mujiaca，mygo在脑子里像蒙了纱一样有些模糊得素然无味了…丰川祥子把我毁了…已经满脑子只有祥儿了…,8,力荐,2025-10-6 01:38,彭格列十代目,428735,mygo
可能因为看完mjk的原因感觉很别扭,7,推荐,2025-10-6 00:41,chtholly,428735,mygo
永远忘不了2023年的夏天，点燃了想要见证经典诞生的梦想,10,超神作,2025-10-5 10:18,苍竹青叶,428735,mygo
第十集前半为止都还是相当令人惊喜的，但是之后拉soyo强行包寿司实在是把本片格调完全拉到底了，完全对不起前九集给到极致的情绪，可以说是彻底的重拿轻放。更可惜的是最后三集给了mujica大概一整集时长的戏份，剩下的剧情全是包寿司，这样摆烂式处理实在是配不上本片如此高的评价,4,较差,2025-10-5 02:03,画卦,428735,mygo
很好了,8,力荐,2025-10-5 01:56,Meowpull,428735,mygo
我大概这辈子都忘不了这部动画了,9,神作,2025-10-5 01:18,启动！！！,428735,mygo
我竟然会为了看mujica而看mygo，我也是这辈子有了//爽世怎么一股雪菜既视感//从第7集开始渐入佳境啊//第9集太白学了，我喜欢//我经过不断的成长，在遇到很多棘手问题时已经能够非常理智去面对了，这使得我在看到这类青春期少年出现棘手问题从而做出各种不理智行为时就不由自主地想“还是不成熟，如果他们这样那样的话问题就迎刃而解了”。但显然这不是一个观看此类作品的应有方式，因为我们是去感受故事，而非指导故事；我们是去共情人物，而非教育人物。想到这里，我突然明白为和最近有个青春期相关的自设脑洞总是推进不下去了，因为我总是把他们的形象想得过于成熟，而青春期的特点即是不够成熟，通过经历许多的“因不成熟而导致的事件”以获得不断成长。//Mujica这支乐队的张力很足啊，可惜已经知道了它是史的结局……,7,推荐,2025-10-4 13:12,qx_qyqy,428735,mygo
我大概一辈子也不会忘记MyGO了……//癫狂的演出和不完美的角色，诠释了“迷茫即青春”的本质。//对人际关系暗面的勇敢剖白，以及音乐作为情感核弹的叙事运用，可惜受限于商业框架和3D技术。//一辈子的誓言……真好啊！,9,神作,2025-10-4 04:28,狂弦卷心菜,428735,mygo
这些年久违的追番＞打游戏,9,神作,2025-10-4 00:34,可语雨,428735,mygo
这部作品对我来说的意义是非常重大的，首先这部作品的作为原创真的充满了无可预测性，如第九集炸团之后，谁能想到第十集一集就让这个不可控的局面又重组起来了，不愧无法预测的原创舞台。人物关系性也非常有意思，也是这部作品很吸引我的点。还有很重要的这部作品的追番环境，很喜欢这种大家一起讨论动画的感觉，还有非常多的优质二创，真正让人觉得看mygo真的太好了。这部番也让我结识了很多同好，所以，就mygo对我的意义来说，给十分是真的不为过的。,10,超神作,2025-10-4 00:17,东京千早爱,428735,mygo
mygo本篇在我看来并没有那么有魅力，由本篇而引申诞生出的花样繁多的高质量二创才是mygo真正的生命力所在。,7,推荐,2025-10-3 11:43,Hottoite,428735,mygo
圣anno伟大,8,力荐,2025-10-3 00:31,未来与夏,428735,mygo
太压抑了，我是在没有任何讨论情况下看的，对作品定位以为是像孤独摇滚那样的，看泛式发动态说好看我就直接搜来看了，越看越难受，矛盾越来越深，一直不解决，小年轻没办法，看动画总是喜欢代入，一代入进去感觉就难受死了，但是本来应该是个小众番，但是火到了它不该有的热度，以至于我认识的不看动画的人都看了，他们都觉得好看，火到不该有的热度给5分，说白了我不是受众，小众番太火了,5,不过不失,2025-10-2 15:49,Yoshizuku,428735,mygo
乐奈可爱捏,7,推荐,2025-10-2 00:18,Tbrost,428735,mygo
喜欢诗超绊那一集。,7,推荐,2025-10-1 23:01,朝仓ルナ,428735,mygo
抛开神人粉丝不谈，本身质量还是可以的,7,推荐,2025-10-1 16:58,宸不橙SAMA,428735,mygo
爱音伟大无需多言,10,超神作,2025-10-1 15:27,ikaros,428735,mygo
不错,8,力荐,2025-10-1 15:22,soyorin7853,428735,mygo
剧情的不可预知性浓度达到了最大，却给了人最强烈的情感体验,8,力荐,2025-10-1 15:13,黎禾.SEA,428735,mygo
提醒自己记得追评,9,神作,2025-10-1 14:20,女僕裝の究極愛好者desu,428735,mygo
年度现象级乐队、百合、扭曲大作，重力厨必看,8,力荐,2025-10-1 13:37,Kyakui,428735,mygo
（7＋）两个严重漏洞，第一是祥子退队原因到结尾都没解释，直接导致中后期很多角色的行为动机不明不白，观感一脸懵逼。第二是爽世归队剧情过于逆天，受害者向加害者道歉都出来了，没有一点合理性。但整体剧情发展较为独特精彩，冲突很多都在意料之外，算是一大特色，综合来讲7分差不多。,7,推荐,2025-10-1 13:05,健康芦苇,428735,mygo
我几年前就无法理解一群人对着几匹母马感动个什么劲，这逆天木柜子乐队番能有8分这bgm还有人类？,1,不忍直视,2025-9-30 22:23,Re:从零开始的补番生活,428735,mygo
叙事完整+6，音乐+1，人设+1,8,力荐,2025-9-30 02:43,SNNN,428735,mygo
mygo神了，不要看mujica，毁了go团的人设，十回灯神包寿司太刻意了，但是又处理的让你看的挺爽，抛开mujica，mygo就没缺点了,8,力荐,2025-9-29 13:38,beihai233,428735,mygo
2023.10.22：作为一度转折再转折的剧情看得挺有意思的，特别是前期的压抑气氛，各种矛盾的激化，人物关系的破碎，上一秒还在说话下一秒就跑路了，以上这些情节在本动画经常出现。破碎重组破碎再重组，ep10的live真的震惊到我了，毫无疑问mygo在短短十三集之内带给我坐过山车般的体验，开播时没看挺好的，补番体验极佳。「我不明白，总是不明白。寻不到正解，做不到正常。世界离我那么那么远，远在我遥不可及的地方。拥抱过温暖阳光的春天，也将被盛夏的烈日燃尽，若终究要枯于沥青路上，我宁愿永远躲在石头阴影下。」//2025.9.28：二刷结束。一口气爽看，重温一遍我更加关注动画描绘的女女关系，真是越看越有意思。听了很多次的音乐搭配着剧情再看一次live真的很爽，重看一遍也能发现一些之前没有注意到的地方，灯真的很呆萌，anon真的很糖，立希真的很宠溺灯。,9,神作,2025-9-28 23:45,沢近愛理,428735,mygo
独一份的追番体验，看她的过程已经超越她本身了,10,超神作,2025-9-28 23:25,渡边彻,428735,mygo
我是长期siuuuuu世，为什么要演奏CR影？,6,还行,2025-9-28 18:13,Scott,428735,mygo
真没想到一群小女生的爱恨情仇劲能这么大,9,神作,2025-9-28 16:02,ER1R1,428735,mygo
2025-01-30 | 不知道好在哪,5,不过不失,2025-9-28 09:36,Rei,428735,mygo
咕咕嘎嘎咕咕嘎嘎,8,力荐,2025-9-28 01:19,saber,428735,mygo
这3D比之前邦邦动画的崩坏手绘不是强多了。单看动画，感触不是特别大，但是人物塑造得不错，带火了B站一堆二创，酌情加分。,8,力荐,2025-9-28 01:05,rikka0612,428735,mygo
哇，是我最喜欢的女女关系性！这下不得不看了,8,力荐,2025-9-28 01:04,某芳香的有机物,428735,mygo
我去這不木櫃子嗎？,8,力荐,2025-9-27 19:02,神崎直直直,428735,mygo
四大乐队里面心眼子最多的一个乐队 要和我组一辈子乐队吗,8,力荐,2025-9-27 17:16,悄然流逝,428735,mygo
剧情仍略有不足，追番体验一流！！,7,推荐,2025-9-27 01:09,绵绵凸透镜,428735,mygo
因二创热度而被神化。若放在几年前，它的表现未必能如此突出，但在如今番剧整体水准下降的背景下，它的优点被无限放大,7,推荐,2025-9-26 00:54,雫,428735,mygo
2025年9月25日补标。mygo还是好看的，前提是没有之后的mujica。,8,力荐,2025-9-25 21:51,anon,428735,mygo
无聊,5,不过不失,2025-9-25 20:52,失戀大明神,428735,mygo
667,5,不过不失,2025-9-25 18:58,YOI7,428735,mygo
两部连看，早已听闻MyGO大名，实际看下来情绪调动，任务逻辑都挺自然，有刻意扭曲的点但无伤大雅。几位角色的成长曲线很给力，ep10封神，最后3集也给足了成长完成的MyGO发挥剧情，迷星叫印证了队伍压抑了一整季后的成长，唱出来特别high。很难有乐队番live回能如此有爆发力。,8,力荐,2025-9-25 00:34,Virtual Circuit,428735,mygo
玩机器直播间看弹幕来追的，二次元入门之作。,7,推荐,2025-9-24 04:48,请教艾莉丝魔法喵,428735,mygo
"2025-09-21
弹幕真的很有趣；体会到别人看free的感受了，我看MyGO：我不是来看乐队番的吗，这都是什么啊！；不过看完了感觉还挺好的，看之前就听过春日影这首歌，当时只觉得好听，在剧情里看到她们唱这首的时候真的很感动，It's MyGo 迷途之子这个名字起得太妙了，恰逢我现实生活也很迷茫，“这唱的简直是我啊！”",7,推荐,2025-9-24 02:56,手里拿着旺旺,428735,mygo
第三集和第十集灯的成长神回；每个人物塑造都还算合理，部分逻辑与祥魅力原因有待加强（可惜已被某ooc续作一创鸿儒:(,8,力荐,2025-9-23 21:14,momo,428735,mygo
一般般,5,不过不失,2025-9-23 14:37,钟神秀,428735,mygo
"好看，神作
要go一辈子",10,超神作,2025-9-23 07:32,asdad5,428735,mygo
再没有过那么好的追番体验,9,神作,2025-9-22 15:34,Descarter,428735,mygo
二刷 原来go已经是23年的动画了呀,8,力荐,2025-9-22 12:36,朱古力凯,428735,mygo
就说乐不乐吧,8,力荐,2025-9-22 00:14,歐米伽,428735,mygo
梗多，笑得没停过，宣发、商业化和二创非常强,8,力荐,2025-9-21 19:48,希美你脖子怎么这么长 ...,428735,mygo
"素世是偶像动画的革命，其他角色都是无聊的样板角色，mygo写出了素世这个无敌的角色就值得10分了

太可惜了，因为吉田事件我只能给这部女拳动画打1分了，这1分是给素世的，女拳斗士独角兽毫无疑问是跟吉田惠里香有同样的价值观的
为了我以后还能看巨乳，给这部垃圾女拳动画1分
这部动画的女拳味其实早就漏出来了，千早爱音和她的圣厨粉丝其实就是女拳的化身，什么都不会还抢C位，跟那些什么都不会论文还能出街的女拳学者没有区别。独角兽写这种女拳角色真是得心应手
木柜子动画这么多支持者就是因为跪烂裤裆的龟男太多了
不封杀这部神风动画？林鼓子这母鬼子滚出东大",1,不忍直视,2025-9-21 07:58,黒石,428735,mygo
演出、画面很棒，但剧情很多地方经不起推敲，角色塑造太爆了，行走在观众接受度的边缘。live都很有感染力，过度到春日影那一段全剧高潮，情感酣畅淋漓的宣泄，爽。,8,力荐,2025-9-21 06:45,Gorillaugh,428735,mygo
总体感觉哪里差点意思？,7,推荐,2025-9-21 03:00,无名无面,428735,mygo
粉丝0分,1,不忍直视,2025-9-20 20:10,Ice,428735,mygo
太强了，不知道是不是因为兴趣被泛八爷带歪了，人物纠葛看得很酸爽,8,力荐,2025-9-20 15:08,qqzzfzzf,428735,mygo
"爱素强到靠北！！！//很遗憾不是跟着追的 但确实在开播前看起来就像是“随每月刷新的杂鱼偶像乐队题材” 再要去补已经是完结且被部分引流剧透某些重量级情节的时候了
就算如此依旧会在ep3第一视角回代入这个小心翼翼接触着世界的tmr 会期待前期就看起来腹黑的妈妈位soyo怎么在ep7爆发 在ep8看到soyo的惊世一跪更是前所未有的体验 连圣爱音都退团的ep9这还怎么救再看op大概一切都是幻想时刻吧 没想到tmr在ep10凭一己之力情感爆发式念词拉回全团进行的即兴诗超绊（是我n周目都会感动的一集）最后在ep12揭示了MyGo!!!!!的由来 既是谐音日语象征全团着「迷子」的属性 又是英文「私の出番」表达全员就算迷失着也要前进因为现在就是我们出场的时刻!!!!! 五个感叹号更是缺一不可 这种醍醐灌顶感...... （字数限制夸不下了；；",10,超神作,2025-9-20 13:10,cc慢慢龟,428735,mygo
回想起剧情和人物真的有点一般了。但是很喜欢社区讨论，而且歌好听。,8,力荐,2025-9-20 10:52,Eihwaz,428735,mygo
我心目中的神作！超越千恋万花的存在！！！,6,还行,2025-9-19 21:22,zzx,428735,mygo
二创伟大,8,力荐,2025-9-19 20:27,newsky,428735,mygo
比母鸡卡好看,6,还行,2025-9-19 16:59,晓晓,428735,mygo
挺好看的，更新完，一个通宵补完的，可以,7,推荐,2025-9-19 13:39,Kiana,428735,mygo
除开轻音，名著剩下三部全看完，总体质量都很棒，但实在顶不住低气压。,6,还行,2025-9-19 03:52,小太阳丶,428735,mygo
最强的追番体验，最值得追的原创动画//虽然现在mujica烂完了，但是刷视频看到mygo的情节还是会会心一笑，回想起当时追番时脑子里的各种想象和假说，百感交集啊，依然是追过的番里最喜欢的。,9,神作,2025-9-18 23:53,high手,428735,mygo
没看，有一说一有点兴趣但不大，毕竟邦邦是第一季入坑的，也就是，情怀在第一代，有空再看,0,未评分,2025-9-18 21:12,天缘,428735,mygo
一个个真够矫情的哈,7,推荐,2025-9-18 20:37,ました,428735,mygo
8.0 人生第一部邦邦，祥子你罪大恶极.jpg 个人评价8和10集是巅峰，整个故事完美展示了什么为什么沟通是人际交往必不可少的部分，一个自闭一个乐子人一个沉溺过往的愚者，一个压力怪，没有爱音妈妈这个家怎么过阿.jpg,8,力荐,2025-9-18 18:59,影子越看越像她,428735,mygo
情节紧凑剧情优秀，在将情绪压至最低点后用ep10的一场神级演出将少女们对于crychic的不舍与mygo这份感情的珍惜爆发了出来。我一直觉得音乐番这种用音乐解决所有问题的方式是一种非常浪漫的解法，因为好音乐本身就是非常有力量且能表达情绪的。还有就是灯皇可爱捏,8,力荐,2025-9-17 22:33,MaxaM73,428735,mygo
有很多很有张力的情节冲突，不过主线比较弱。我比较意外的是这个片居然能得到这么多高分评价，看来国内有好多宅们确实没看过多少肥皂剧，也没接触过太多女人Ψ(￣∀￣)Ψ,6,还行,2025-9-16 22:28,半边瘫,428735,mygo
ep3、ep7、ep10这三集足够打动我，虽然后面mujica让我有些出脑了,9,神作,2025-9-16 14:49,洋飞,428735,mygo
也许我永远忘不了两年前的那个夏天了,8,力荐,2025-9-14 14:12,黑橙とうこ,428735,mygo
我大概一辈子都忘不了mygo了吧,8,力荐,2025-9-14 09:50,evil.vice,428735,mygo
对青春情绪的精准提炼,6,还行,2025-9-13 20:16,远子,428735,mygo
”吵吵闹闹，我们的乐队“，咯咯咯。爱音，小心思挺多，爱表现，但是本质善良，变通很快，小心思落空的样子笨笨的真可爱，最喜欢。《春日影》挺好听的，喜欢这种有点悲伤的调，配上不甘心的孤独的呐喊。,8,力荐,2025-9-12 21:42,Aloner,428735,mygo
无感，感觉是某些扭曲怪炒起来的，不知道为什么会火，更喜欢轻音和孤独摇滚这样的。烂梗太多了很烦。。。。。。,7,推荐,2025-9-12 20:16,qwqwq,428735,mygo
抹茶猫猫党路过,8,力荐,2025-9-12 02:32,战场原荡漾,428735,mygo
"相比mujica,mygo的情节安排的没那么紧凑,更加舒缓",9,神作,2025-9-12 01:38,DG64,428735,mygo
细腻，完整，精致的女女关系性作品。人物弧光完整且节奏合理，如果有什么剧情上的“问题”也在可接受范围内。,8,力荐,2025-9-12 00:21,香芋,428735,mygo
精彩，实在是精彩！,8,力荐,2025-9-11 13:00,Cinis,428735,mygo
确实值得一补，前面的重力和扭曲做的真的很有趣，第七话感情的迸发和最后的反转很棒。补完无法控制的喜欢上soyo，特别后面不夹之后。,7,推荐,2025-9-10 23:48,若爆了,428735,mygo
起初那只是一部为人在意的新番，直到惊世一跪的出现，我这辈子也忘不掉mygo了。,9,神作,2025-9-10 08:51,汐鹿生Asukara,428735,mygo
抄袭阿贝母季卡,1,不忍直视,2025-9-10 01:12,姬芭大,428735,mygo
本来想打五分的，因为mygo和mujica本质上是一部番，mujica崩了mygo也会跟着崩，但第七集还是太优秀了,7,推荐,2025-9-10 00:13,May Myself,428735,mygo
对的,8,力荐,2025-9-8 22:43,Freenyan,428735,mygo
番8分 粉丝群体0分 一群闹餐东西,1,不忍直视,2025-9-8 03:53,Dshygo,428735,mygo
青春伤痛文学，气氛比较沉重压抑。演出优秀春日影好听，猫猫爱音可爱捏,9,神作,2025-9-8 01:22,澪,428735,mygo
包饺子太蠢了,6,还行,2025-9-7 10:37,Doffin_azure,428735,mygo
这样的原创大舞台补番观感会下降很多吧，看的时候各种矛盾冲突都没品出来，太可惜了。,8,力荐,2025-9-7 04:43,快乐～红调,428735,mygo
慕名而来。ep1 太沉重了吧，一开口就是一辈子组乐队，换谁都会愣住吧。ep2 第一集邀请了一个重女，第二集邀请一个粉切黑，女主你是有点运气在身上的。ep3 不会就因为那一句评论就让乐队解散了吧，难道是祥子不想让灯太拼命？ep4 爱音真是太惨了，原本只是想引人注目而已，结果陷入百合群，一辈子都要搭进去了。爽世一开始就没想让爱音加入吧，只是让她当工具人把原成员都拉进来。ep5 这就十指相扣上啦，立希的心里一定有一句话在回响，明明是我先来的。哈哈太扭曲了，就喜欢看这样的。ep6 真是每一集都有新体验，不愧为扭曲标签。ep7 名场面来力，还是曾经的春日影，不过有的人还在上面，有的人已经在下面了。ep8 爽世开启黑化？ep9 痛，太痛了，不过我喜欢哈哈。ep10 唱出来那刻鸡皮疙瘩都起来了 ep12 最后一集怎么变成mujika的第0集了，我还想看mygo啊,9,神作,2025-9-7 01:11,不笑猫,428735,mygo
有多优秀，倒是不至于，但是看的过程挺有意思的，虽然看完以后脑海中只剩下了欧内盖,7,推荐,2025-9-6 19:50,重情义,428735,mygo
3.6/10: 大祥老师以一己之力发癫结束了C团的生涯。剩下几个人组乐队的契机在哪？聚到一块实际上并没有被任何事情推动，全靠人物的心理上突然就想通了，突然就闹麻了，然后对话展开和尬聊没什么区别，有对话的地方像是为推进组乐队剧情的强行尬聊，没对话的留白像是填充尴尬气氛，因为几个人连聚一起的无论是关系的逻辑还是顺其自然的气质上的水到渠成都不存在，实在太难完成节奏上的流通，另外，长期素食很?，人设难绷。,3,差,2025-9-5 15:00,汐,428735,mygo
"非常好的乐队番，心理戏和人物性格很现实，第一次看没有坚持下去，那段时间很焦躁，由于是建模而且前期展开比较慢，但第二次心情舒畅静下心来入戏了以后发现还是很精彩的，后劲也尤其大，歌听多了都很好听，不同于其他乐队，这乐队有一种独特的纠结感，关系错综复杂，是女亲年群体带来的独有氛围
然后乐队有很多文案细腻的二创，这部动漫也激发了很多我走向音乐的兴趣，可以说是不可替代了，总之我很喜欢mygo",8,力荐,2025-9-5 09:42,梦中追梦,428735,mygo
在看MyGO之前，我认为自己不是少女乐队题材的受众。然而我被其情感的细腻与优秀的制作给打动了。我大概一辈子也忘不掉CRYCHIC了,8,力荐,2025-9-5 02:55,正宗静流,428735,mygo
少女乐队的一大里程碑之作，优秀的剧本，无法预测的命运舞台，一次很新奇的看番体验，创造了诸多名梗,8,力荐,2025-9-5 01:41,花漫惊梦人,428735,mygo
LIVE确实很好看，不过除此之外的各方面就都还都挺……乏善可陈的。猫猫真的GOAT,7,推荐,2025-9-4 15:43,lanslort,428735,mygo
总分：9.52 剧情（2.832/2.95）音乐（0.792/0.9）人物（0.85/0.85）整体（4.338/4.5）制作（0.704/0.8）v8.6,10,超神作,2025-9-4 14:50,qingzii,428735,mygo
网上评价不低，导致一开始就抱着极大的期望来看的，实际看下来就不尽如人意了。soyo和anon的配音感觉没那么合适，尤其是爱音，看到最后依旧还是感觉不适。13集的篇幅还是没能把一群人的各自形象表现得更加具体，剧情的发展从事发到解决还是逃不了包饺子剧情的空虚感。只能说期望越高，失望就越大啊,6,还行,2025-9-4 00:30,我不是大叔,428735,mygo
3D动漫导致一些长发角色的头身比以及一些视角下的角色体态看起来有些奇怪，剧情则是“心有隔阂→矛盾爆发→消除矛盾”这一套。一点小矛盾小题大做写成这样走钢丝一样的剧情在观感就是“闹麻了”。除此之外人物个性鲜明独特，第10话神回，live演出优秀，春日影好听，乐奈可爱。一部有特点的少女乐队番。,8,力荐,2025-9-3 10:48,幻冢妖梦,428735,mygo
23年9月刚完结就被泛式吸引去看的，想当年大一的我刚看完能滔滔不绝地一直分析个一万字论文出来，那时候还没gop一词，社区氛围真的好都在吹与分析。铺垫与回旋镖的完美呼应：使得一周目和二周目完全不同常着常新的观看体验；全季13话紧凑凝练的演出节奏：没有一帧是多余的；缜密极佳的剧情：不同角度去看会有不同的收获， 深挖去分析一连串行为逻辑又能获得意外之喜；爽到高潮剧情结构编排：从1到3的全程第一人称神回，又到7的急转直下，一直情绪引导，再到10诗超绊把番剧内外所有积蓄的情绪一口气全部引爆，年度神回！最后轻松愉快弥补队员互动的后日谈。以及细腻的人物情感，精炼的台词，顶级的人物塑造与人物弧光，足够丰富的细节支撑起剧情发展，人物动机合情合理，一个很无奈的又没有人需要承担实际 责任的剧情矛盾等等。我心中的TOP3，私以为永远的神作，我大概一辈子都忘不了mygo了..,10,超神作,2025-9-3 03:59,豌豆鸡,428735,mygo
非常动人,9,神作,2025-9-2 20:48,磊磊子,428735,mygo
节奏紧凑连快，以角色之间的情感纠葛为主要叙事，偏3D画风。很好，但还不够。,8,力荐,2025-9-2 01:08,第766774号班油,428735,mygo
另类版的甄嬛传，我是真的很泪目，这是个正常的剧本，该有的都有，其实甄嬛传的一些评论都能写在这里，但有一说一，你他妈把这个番神话，那就该挨骂，甄嬛传比这个好多了，话题度也大多了，最后的结局大家伙都知道，一般，我的私分是8.3分，比甄嬛高一点点（比较的门类不一样，动漫的普遍高，主要是非动漫的神剧真多）,8,力荐,2025-9-1 22:59,橙子家的大儿子,428735,mygo
暂时抛掉柿本广大贯彻始终的大群像野心，mygo可谓难得的多视角的又不显赘余的动画群像正剧。爆点桥段的重复不显冗余，在侦探式的观众审查中不断演绎和爆典，再进一步甚至可称一种另类的日常推理文学。脚本家堪称邪修成道，夸张的描写随时会在最意想不到的时候爆发，得到一种巧妙的平衡：整整一集的live演出叫我看得津津有味，而全篇可谓毫不拖沓地，发现、提出、解决并讲述一些现实的、操劳的、常规而非业界常规的乐队问题。高松灯的“人与非人”问题，已经经由mygo乐队的逐步构建而得到了精神层面的解决。而ave mijica，堪称是已经不当人的丰川祥子写给她（们）的一张大字报，要在逻辑上和肉体的、生活困境上的、言语表征的层面上炮打ccc遗老。因此，理论上，本片在解决一种自我拷问需求，放弃乐队，实际上，是去摧毁那些c团无法掩饰的顽强的陈旧人格。但mujica的宣言是：带上面具。,0,未评分,2025-9-1 21:50,opus blues,428735,mygo
不赖，如果不去关注那些烂梗，观感是很好的，既没有刻意卖女同，剧情推进井然有序、结构鲜明，邦邦动画剧情巅峰,7,推荐,2025-9-1 21:47,煮波是鱼,428735,mygo
前两集是什么东西，好神人啊,6,还行,2025-9-1 20:51,明音彼方,428735,mygo
好看，可惜母鸡卡烂尾了,8,力荐,2025-9-1 20:06,浅鲤,428735,mygo
咕咕嘎嘎，喜欢高松灯,8,力荐,2025-9-1 19:43,若水御辰,428735,mygo
很契合这个时代的作品，在迷茫中前进吧,10,超神作,2025-9-1 18:44,四季,428735,mygo
一口气看完了7-13，最开始几集的凌乱很快收束，情感体验非常完整。大祥老师什么詹姆斯行为啊这是。。。,8,力荐,2025-9-1 03:03,runnerstar,428735,mygo
"一部完整的动漫，讲述了一个相当完整的故事，没有什么浪费笔墨的地方，只要我说了这话，就必然会在后面回收，官方，二创，同人形成了极为微妙的关系，让这一场持续三个月的观影体验达到空前绝后，即使完结，二创不降反升，这就是良性循环。
我的私心给你加了一颗星，但我觉得你值得。",9,神作,2025-8-31 23:02,KnaYuta,428735,mygo
live表现力不错,8,力荐,2025-8-31 14:32,univer,428735,mygo
从番到圈子到梗都毫无趣味,6,还行,2025-8-31 12:57,御宅侠,428735,mygo
"特定人群对攻，客观而言制作水平也确实到位，分镜演出伏笔回收文戏对白人设回撤都做的不错，但确实不适合放到大众面前审视，看不惯放大美少女缺点塑造人物也就是女人吵架之情节的人可能只会觉得闹麻了，并且把部分矛盾放到下一季处理的方式也有点取巧，现在第2季烂了，mygo也就必然遭到了反噬…
并且我总觉得自mygo以后女人吵架的动画就越来越多了，虽然以前也有不少，但近两年明显增多，有点审美疲劳",9,神作,2025-8-30 19:25,Firefans封浪浪,428735,mygo
剧情并没有吹的那么神，梗小鬼听到mygo就到处乱刷也是闹麻了,5,不过不失,2025-8-30 08:54,枫月,428735,mygo
"感情铺垫清晰，人物丰富鲜明，成长弧光饱满。镜头设计精巧奇佳，台词耐人寻味。一部非常特殊的优秀的作品。虽然主唱的唱功差距明显，但单论曲风相较mujica我更喜欢本作，live演出亦可圈可点。
作品出圈会招致很多非受众甚至纯粹的恶意，往往出圈作品的无门槛打分会偏离对作品本身的评判。",10,超神作,2025-8-30 03:52,风熠月,428735,mygo
好看的,0,未评分,2025-8-30 02:27,Yakimoti,428735,mygo
孝子太多，音乐垃圾,3,差,2025-8-29 17:07,品豚切,428735,mygo
從爆發到最後的和解其劇本完成度相當之高，以至於後面的母雞卡令人忍俊不禁，去你的柿本廣大,8,力荐,2025-8-29 16:16,鹿戮鹿,428735,mygo
一想到接下来要看母鸡卡……,8,力荐,2025-8-28 12:49,银河猫喵喵,428735,mygo
其实很想打低分，但还是无视场外因素吧。,8,力荐,2025-8-28 01:43,陈墨墨,428735,mygo
在mujica之前评我可能会评八分，但现在两年前的作品我也是谈上情怀了,9,神作,2025-8-28 00:22,hrs,428735,mygo
补标,0,未评分,2025-8-27 11:50,拉格兰,428735,mygo
意外击中了好球区，我想这就是少女乐队的魅力,8,力荐,2025-8-27 04:13,索莫纳斯,428735,mygo
前面10集看得我好难受，11集终于舒服了,7,推荐,2025-8-27 00:20,凌凌凌凌凌子,428735,mygo
被朋友推荐看的，已经过了讨论期，可能体验就差很多了。反正我觉得依托。,5,不过不失,2025-8-27 00:00,Niven,428735,mygo
额其实我第一次看这种类型的观感还行，同时也看了gbc，后来看评分这俩都挺高的 然后自己又查了查以前的看过的番 ，一些公认的神作8分左右，我就觉得这几个分也太高了，七分左右差不多了,7,推荐,2025-8-26 21:42,帅的、没人性7,428735,mygo
如果可以，我更愿意给到6.5分，假如其他少女乐队番的乐队部分可以占到85％以上，「MyGO」的乐队部分最多有60％，更多的其实是角色之间的交互，说白了就是大部分时间观众只能看到一堆女孩子掐头发。在各种剧情挖坑没有填的前提下，「MyGO」的观影体验无疑是糟糕的，太多无端冲突只会把群像剧中的所有角色塑造成神人icu大乱斗，导致最后只能凭借着剧情演出效果和包寿司环节的余热留下一个虚假的美好印象。至少在我看来，「MyGo」8分有点德不配位了。,7,推荐,2025-8-26 17:26,猫猫王牛奶,428735,mygo
跌宕起伏的剧情充满了扭曲并欢乐，第十集的爆发非常棒。,7,推荐,2025-8-26 15:44,hua~hua,428735,mygo
很普通甚至偏劣质的3d乐队动画，搭了个烂活小时代剧本，靠梗小鬼刷烂梗出圈后爆火，本质cjb。,6,还行,2025-8-26 15:05,巫女控图书馆长,428735,mygo
低开高走，但也仅此而已了。,6,还行,2025-8-26 10:50,Elian,428735,mygo
一群迷路的孩子，在迷失的路口重逢亦或是邂逅，她们之间或许无法互相理解，或许尔虞我诈，但那份强烈的归宿感，那引人注目的牵绊感，又让这五个性格迥异的少女，能在一起，组一辈子属于迷子的乐队。MYGO的剧情爆点其实硬说硬核程度，比起老前辈PP或是萝还是差些，但这部作品厉害的地方就在于，这一整季对于人设，心里以及伏笔的描写非常细致入微但一点都不拖泥带水，把少女之间重力牵引，勾心斗角，矛盾冲突写的淋漓尽致，anon的伟大性格，soyo的表里不一，rikki的外冷内热，猫猫的归宿，以及tomorin的心意，这就让灯与爱音的相遇到soyo妄图重组c团到春日影炸团再到诗超绊的剧情爆点非常的逻辑紧凑而出人意外，也很成功的为mujica乐队埋下了诸多伏笔。人物性格有优有缺更像真实的女孩，剧情一分钟都没有浪费，真的是非常优秀的少女乐队作品，我永远都不会忘记诗超绊带给我的感动,9,神作,2025-8-26 08:11,猎鳞树树,428735,mygo
此生难以忘却的乐队番,8,力荐,2025-8-26 01:47,一夜纸鱼,428735,mygo
补标,6,还行,2025-8-25 17:59,ヤマ,428735,mygo
演出确实顶，特别是第7集，喜欢看人物关系性无脑看,8,力荐,2025-8-25 11:03,tymal,428735,mygo
圣爱音太伟大了，灯皇猫猫可爱捏,10,超神作,2025-8-25 08:09,bout,428735,mygo
"值得一看
看到一半以后就会逐渐进入角色之间的关系性，矛盾冲突，前面有些无聊总的来说还是佳作",8,力荐,2025-8-25 01:08,tasha,428735,mygo
喜欢,10,超神作,2025-8-24 01:31,百折不挠,428735,mygo
不赖，我少女乐队的开端，剧情和作画我很喜欢，二创广泛有乐趣，歌也好听,10,超神作,2025-8-23 23:51,b友名字六个币,428735,mygo
沒有一刻是浪費的時間,10,超神作,2025-8-23 21:46,Balance_Boy,428735,mygo
"是不是只有爱看百合的才看的下去，好无聊，爆点就是搞抽象吗？还有几个出都给我给高松灯磕头。
ps：春日影还是好听的，不过本来以为是这部番的主题歌，之前“为什么要演奏春日影“这句话看的我很激动，没想到这句话也是搞抽象的",5,不过不失,2025-8-23 15:53,lara,428735,mygo
投机之作,5,不过不失,2025-8-22 22:37,Sevenana7,428735,mygo
"一周目 | 2023-9-18 16:58 / 1年11月前
二周目 | 2025年8月22日 13点22分",7,推荐,2025-8-22 13:22,新垣☆咲果,428735,mygo
MyGO！！！！！,8,力荐,2025-8-22 01:02,XeArrogance,428735,mygo
好看,9,神作,2025-8-21 14:23,HutaoのDog,428735,mygo
史,1,不忍直视,2025-8-20 23:16,oyzlee,428735,mygo
以少女乐团为载体演绎日式《小时代》，仅看作品可以6-7分，但是因为搜推广算法导致其粉丝群体是不得不尝的一环，要么被同化要么作壁上观。为让其回归到正常分数区间且表示对该圈子的深恶痛绝打1分以明志。粉丝请随意攻击我。,1,不忍直视,2025-8-20 14:28,ScantyTechTips,428735,mygo
惊世一跪，各种梗的出处,7,推荐,2025-8-20 14:14,CarlMei327624,428735,mygo
木柜子启蒙,7,推荐,2025-8-20 13:16,fthacknet,428735,mygo
梗多多,10,超神作,2025-8-20 00:24,墨染白练,428735,mygo
在kirakiradokidoki的少女乐队题材中写出了极具冲击力（）的剧本,9,神作,2025-8-20 00:18,红绫惠颜,428735,mygo
多感叹。,8,力荐,2025-8-19 20:23,gu,428735,mygo
补标，回想当年接近5刷的我想必一定是疯了,10,超神作,2025-8-19 19:50,chino,428735,mygo
爽世喜欢祥子，立希喜欢灯，灯喜欢爱音,6,还行,2025-8-19 12:55,圆通速递,428735,mygo
第一部完整看完的邦邦，很特别的少女乐队动画，总的来说我觉得剧本还是有点问题，但比起那些过家家乐队的剧情来说已经很棒了，即使你要说包饺子那手法也算十分的细腻，所以并没有反感反而比较喜欢。有一说一live的水准实在太超模了，为剧情的推进上了一波大分，同时，让mygo组的成员人设的刻画变得更加丰满立体了起来。乐队中五个人各自迷途，面临解散危机，最后又能重聚在一起，这种类型的故事能讲好还是很不容易，总的来说，剧情给出的安排还是比较王道的。高松灯的人物塑造真的很棒，心思细腻很有灵气，创作上也是才华横溢，ep10竟然直接solo spokenwords，emo rock，太传奇了，太无敌了，ep12的live表现则是更上一层楼，那句“我们是mygo”毫不拖泥带水，干净利落，另人动容。,9,神作,2025-8-19 01:41,空山君,428735,mygo
mujica是哪来的二创。怎么塞正片里了,7,推荐,2025-8-19 01:26,桔梗死海,428735,mygo
早有耳闻的番，也是bang第一次出现在我视线，从第七集mygo！！！！！开始加速，第十集的诗超绊让人感动，它让我真正领略二创对番的影响，也让我第一次接触音游，我喜欢她们的故事，也很爱她们的音乐,9,神作,2025-8-18 22:55,ssxgsmywife,428735,mygo
不想长篇大论，就是好，人物塑造真的很顶级,9,神作,2025-8-18 22:37,千早爱音,428735,mygo
很喜欢爱音和灯,8,力荐,2025-8-18 21:41,⁺✞ʚマラソン重度依赖ɞ ...,428735,mygo
比木柜子强的多，人物行动逻辑是正常的,7,推荐,2025-8-18 16:38,马赫啡速,428735,mygo
琼瑶剧，剧情挺简单但人物细节很多,8,力荐,2025-8-18 16:05,Sylvaine,428735,mygo
喜欢祥子和灯,8,力荐,2025-8-17 23:34,温柔律法的王,428735,mygo
非常好啊,9,神作,2025-8-17 15:56,dppp232,428735,mygo
一场从所未有的追番体验，也许正如soyo所说一辈子不会忘记CRYCHIC。我大概也一辈子都不会忘记mygo了吧.....,10,超神作,2025-8-17 08:07,番茄农场,428735,mygo
就算不提mujica，整部作品作为戳中了当代特色青年群体痛点的青春伤痛文学还是被简中网给推上了不属于这个作品的高度和热度,6,还行,2025-8-17 04:26,Potatoes_233,428735,mygo
没啥好说的，完美的追番体验,8,力荐,2025-8-17 00:10,seelecell,428735,mygo
大少女乐队时代是神国乐园才会有的吗,7,推荐,2025-8-16 23:58,德文alter祈祷中,428735,mygo
补完，前9集想抽这群无病呻吟的JK，之后观感一路走高，现在能理解为什么AVE MUJIKA的期待值这么高了，偏偏拉了一坨大的。,8,力荐,2025-8-16 22:15,猫愿,428735,mygo
有病就去看医生，心理疾病是由于内、外致病因素作用于人而造成脑功能障碍，从而破坏了人脑功能的完整性和个体与外部环境的统一性所致。精神病的基本症状是精神活动紊乱，导致认识、情感、意志、行为等方面的异常，以致不能维持正常精神生活，甚至作出危害自身和社会集体的行为。,8,力荐,2025-8-16 21:10,闪电泡芙,428735,mygo
为什么要演奏春日影！！！！！此时还没有意识到下一部有多逆天,6,还行,2025-8-16 17:49,ukinami,428735,mygo
四大名著里最拉的，对于我而言，但是依旧是很不错的作品，不过真的有点偏百合了。,7,推荐,2025-8-15 21:59,EdmunDLing,428735,mygo
好奇怪的作品阿，看到很多有趣的二创而来，但是看到的却是在扁平的世界观下，人物虽然都有着坚定的一以贯之的人设，却缺乏应有的人物弧光，人与人之间的关系也是似是而非的，还有奇怪的镜头调度，真的没有人因为镜头不合逻辑的衔接而感到痛苦过吗？音乐的创作过程也缺乏常识，到底是怎样天才的乐队可以早上才作好曲子，晚上就可以直接乐队上台演出了啊？我很难融入到这样的故事里的原因，不仅是以上那些令我费解的矛盾，更多的是创作者这样似卖音乐，卖cp的奇怪剧情引导，时常令我感到我像是在看什么奇怪手游的衍生动画，这样的动画本质不是为了创作故事，而是某种二次元带货，真的太奇怪了这部动画。全员天龙青春疼痛谜语人，组乐队所有的苦难来自于体力太好可以一直奔跑，除了灯没有一个角色塑造得完整。所有角色共享一张脸，生怕我认清楚。一个夹子音已经逆天，两个夹子音纯属挑战我人类极限。,6,还行,2025-8-15 14:01,Mazel Tow,428735,mygo
叠个甲先，问就是我是个愤怒的啥 b，但明日方舟我求你了能不能联动点正常的东西实在没活了可以复刻下彩六联动呢，海猫我恨你但我还是捡起来五倍速看完了，上次看到第三话点抛弃的时候还给了 6 分，看完发现我多年前对 Carole & Tuesday 还是话说的太重了，C&T 写不来科幻剧情又咋的，歌也好听主角人设也讨喜画风也漂亮就这么两个人互相支持着萌萌地搞事业做音乐罢了，我道歉我改分，我再给利兹和青鸟一并道歉了，相比之下就算不说 mygo 这抽象剧情为什么某几部乐队番根本感觉不到发自内心对音乐的喜爱更不存在团魂而是非要纠结某种不存在的缘分，女女关系性这块如果实在不想看 C&T 的话哪怕来追 kpop 呢，这不现成的吗吃点好的吧（挠头）,4,较差,2025-8-15 12:46,驰雨Chiyuru,428735,mygo
mygo从8.3分掉到8.1，与母鸡卡的失败不可分，但是续作真的应该影响前作的评分吗，难道京吹寒蝉都要为他们的续作买单吗，mygo的二创环境与讨论环境是前所未有的高，这无疑是这部作品的成功，互联网大了，梗小鬼是无可避免的，但是真的不想见到在特地来bangumi刷差评的，mygo不是神作，但是他配得上8.0，青春伤痛的扭曲并不是所谓闹麻了的小打小闹，他在我的心里就是10分，羊宫的歌曲也确实唱出了我的心声，希望mygo的分别再降了,10,超神作,2025-8-14 18:48,江云天iyy,428735,mygo
可以说是邦邦的“新一作”略带扭曲的剧情 感情音乐的张力  还有难绷的名场面 造就了邦里独一无二的作品 9集的压抑 一集释放真的爽 灯神nb 那年的盛夏再也不会回来了 我永远不会忘记那个暑假看mygo的时候,8,力荐,2025-8-14 16:46,aqours大船长,428735,mygo
我被第10集折服了,8,力荐,2025-8-14 15:48,YogusMoon1zero96,428735,mygo
剧情很爆。画面略穷。女女关系型这一块,8,力荐,2025-8-14 15:28,绚辻词,428735,mygo
整体看完没啥感觉，一般般。感觉不如母鸡卡。。。好笑,6,还行,2025-8-14 12:01,谷神星,428735,mygo
整体还行，音乐演出也可以，声优配音一般，没有网传那么扭曲，只是大家有点谜语人罢了，在我看来不如病娇、地雷等扭曲，重力也一般。,6,还行,2025-8-14 02:38,ThreeE,428735,mygo
24年暑假前补的，开启了我对木柜子乐队的偏好,8,力荐,2025-8-14 02:04,完全形态,428735,mygo
二创比本篇有意思，但本篇在情节架构与伏笔铺设上确实也有些水平，可惜第二季白瞎了,7,推荐,2025-8-13 18:32,如是先生,428735,mygo
乐队四番中最喜欢的一部,10,超神作,2025-8-13 17:46,aufschalke,428735,mygo
如果鸡没有出生就好了,8,力荐,2025-8-13 17:04,monokuma,428735,mygo
但是鸡狗痴能不能冷静一点,7,推荐,2025-8-13 12:22,无核乞灵,428735,mygo
演出好，剧本中规中矩，抛开续作给个8分,8,力荐,2025-8-13 10:42,YuukiRin,428735,mygo
木柜子闹麻了    虽然没有am闹得那么麻    看在歌好听的份上给你个7   还有就是这3d2d演出能不能不要混着来啊,7,推荐,2025-8-13 00:43,OOzzy,428735,mygo
好看，mujica是什么低脂二创真没听说过,8,力荐,2025-8-12 00:47,Pale_Blue,428735,mygo
前面有些压抑，但第十集开始看的很爽,9,神作,2025-8-11 20:51,蠕动的区,428735,mygo
还在go？,8,力荐,2025-8-11 16:23,pepperony,428735,mygo
我的一辈子的遗憾,10,超神作,2025-8-11 01:30,meimohhh,428735,mygo
二创是看mygo不得不尝的一环,9,神作,2025-8-10 23:04,清帆,428735,mygo
"虽然故事其实有各种bug
但歌是真好听呀！",7,推荐,2025-8-10 21:45,mitsuha,428735,mygo
我看完还是觉得一般，本身不太感兴趣，完全可以猜到剧情发展，网上吹得过猛吧,6,还行,2025-8-10 17:51,Echokodoma,428735,mygo
话题度大于实际质量。二创更比原作优秀。第二季烂,4,较差,2025-8-10 14:48,Emiru177,428735,mygo
人物塑造拉满，每个人个性鲜明，相当优秀的群像描写，可惜立希和猫猫有点略显单薄，续作也没有弥补这点，特别是soyo的塑造，前后剧情联系紧密，节奏紧凑，情绪调动也很好，特别喜欢诗超绊的情感爆发，场外也属于是新时代互联网社区奇迹 2025-6-21 //不少人觉得mygo的场外社区滋生了很多ky小鬼，私以为这反而揭开了展示了婆罗门的双标的恶臭嘴脸。go和东方在场外方面很明显是同一类型的作品，都具有高社区活跃度+meme丰富+二创积极等的特点，这样的社群必然会渗入到各种亚文化圈层，对于前者的情况更多的是当成ky处理，而对于后者却仅仅只诞生了一个“电子越共”的娱乐梗，一方面是互联网社群日益保守化的结果，另一方面则是婆罗门的傲慢，所以如果东方生在当下这个时代，也许会被骂“木柜子妖怪闹麻了，劣质雷霆战机游戏到处探头”，所以我的观点是，这两部作品都不应该被这么指责。,8,力荐,2025-8-10 12:42,Saku木口,428735,mygo
我在没看过任何评价与番剧评论还有不知道热度的情况下看这部番。总体来说，是一部合格的青春友情番，但不算一部合格的音乐番。soyo的声音太夹是真刚开始受不了，爱音的声线感觉就是正常的，soyo的声音尖到受不了，反而到后面突然不夹不适应了。前期剧情确实很迷，无论是c团的解散，还是soyo对c团的执着。前期整部番就对soyo最反感，但到后面在剧情推进后，逐渐就能理解soyo的情感，剧情很好的把soyo圆了回来，对soyo反而喜欢起来了。单从soyo这一个人物的剧情就能看出mygo真的是一部不错的番。如果音乐这个要素能更好点，可能就打9分了。,9,神作,2025-8-10 02:32,小熊之梦,428735,mygo
8.3,8,力荐,2025-8-9 22:48,御影环,428735,mygo
感觉mygo的模型还是不错的，但是有的时候角色确实有点不当人了。mujica出之前一直保持8.3炸了以后前作mygo半年逐渐掉了0.3分还没见过这种事。说回动画本身，观感其实还可以，也确实比较喜欢千早爱音，但是确实唐唐的，而且试图融进别人的圈子，这一点其实跟我还挺相似的，导致刚开始和续章中crychic几个人凑在一起一个人被剥离在外让我确实替她尴尬。mygo其他人soyo太夹，夹就算了，后面的转变又很生硬，不过看到后面倒是能理解一点点soyo的心情。另外灯呆的不像高中生，猫猫过于随性，椎名太压力怪了，不过几个人个性十足又互斥，可以爆的起来。虽然整体还行，但是ep8开始重力场了，气氛凝重又压抑，我是猫我也想跑//爆完之后确实观感好很多，迷星叫的氛围感拉满,7,推荐,2025-8-9 15:40,赤羽十烨,428735,mygo
"喜欢爱音酱！
大家都好奇怪，不明白为什么祥子突然退团；不明白为什么素世这么执着于原来那波人；灯典型低情商，不珍惜眼前人导致爱音走了
结局也是常见大团圆了，真实世界中有这种操作的乐队，估计十个有九个都散了",8,力荐,2025-8-9 14:30,炮術長,428735,mygo
转型的相当不错,7,推荐,2025-8-9 12:24,diharasayuri,428735,mygo
是我喜欢的番剧，直接9分,9,神作,2025-8-8 20:08,BANBEISHUI,428735,mygo
//第三部讓我覺得好看的小朋友玩音樂的片子//最後斷在那我很難受，我現在就要看AVE MUJICA！,7,推荐,2025-8-8 09:27,月見里隆之,428735,mygo
特别的情怀值得这十分。第二部看哭的作品。,10,超神作,2025-8-8 09:26,include_c,428735,mygo
它们喊着“一辈子”“瓦塔西”“哦内盖”“还在go”什么的就冲上来了,1,不忍直视,2025-8-8 02:24,周防乙烯,428735,mygo
不是那种太过日常的乐队番，主要还是看情感纠葛，但这方面又比较浅尝辄止。槽点乐点很多，尤其是我这种先看各种二创的基本时不时就能看到熟悉的爆典很有意思。,7,推荐,2025-8-7 23:50,寸金山,428735,mygo
这能有8分的？,6,还行,2025-8-7 14:59,wx,428735,mygo
不需要mujica完结，ep10用玻璃搭建的舞台本就摇摇欲坠,6,还行,2025-8-7 10:02,inori_lll,428735,mygo
不烂炒永无出头之日，二创满天飞。我怎么会来看这种3d便宜扭曲动画？,7,推荐,2025-8-7 00:42,鼬神的三色丸子,428735,mygo
冷暴力和上压力是人际交往不得不品尝的糟粕,8,力荐,2025-8-6 16:05,陈骨折,428735,mygo
"邦多利乐队成员 各有各角色扮演
只有我定位越发靠近喜剧演员
不掺任何的表演 震撼邦圈一整年
有残念的感觉 为何感觉 谁不曾怀念过从前",8,力荐,2025-8-6 15:52,迪克帕瓦,428735,mygo
"还行，虽然我喜欢看别扭的，但是太别扭了，看完母鸡卡不知道大象老师在别扭什么，被母鸡卡拖累的一生。那确实是saki酱坐下来好好说话，一句话解决的事情，咱圣爱音真的受苦了。偷摸零萌，但上台念诗不太懂，我咋感觉不像是小灯会干的事呢。

但是羊的tft版春日影太好听了感情太足了，必须加分！

长期素食，妈妈！！！",6,还行,2025-8-6 02:37,土矣丶,428735,mygo
哈哈哈，如果你不是深度二次元 建议远离,4,较差,2025-8-6 00:20,此方Haruhi,428735,mygo
现充潮流单品,1,不忍直视,2025-8-5 23:00,虽然IQ只有3,428735,mygo
孝子能不能冷静点,5,不过不失,2025-8-5 17:29,金田正太郎,428735,mygo
对我来说是一部充满回忆的番剧，迷路的孩子终究会找到指明方向的星星。对于人物的刻画堪称“离谱”，但扭曲的重力一定程度带动bangdream整个企划实现复苏，这部番剧的实际意义远远超过了它的预期。,7,推荐,2025-8-5 14:31,Nijiko,428735,mygo
以后再看的人都无法体会的追番讨论环境,7,推荐,2025-8-5 04:19,Asuna,428735,mygo
比较新奇的扭曲向少女乐队作品，剧情够紧凑、信息密度适中、明暗线处理自然，独角兽对女女关系性的强力把握也体现的很好，当然最主要的是歌好听，live情节也够多，看得爽。个人认为是当之无愧的神作。扣一分给十三集。,8,力荐,2025-8-5 02:30,黑土与音,428735,mygo
Mygo！！！！！,0,未评分,2025-8-5 01:39,北风与太阳,428735,mygo
本来抱着看乐子的心态看的，结果意外还不错,8,力荐,2025-8-5 01:35,llcc,428735,mygo
好看，剧情起伏挺大，有点癫。,0,未评分,2025-8-4 23:24,施一吗？,428735,mygo
久仰大名，但一直没看，最近刚好要学电吉他，所以就看了。歌好好听，灯灯好可爱?♡?，不错的体验，就是剧情有些狗血，第十集超神！,8,力荐,2025-8-4 21:41,世纪乐,428735,mygo
补标,8,力荐,2025-8-4 13:34,夜雪,428735,mygo
好期待第二季啊！怎么还不出呀！,9,神作,2025-8-4 02:12,刘廿宗,428735,mygo
该用户长时间未评价，默认好评,7,推荐,2025-8-3 21:08,织田香抱过我,428735,mygo
哈？你怎么还在看评分？快给我再去刷一遍mygo!!!!!( ﾟ∀。),9,神作,2025-8-3 19:32,木漏れ日,428735,mygo
女女关系性描述的很好，也是让我重燃动画热情的一部,8,力荐,2025-8-3 18:46,亜城木梦叶,428735,mygo
高松灯可爱捏,7,推荐,2025-8-3 09:49,Qb12138,428735,mygo
顶级乐队番，剧情过山车但又十分丝滑，压抑到极致瞬间引爆灯神真神了吧，还有anon真可爱吧,10,超神作,2025-8-3 02:42,米米的酷,428735,mygo
比较有压力的乐队番，第一次看感觉不是很习惯。不过后面几集确实优秀，尤其是第十集，能把一个比神圣罗马帝国还要破碎的乐队在一集内重新撮合到一起，编剧的实力可见一斑。人物的形象与动机也有合理之处，能让我感受到每个角色的鲜明特点。所以这和母鸡卡真是同一个团队写的？7.8,8,力荐,2025-8-3 00:41,路人二次元的养成方法,428735,mygo
这部番和它的续作对我都有着非凡的意义，只不过方向恰好相反,9,神作,2025-8-2 22:03,黑羽仙洛,428735,mygo
我们在夏季大三角下，唱着迷途之星的歌。 二周目,8,力荐,2025-8-2 16:22,栗悟飯と熊パンツ,428735,mygo
关系塑造神作，每个伏笔都能巧妙回收(沟槽的Mujica的伏笔不算)，每个人物都有合理动机鲜明性格，好看,9,神作,2025-8-2 14:11,云汐夢,428735,mygo
为什么要。。。。。？,8,力荐,2025-8-1 19:37,游荡的某某某,428735,mygo
一定程度上改变我人生的动画，25年4月份左右偶闻文母鸡卡的惨案而开始补mygo，看完后才真正开始爱上了动画，想要更深入了解动画。在网上搜各种讨论和二创，也成为了我不可忘记的一份回忆。本作讲述了五个不完美的人在一起组乐队的故事，我却无法讨厌她们，反倒为其中人物和剧情产生强烈的共鸣。在当时，她们所有的缺点便是我的缺点，她们所有的困惑便是我的困惑。乐队中期分崩离析，我已经难以想象怎么圆回来了，而灯的行动和说的那句“在迷茫中前进”真心打动了当时处在迷茫期的我，我也感叹于剧情的巧妙。正是看了这部动画，我爱上了动画，爱上了百合，爱上了原创。,9,神作,2025-8-1 19:29,Freezzz,428735,mygo
歌好听，故事艺术性较强，meme无数，值得一看并收藏各张专辑,7,推荐,2025-8-1 19:14,马孔多还在下雨,428735,mygo
不考虑母鸡卡还是不错的，可是我没办法不考虑,7,推荐,2025-8-1 14:47,whale,428735,mygo
让我改变了对3D的刻板印象，看一辈子mygo,10,超神作,2025-7-31 23:46,Rei.,428735,mygo
最好的夏天 最好的乐队,9,神作,2025-7-31 23:21,水母也会发光,428735,mygo
真心觉得一般,6,还行,2025-7-31 15:37,夜夜德奈,428735,mygo
就这一季还是没什么问题的，虽然有不讲清楚故事留给下一季讲，但下一季烂了这一点，但就mygo本身的内容还是可以的。,8,力荐,2025-7-31 11:04,togex2,428735,mygo
太过模板化，被过度吹捧的一部作品。学弟推荐—强打兴趣来看—一个个都是高压锅—首次放弃—来都来了继续看—怎么还在小朋友闹矛盾—二度放弃—想着不能辜负朋友一片好心—继续看到全员发电—三度放弃—看到最后一个已经明知的结局，还得装作很感动的样子可喜可贺可喜可贺。剧情过于公式化，矛盾过于幼稚化，不过音乐还行，所以给个稍高于切入分的结果吧。,5,不过不失,2025-7-31 00:55,逢月,428735,mygo
2025.7.31,7,推荐,2025-7-31 00:44,蛋炒饭拯救世界,428735,mygo
和我组一辈子乐队吧，哦尼该！,8,力荐,2025-7-30 20:50,睡不好,428735,mygo
除去一切二創與樂子 從約定到崩毀的春日影 一氣呵成的詩超絆 一同迷途的迷星叫 以一位旁觀者的身分 我們見證了一場奇蹟 一場就算方向未知也一定不會獨自迷路的旅途,9,神作,2025-7-30 18:28,波奇大,428735,mygo
不认为这是一部过誉的作品,9,神作,2025-7-30 18:01,fantorium,428735,mygo
开启了新时代属于是，挺好的番但真没想到大伙这么狂热,9,神作,2025-7-30 00:15,Raven3199,428735,mygo
该怎么说，个人就是喜欢这种青春期少女们迷茫、彷徨，因缺乏对彼此的了解发生冲突，然后彼此之间通过最真挚的情感传递重新走到一起，向着同一个目标前进的故事。我觉得近年来的一些少女乐队的火起来的重要因素之一就是它们往往对少女之间的情感传递、表达描述做的都很好。,8,力荐,2025-7-29 22:42,万策尽,428735,mygo
"大型前任文学番剧。
我其实对少女乐队并不感冒，无论看哪部的观感都不会说很打动，加上又没有23年史诗级别的全网追mygo的经历，我还是很难打出一个高分的，里面有很多名场面看完感觉也只是图一乐而已",6,还行,2025-7-29 22:20,scholarpei,428735,mygo
最好看的吵架乐队,7,推荐,2025-7-29 21:34,xerud,428735,mygo
来尝尝//不是你俩要干啥？//不是你要干啥？//我和解了//不是怎么连你也？//我和解了//不是我求你说句话//我和解了//我满足了//我真的和解了//！！！！！//部分情节还未和解 8±？,8,力荐,2025-7-29 20:44,栗悟饭与龟波功,428735,mygo
神作！但是没哭少好看（个人觉得）,8,力荐,2025-7-29 20:38,kevinfad,428735,mygo
本来不打算看的，清硬盘资源时发现以前下过，不得不看了再腾出硬盘空间。年初的mujica事件导致被大量剧透，尽量独立出来评判Mygo——即使没有Mujica的炸雷，我也不会喜欢Mygo。从邦邦国服开服开始打，Mygo推出前已经退坑，Mygo继承了邦邦系列感情刻画生硬的毛病，比如立希开口闭口灯不分青红皂白只狂拉偏架，说是卖CP吗难吃到家。人人夸灯的作词，但恕我看不出灯的词哪里神，看灯一个个呼唤回朋友们那回除了尬没有别的想法了，要是我去看演唱会有个人整天朗诵些鸡皮疙瘩的东西，我只会为感觉自己受了诈骗而掉泪。动画尝试触碰一些深刻的情感，但处理问题像萌豚番一样束手束脚，高松灯的定位就可以说明：特立独行的孩子遭80才是常事，为了维持相亲相爱的氛围让她变成受班级疼爱的吉祥物，本人看了只会感到不适而没有怜惜。有些小巧思不错，比如灯的视角叙事。音乐不错。,6,还行,2025-7-29 19:28,龙胆紫,428735,mygo
去追逐梦想吧,7,推荐,2025-7-29 16:19,Senshui,428735,mygo
不看二创，但是作品中某些角色的小心思确实太戳中我了。（主观打分是这样的）,8,力荐,2025-7-29 16:02,没啥本事的新人,428735,mygo
"爆梗确实多
剧情埋雷难细想
别看母鸡卡

也别拿母鸡卡烂衬托mygo好了，我看这mygo也不干净啊，ccc遗留问题一直不解决可不就给母鸡卡埋雷吗。也别说是什么埋伏笔什么草蛇灰线了，我看就是写手笔力不行啊。

又：你番名干脆别叫It's MyGO，叫Crychic得了。第13集纯恶心人来的。

但是好歹还算是一个比较正统的青春校园乐队故事，制作水准也比较高，从这点上来看还是不错的。

又：感情描写还是相当细腻的，虽显得三分造作，但亦有七分真挚。对传统意义上krkrdkdk的少女乐队实现了不小的突破，功大于过。

我大概一辈子也忘不了mygo了……ave mujica也是，两者无论从好的意义上还是坏的意义上，恐怕都很难让人忘怀了……",8,力荐,2025-7-29 10:45,Yaegaki Erika,428735,mygo
人物感情細膩，後段和解雖過快描寫不足、感情轉變稍為突兀，但優秀的音樂演出成功帶動情緒、掩蓋違和感,8,力荐,2025-7-29 05:13,KoriB,428735,mygo
人设特别喜欢 关系性很独特,9,神作,2025-7-28 18:20,群青Kira,428735,mygo
8中 纯粹的搞笑动画，《春日影》的插入仍旧是一座不可逾越的大山,8,力荐,2025-7-28 15:18,Illusky,428735,mygo
"待二刷。
【剧透】EP3小神回，第一人称视角很绝，呼应EP1开头片段，同样的内容，不同视角以及观众深入了解乐队成员后带来的感受完全不同
EP5爱音第一次爆发，前四回铺垫的人物形象，即爱音极力隐瞒的虚荣心在立希一声声质问中终于爆发，灯也做出了改变，不愿再让乐队支离破碎而追上前去，用爱音之前安慰的话作以激励：“为了下次不失败努力不就好了吗”
EP7小神回，live上灯一直唱不出口，直到看到祥子那一瞬间，歌曲来到高潮，灯也能大声唱出，配合歌词完美诉说灯对CRYCHIC以及祥子的内心话，这也对应了前几回素世多次说过的话：“灯，谢谢你说出来，原来你是这样想的啊”
EP10神回，舞台演出3D运镜无敌/灯真的是写词天才吧/不是哥们，也没人告诉我这是催泪番啊，怎么这么好哭哇。",8,力荐,2025-7-27 13:01,・七濑胡桃・,428735,mygo
到底哪里好看了,6,还行,2025-7-27 04:46,McKnab,428735,mygo
6.8,7,推荐,2025-7-26 22:42,墨云moooyun,428735,mygo
动画真的挺好看，就是粉丝不要太魔怔了吧！！,7,推荐,2025-7-26 20:07,吸铁石只睡觉,428735,mygo
蛮不错,7,推荐,2025-7-26 14:28,MM52,428735,mygo
8.0分无敌了,2,很差,2025-7-26 04:37,房石阳明,428735,mygo
看了两遍，不是因为有多好看，而是我在想为什么就是不觉得他好看甚至食之无味，这种少女纠葛重力人设终究对不上我的电波，再加上粉丝神人频出很难让我有好印象,4,较差,2025-7-26 00:42,jduwvd,428735,mygo
"乱打一分的4000+，
煞笔武士道粉丝刷分4000+，
我就不该看这玩意……出不去了",9,神作,2025-7-25 19:16,无糖豌豆,428735,mygo
个人观感不如gbc，但还是7分,7,推荐,2025-7-25 17:20,阳,428735,mygo
"没有浪费任何一个镜头，情感的描写太细腻了、人物的刻画太生动了、剧情的设计太流畅了。如果只是把 mygo 当成讲女孩子之间喜怒哀乐的故事，那我觉得就太浪费了。
mygo 是少有的能把人设、叙事、主题结合得如此紧密的作品。mygo这个双关很好地贯彻了缺陷与前进这两个主题。
以下是题外话，我觉得mygo的确有一些观看条件，比如迷路的时候，我的确也看到了不少人看了mygo才有了前进的动力。不过对现在mygo过于出圈，我是比较欣赏不来的。尤其是有了mujica后，原教旨或许早就已经束之高阁了。",9,神作,2025-7-25 03:12,Air Chika,428735,mygo
少女们的和解,5,不过不失,2025-7-25 00:26,Nedlent,428735,mygo
最喜欢素世妈妈和猫猫乐奈 但目前我无法共情大家的矛盾 接下来要看mujica 如果还是对不上电波的话我要去看解说get一下了 （=´口｀=）,6,还行,2025-7-24 23:55,sb符馨,428735,mygo
补标7.5,7,推荐,2025-7-24 17:33,vesper,428735,mygo
MyGo一开始是畸形的乐队，除了爱音，没一个正常人。灯自闭，还老往自己身上揽问题，就纯内耗，难以交流；素世忘不了库来西哭，立希压力怪，猫猫自由人。这样的乐队从组成到破碎，只需要一场首秀，一首春日影.....//如此才显出ep10的伟大，即便再怎么扭曲，破碎的乐队，失败的友情，都能被真诚的歌声打动。“诗超绊”伟大无需多言。,8,力荐,2025-7-23 20:03,Ruudeusu,428735,mygo
8.0，你在开玩笑吗？,1,不忍直视,2025-7-23 11:38,醉梦昕曦,428735,mygo
作品是挺好的，但部分粉丝也是动漫粉丝里最sb的一群纯纯大sb,8,力荐,2025-7-23 03:26,小墨,428735,mygo
[8.9],9,神作,2025-7-23 02:21,sawaing,428735,mygo
可能是第一个将乐队和重力绑在一起的番吧,8,力荐,2025-7-23 00:45,貓旋風コチ,428735,mygo
好看无需多言,9,神作,2025-7-22 19:24,yunran,428735,mygo
mygo或是才是意外,8,力荐,2025-7-22 16:34,磷灰石,428735,mygo
刚开始觉得高中生闹麻了，看一半才想起自己看这部番的初衷是找乐子（         什么都被解构的当下这部作品的诞生出的梗很多也很好玩  现在的我已经能做到看到祥子那张脸就蚌埠住了,8,力荐,2025-7-22 02:33,False,428735,mygo
我认为还是能有个7分的！,7,推荐,2025-7-22 00:47,二次元叨酱,428735,mygo
为什么要演奏春日影?,9,神作,2025-7-22 00:33,司,428735,mygo
三级定律，等一个机缘巧合捡起来吧（）//穹妹这边玩梗的太多了，来瞧瞧b38,0,未评分,2025-7-21 23:50,ef和辣石请艾特devil233,428735,mygo
第一部乐队番，挺不错的,7,推荐,2025-7-21 14:24,xsyxzdyy,428735,mygo
木柜子始祖巨人,8,力荐,2025-7-21 09:57,Stelle,428735,mygo
amazing!!!!!,8,力荐,2025-7-21 00:16,乱了笔墨,428735,mygo
以为是邦多利巅峰的开始，没想到已经到顶了,10,超神作,2025-7-20 13:40,老贰柒拾,428735,mygo
将少女的心事借助音乐表现非常完整的、难能可贵的少见的乐队番。有着独特的追番体验和社区文化（咕咕嘎嘎）。,9,神作,2025-7-20 10:31,RedKold,428735,mygo
最过誉 不带着先入为主的评价去看的话还是能好好享受的,7,推荐,2025-7-20 05:37,aykne,428735,mygo
相比其他乐队番，mygo最大的特点是很多胃疼的剧情，角色都有着私心和阴暗面，并非传统的伟光正。故事有三个爆发点（组建乐队，练习时吵架，春日影事件），从第一个爆点就开始为最后的爆点铺垫，并安排了很多细节。剧情进展恰到好处，编剧用第10集一集把濒临解散的mygo盘活足见功底（）最后，3D部分真的是意外之喜，看习惯了和2D没区别，演出时环绕全场也比2D更真实，算是锦上添花吧,8,力荐,2025-7-20 05:06,Tengo,428735,mygo
音乐7.5~8.5分，剧情的张力9.5分，情节的理性7.5~8分，角色的塑造9分，制作9分，观看体验9分。其中Livehouse诗朗诵10分，最后的A.M.表演9.5分。我后悔没有一个崭新的大脑。,8,力荐,2025-7-20 00:54,CXLtx,428735,mygo
去年被引流的观众，但是直击好球区,9,神作,2025-7-19 19:58,nsxx,428735,mygo
独角兽把少女乐队又写出花了，校园+乐队这种小舞台还能写这么扭曲也是不容易。人物塑造得有主次，节奏把握得也不错，特别是soyo逐渐铤而走险，直到撕破脸皮这条主线拿得很准。最后每个人重新面对自己的内心，从而破镜重圆的立意也不错。,9,神作,2025-7-19 19:35,鲑鱼洄游,428735,mygo
ave mujica第四集前一天补完的…唉…//十二集之前其实都值原来的分(8.2)，故事大体优秀，音乐对情感的渲染很强烈,8,力荐,2025-7-18 22:22,正在祈祷的脑洞比熊,428735,mygo
需要多周目去get网络解构元素的绝活番，一周目正常体验只会感觉到低气压和无奈，只有结合弹幕重看多周目才会品味到细节，同时也露出越来越放肆的会心一笑hh音乐质量也不错,0,未评分,2025-7-18 11:02,BAlways,428735,mygo
瓦达西!,8,力荐,2025-7-18 10:35,拉罐,428735,mygo
原来少女乐队还能这样拍,7,推荐,2025-7-17 23:39,violetlovever,428735,mygo
三刷又被感动了一遍，私心8.3，加上优质（神人）二创，割去傻逼mujica给满分。,10,超神作,2025-7-17 20:24,ccccc-c,428735,mygo
八分，其中一分是给二创的,8,力荐,2025-7-17 20:13,DawnKnight,428735,mygo
"对上电波后一口气看玩
喜欢千早爱音！！！！！",10,超神作,2025-7-17 16:47,渚岸观铃,428735,mygo
情感细腻,10,超神作,2025-7-17 06:32,chushjdb,428735,mygo
闹麻了一群坚韧,2,很差,2025-7-16 03:10,woniu8844,428735,mygo
这动画我有三不看，低质3D我不看，人设畸形我不看，谜语人我更是不看,0,未评分,2025-7-15 22:17,刘十三,428735,mygo
花より団子、言葉より文字、歌詞とか詩とかなんとか、素直でシンプルで繊細で心からの気持ち、上手く言えなかった言葉、それでも届けたい言葉！//当我知道木柜子这个词的含义是母鬼子的时候，震惊了好久说不出话。这也太过自恨、刻薄，一个词居然能融合了民族主义、渴女厌女、以及对自己爱好的贬损、在主流面前抬不起头的自卑，就像那种不敢与人直视、漏眼白斜着眼看人的做错事小狗，那点心思在人类面前一览无余。,9,神作,2025-7-15 11:21,七波白音,428735,mygo
8.2，仅场内因素。,8,力荐,2025-7-15 06:45,Elaina,428735,mygo
可惜,7,推荐,2025-7-15 03:23,arelitos,428735,mygo
"剧情都已经包寿司了，最后soyo和tomorin又在那边说忘不了ccc真的是把我看笑了。为爱音难受。
除此之外，剧情的推动永远都是谁跑走了，谁又去追了。我就说大伙为什么都对mzk五箱的他逃她追毫无波澜，原来是在这里脱敏了啊，笑了。（不过单看ep3确实是神回）//7.28溜了一堆mygo二创决定给本篇加一分",8,力荐,2025-7-14 18:38,竹田千爱,428735,mygo
言过其实，bgm对百合番的宽容可见一斑,8,力荐,2025-7-14 09:44,狂炫小鱼干,428735,mygo
起初对乐队和女女题材（?）毫无兴趣，前2集差点弃番，直至第三话无敌细腻的内心世界展开+情绪流演出彻底将我吸引，真是无敌好剧本啊。,9,神作,2025-7-14 04:04,shoko_,428735,mygo
"早些日子没看多久时候给的七分，现在细细斟酌觉得是当初二创刷太久了影响潜意识里的观感。于是尝了一口回头肉以后改为六分。
评价：官方原作不及同人。",0,未评分,2025-7-14 00:58,列宁是蘑菇,428735,mygo
相对于前面剧情，感觉最后几集收得水水的，整体还不错，人设很有东西,8,力荐,2025-7-13 18:58,正在缓冲99%,428735,mygo
剧情可以，但到处ky的gop太恶心了,6,还行,2025-7-13 11:19,断音,428735,mygo
"剧情：2.5/3.0
画面分镜：2.0/3.0
声优演技：0.5/2.0
音乐：1.0/1.0
个人喜好：1.0/1.0
综合：7.0/10.0",7,推荐,2025-7-12 14:39,響hibiki,428735,mygo
角色个性鲜明，live演出很成功，剧情也很符合“mygo”的主题，但个人不是很喜欢这种复杂女女关系和压抑的氛围，续作mujica看网上都说很烂就没什么兴趣了。//灯和猫猫很有意思，感觉我对这种内向或真诚纯粹的角色都比较有好感。//神人二创真的贡献巨大（,7,推荐,2025-7-11 18:09,YuChein,428735,mygo
老实说我是从为什么要演奏春日影火了之后才开始补的，前半段一直保持一种看乐子心态，后面才慢慢看进去，作为一部原创番我觉得它是很可以的，七八分都正常，但九十分有点过分了吧（纯个人主观，想骂就骂反正我不看回复）,7,推荐,2025-7-11 17:40,湫一翊,428735,mygo
好看,9,神作,2025-7-11 16:41,是猫猫不是毛毛,428735,mygo
都市言情，但是JK和乐队,9,神作,2025-7-11 11:35,提风丶,428735,mygo
从来没有想过我2023年对原创的需求会在两部3D动画身上得到满足（另一部是不良人六），作为原创动画而言，MyGO对剧情节奏的把控真的无可挑剔。我一向是极其喜欢这类着重刻画角色情感且通过角色的情绪爆发和戏剧冲突来快速推动剧情的作品的。ep3通过灯的视角复盘最初乐队的故事的手法令我眼前一亮，ep7堪称年度扭曲神回，ep10通过歌唱传达心情。夏天的气味，她们共同谱写的故事。,7,推荐,2025-7-10 22:24,伊吹言諾子,428735,mygo
如果是24年的我肯定打8分，认认真真写的剧本就是看着舒服，但是看完母鸡卡是真的反噬到了go，哎，丰川,7,推荐,2025-7-10 20:30,Oldtype,428735,mygo
不如母鸡卡,10,超神作,2025-7-10 18:49,安和昴,428735,mygo
不管现在怎么一地鸡毛，感动过是真的，22年追番每周都很快乐,8,力荐,2025-7-10 17:13,梦二,428735,mygo
神中神中神，开创了少女乐队里没有小时代的缺陷，在大家都在搞乐队演出的时候，更侧重于搞女女关系，也是把mygo组成有血有肉的乐队了，感觉比孤独摇滚强,10,超神作,2025-7-10 10:55,瓶子君304,428735,mygo
中国木柜子乐队文化发展的里程碑,7,推荐,2025-7-10 10:11,不会穿越的拾光机,428735,mygo
一直忘记补评分了,7,推荐,2025-7-9 20:21,野比胖虎,428735,mygo
"还可以，有几集神回。
但总有一种神人扎堆的感觉",7,推荐,2025-7-9 19:33,元吉,428735,mygo
爱,9,神作,2025-7-8 20:58,Nemesis,428735,mygo
很摇滚,8,力荐,2025-7-8 16:53,市川瀬名,428735,mygo
开头套路老，0分。第3集对小灯的内心表现让这个角色一下子鲜活起来 神中神10分。抽象粉丝带来的弹幕氛围和场外活10分。,8,力荐,2025-7-8 10:26,破旧胖次,428735,mygo
重拾bangdream的起因，也为我带来了绝无仅有的追番体验，我不会忘记那个夏天，那个仿佛所有人都在为一个故事胡思乱想的夏天,8,力荐,2025-7-8 00:04,鹿习生,428735,mygo
细节蛮多,9,神作,2025-7-7 23:56,抹布洗,428735,mygo
长崎素世可爱捏,10,超神作,2025-7-7 23:40,长崎素世从不后悔,428735,mygo
值得一看的作品。看女人吵架原来这么有意思吗。,7,推荐,2025-7-7 16:15,Klidopic,428735,mygo
终于开始补番啦！这么一想23年7月的时候自己还推荐周边人追这部番，因为“镜头语言和脚本看起来很有意思”。结果自己因为各样原因“脱坑”了好久，只是在网上刷着各种meme。终于要在25年的7月来赴两年前的约。/ep1：镜头的设计很有意思，感觉是一个乐队解散之后，主角们要怎么“向前看，别回头”的故事，ED的歌词非常喜欢，“我永远是我自己的伙伴”！/ep2/3：台词真真假假，表里不一；镜头和声音、配乐的表达很细腻/ep4：“我们要到90岁才能变成老奶奶哦！”,0,未评分,2025-7-7 14:47,夏洛Punk,428735,mygo
是以先鸡后狗的倒序观看的，狗的观感就是多季番的第一季，为鸡的铺垫疑似有点多了，不过活和名场面还是有很多的。期待续作！,9,神作,2025-7-7 12:44,CatGames-猫游,428735,mygo
主要矛盾全靠谜语（祥子为什么退团），剧情发展逻辑混乱，感性大于理性，突出一个氛围到了就行，角色上一分钟还是巨婴，下一秒就能觉醒，仿佛在看烂俗情感剧（男性角色ts）//甚至完结前半完结还在谜语，剧情展开烂俗,6,还行,2025-7-7 11:26,Yukikaze,428735,mygo
毋庸置疑的喜爱,8,力荐,2025-7-7 10:13,nolefanmazao,428735,mygo
木柜子这一块,6,还行,2025-7-7 03:39,天喵,428735,mygo
主题选的很好，在迷茫中也要前进（霓虹对前进似乎十分关注？）；角色塑造相当到位，开始时我的感觉是爱音的自我或者说自私并不讨喜，灯的异常，有点像nina的偏执，素世的两副面孔，隐藏在表面温柔下的另一面，都可以通过细节展现出来，在全篇看下来后，更是感受到了人物的弧光，爱音从逃避向勇于面对，承担起责任，更加的关注他人而不是自我是最令我印象深刻的；文戏出众，第一集上来就是我非常赞赏的文戏，祥子退出乐队，音乐塑造出的疏离氛围，两两的人物关系都表现得比较明白，只留下为何退出乐队的悬念，非常了不起；动画制作很棒，演唱会场景很有感染力；人物关系处理的也不错，9分，而且我会对9分进行重新评级 缺点集中在最后两集：祥子冷酷的拒绝了素世后重新组了个乐队，还十分抽象的戴上面具，跟整部动画演唱会的真诚的内心呐喊和番的整体风格对不上号啊，海燕上舞台剧了?,9,神作,2025-7-7 01:28,null_ptr,428735,mygo
优秀的单季剧本，完美的讨论环境，仅限那个七月,7,推荐,2025-7-6 23:41,艾斯特,428735,mygo
现在才开始看似乎有点晚了.../前三集看起来很一般啊，看看后面有没有说法/EP1 爱音配音欠火候啊，新人吧/EP3 唉现在看到丰川祥子一次就绷不住一次，没救了,6,还行,2025-7-6 14:55,Vera,428735,mygo
邦多利宇宙的巅峰，邦高祖来了都要致敬，邦太宗乐队[It's MyGO!!!!!],8,力荐,2025-7-6 02:56,GRSEVEN,428735,mygo
绝对真神能不能组一辈子你就说 第二季百番十赏得主之一,10,超神作,2025-7-6 00:25,冷泉铭绪,428735,mygo
二创比正片有趣，看了三集不知道在讲什么,5,不过不失,2025-7-5 22:22,凛,428735,mygo
cjb中的cjb，不会再看少女乐队了?,5,不过不失,2025-7-5 18:28,Ryncc,428735,mygo
不赖，3d看不太习惯，女孩子之间的故事还挺有意思的。,8,力荐,2025-7-5 16:47,是獸,428735,mygo
当乐子看非常有意思，别入脑就行,8,力荐,2025-7-5 16:25,valkiller,428735,mygo
神中神中神,10,超神作,2025-7-5 04:03,高坂穗乃果,428735,mygo
这种狗血桥段大集合的片子真是....,1,不忍直视,2025-7-5 00:03,吃了你哦,428735,mygo
群像叙事视角不错，第十话感情调动也可圈可点，全程叙事流畅水平尚可，尤其是看完mujica显得眉清目秀,8,力荐,2025-7-4 23:52,爱西路,428735,mygo
建立在沙丘之上的人物关系性终究会随风起舞，让观众跟着迷子。,6,还行,2025-7-4 22:28,もんしん萌新,428735,mygo
7.8,8,力荐,2025-7-4 19:16,Rudiuss,428735,mygo
哈哈哈哈哈哈哈哈,9,神作,2025-7-4 15:26,peckoooo,428735,mygo
歌曲没什么记忆点。人物塑造也相对扁平，整体太架空了欣赏不来。第3、10集观感佳,6,还行,2025-7-4 01:52,scwu,428735,mygo
最过誉,6,还行,2025-7-3 19:48,ともふみ,428735,mygo
好看捏,8,力荐,2025-7-3 12:26,Dwxy,428735,mygo
少女乐队的神！圣爱音！,10,超神作,2025-7-3 12:14,Sanda0818,428735,mygo
怎么能这么有梗啊,9,神作,2025-7-2 22:52,nana,428735,mygo
7.9,7,推荐,2025-7-2 20:47,Charles,428735,mygo
剧本和制作也许低于8分，但是追番体验有10分,8,力荐,2025-7-2 20:18,Ewingsal,428735,mygo
不拜金、没男人的小时代,9,神作,2025-7-2 17:27,hchlqlz,428735,mygo
估计挺招恨的，但是确实还不错,7,推荐,2025-7-2 16:33,アクマ,428735,mygo
当这玩意儿能和炫狗孝子大面积重合的时候，他就只能值这个分数了,3,差,2025-7-2 15:46,橙月,428735,mygo
独角兽老师，我的百合豚豚之神,9,神作,2025-7-2 14:01,预定金pu,428735,mygo
立希漂亮漂亮漂亮漂亮,10,超神作,2025-7-2 12:36,Adrre,428735,mygo
cjb神番,4,较差,2025-7-2 12:26,eustiana,428735,mygo
思来想去就是没搞明白这玩意到底比未闻花名强在哪里能在未闻花名被天天喊成cjb的时代这么高分,6,还行,2025-7-2 12:19,绘顺里,428735,mygo
虽然其实是个中规中矩的少女乐队番但是因为歌太难听只能打个5分了，我不是很理解都做乐队番了请个唱得更好一点的cv是一件很困难的事情吗？,5,不过不失,2025-7-1 22:23,我超想吃火锅啊,428735,mygo
很可惜没能追着看，剧情演出都挺好的，正因为关系性等方面表现地好，才带来了空前的讨论热度和二次创作。,9,神作,2025-6-30 17:03,鬼畜眼镜男shiki,428735,mygo
很多人说对诗超绊的态度决定了对这部动画的态度，我本人虽然不是很喜欢这样的情感宣泄和念诗，但不可否认的是动画用这一场演出完成了惊为天人的故事线收束和情节推进，令人回味无穷,8,力荐,2025-6-30 16:08,Omagari_hare,428735,mygo
难忘一夏,10,超神作,2025-6-30 14:19,慘劇の王者,428735,mygo
ep10 改變了我,9,神作,2025-6-30 11:06,向,428735,mygo
不开弹幕就是扭曲番 开了弹幕纯纯搞笑番每集都要被弹幕笑死,9,神作,2025-6-30 01:59,m1317m,428735,mygo
看mygo的这辈子有了,8,力荐,2025-6-29 21:40,rastwar,428735,mygo
留一分给母鸡卡的遗憾,9,神作,2025-6-29 16:05,CYA,428735,mygo
