content,time,mode,color,send_time,cid,episode,episode_title,anime_title,aid,clean_content,segmented
岩柱是唯一清楚队内三对cp的，这里有可能是磕哭了,789.032,5,16777215,2024-06-28 20:16:37,1602741036,1,为了消灭鬼舞辻无惨,鬼灭之刃 柱训练篇,1455924625,cp,cp
义勇说：我就是弟中之弟TT  众人听：我就是帝中之帝！！,1358.383,5,16646914,2024-07-02 12:33:45,1602741036,1,为了消灭鬼舞辻无惨,鬼灭之刃 柱训练篇,1455924625,TT,TT
这里bgm的前奏让我想起了某自由的小曲（,1341.407,5,16777215,2024-07-05 23:11:59,1602741036,1,为了消灭鬼舞辻无惨,鬼灭之刃 柱训练篇,1455924625,bgm,bgm
大筒木桃式（考哥.jpg,1731.213,5,16777215,2024-07-02 21:34:50,1602741036,1,为了消灭鬼舞辻无惨,鬼灭之刃 柱训练篇,1455924625,jpg,jpg
在宿舍被室友吵的我be like：,1817.332,5,16777215,2025-11-15 19:13:59,1602741036,1,为了消灭鬼舞辻无惨,鬼灭之刃 柱训练篇,1455924625,be like,be like
不小心做对压轴题的你VS永远只做压轴题的学霸,1222.868,5,14811775,2025-07-26 15:31:11,1602741036,1,为了消灭鬼舞辻无惨,鬼灭之刃 柱训练篇,1455924625,VS,VS
可爱，想处（bushi）,283.8,1,16777215,2024-06-22 20:27:44,1602741036,1,为了消灭鬼舞辻无惨,鬼灭之刃 柱训练篇,1455924625,bushi,bushi
无限城之战MVP！珠世大人！,2477.163,5,16777215,2024-06-22 22:12:52,1602741036,1,为了消灭鬼舞辻无惨,鬼灭之刃 柱训练篇,1455924625,MVP,MVP
岩柱，我卡BUG了，我27了,1290.192,1,16777215,2024-07-08 20:30:11,1602741036,1,为了消灭鬼舞辻无惨,鬼灭之刃 柱训练篇,1455924625,BUG27,BUG27
王马小吉的cv！！！,1474.448,5,6830715,2024-07-24 21:24:55,1602741036,1,为了消灭鬼舞辻无惨,鬼灭之刃 柱训练篇,1455924625,cv,cv
义忍sl,816.11,1,16777215,2026-04-11 11:49:22,1602741036,1,为了消灭鬼舞辻无惨,鬼灭之刃 柱训练篇,1455924625,sl,sl
霞恋姐弟cb99 !,755.227,5,8700107,2026-04-11 10:30:51,1602741036,1,为了消灭鬼舞辻无惨,鬼灭之刃 柱训练篇,1455924625,cb99,cb99
intj发言,1173.172,1,16777215,2026-03-26 20:33:01,1602741036,1,为了消灭鬼舞辻无惨,鬼灭之刃 柱训练篇,1455924625,intj,intj
到底在义忍99干啥，又没提到cp9什么,1965.412,1,16777215,2026-04-12 19:10:43,1602741036,1,为了消灭鬼舞辻无惨,鬼灭之刃 柱训练篇,1455924625,99cp9,99cp9
so？,2506.666,1,16777215,2026-04-12 18:20:48,1602741036,1,为了消灭鬼舞辻无惨,鬼灭之刃 柱训练篇,1455924625,so,so
jkior---,218.98,1,16777215,2026-04-12 16:12:19,1602741036,1,为了消灭鬼舞辻无惨,鬼灭之刃 柱训练篇,1455924625,jkior,jkior
谁还记得伊之助，我的猪猪呢qwq,1415.165,1,16777215,2026-04-12 14:58:07,1602741036,1,为了消灭鬼舞辻无惨,鬼灭之刃 柱训练篇,1455924625,qwq,qwq
xi96a吓,92.439,1,16777215,2026-04-12 11:02:05,1602741036,1,为了消灭鬼舞辻无惨,鬼灭之刃 柱训练篇,1455924625,xi96a,xi96a
义勇os：“我不配当柱”说出嘴的：“我和你们不一样”,1336.851,1,16777215,2026-04-11 20:32:40,1602741036,1,为了消灭鬼舞辻无惨,鬼灭之刃 柱训练篇,1455924625,os“”“”,os “ ” “ ”
sos,128.082,1,16777215,2026-04-11 19:59:48,1602741036,1,为了消灭鬼舞辻无惨,鬼灭之刃 柱训练篇,1455924625,sos,sos
hhhhh,64.219,1,16777215,2026-04-11 19:28:46,1602741036,1,为了消灭鬼舞辻无惨,鬼灭之刃 柱训练篇,1455924625,hhhhh,hhhhh
ber,1809.767,1,16777215,2026-04-11 15:43:06,1602741036,1,为了消灭鬼舞辻无惨,鬼灭之刃 柱训练篇,1455924625,ber,ber
大哥TAT,2413.658,1,16777215,2026-04-11 12:05:37,1602741036,1,为了消灭鬼舞辻无惨,鬼灭之刃 柱训练篇,1455924625,TAT,TAT
所以是炭治郎先出现斑纹然后共鸣给的无一郎和蜜璃的了？∑(O_O;),987.851,1,16777215,2026-04-10 22:40:24,1602741036,1,为了消灭鬼舞辻无惨,鬼灭之刃 柱训练篇,1455924625,OO,OO
hi,1061.395,1,41194,2026-04-10 21:09:56,1602741036,1,为了消灭鬼舞辻无惨,鬼灭之刃 柱训练篇,1455924625,hi,hi
keai,1892.48,1,16777215,2026-04-08 20:47:45,1602741036,1,为了消灭鬼舞辻无惨,鬼灭之刃 柱训练篇,1455924625,keai,keai
语言指导:hnt kgym,1016.733,5,41194,2026-04-07 19:08:55,1602741036,1,为了消灭鬼舞辻无惨,鬼灭之刃 柱训练篇,1455924625,hnt kgym,hnt kgym
Hello,1726.164,5,16777215,2026-04-06 20:37:00,1602741036,1,为了消灭鬼舞辻无惨,鬼灭之刃 柱训练篇,1455924625,Hello,Hello
尴尬的来说，俺的import,2413.595,1,16777215,2026-04-06 16:23:07,1602741036,1,为了消灭鬼舞辻无惨,鬼灭之刃 柱训练篇,1455924625,import,import
oh,1452.134,5,16777215,2026-04-06 13:35:47,1602741036,1,为了消灭鬼舞辻无惨,鬼灭之刃 柱训练篇,1455924625,oh,oh
VCR,967.682,1,15138834,2026-04-06 11:40:08,1602741036,1,为了消灭鬼舞辻无惨,鬼灭之刃 柱训练篇,1455924625,VCR,VCR
tou,2295.804,1,8700107,2026-04-06 11:19:23,1602741036,1,为了消灭鬼舞辻无惨,鬼灭之刃 柱训练篇,1455924625,tou,tou
"Hello, hello, hello, hello",116.609,1,16777215,2026-04-05 18:34:58,1602741036,1,为了消灭鬼舞辻无惨,鬼灭之刃 柱训练篇,1455924625,Hello hello hello hello,Hello hello hello hello
1w+,1918.419,1,16777215,2026-04-05 17:12:28,1602741036,1,为了消灭鬼舞辻无惨,鬼灭之刃 柱训练篇,1455924625,1w,1w
从来没有一只鬼像这样让我Sam值狂掉。。。,281.7,1,16777215,2026-04-04 20:49:00,1602741036,1,为了消灭鬼舞辻无惨,鬼灭之刃 柱训练篇,1455924625,Sam,Sam
What？这季不是还没大决战吗？难道我记错了？这一个应该是柱训练篇啊,378.499,1,16777215,2026-04-04 19:55:13,1602741036,1,为了消灭鬼舞辻无惨,鬼灭之刃 柱训练篇,1455924625,What,What
Q！（kill）,1560.597,1,16777215,2026-04-04 19:04:26,1602741036,1,为了消灭鬼舞辻无惨,鬼灭之刃 柱训练篇,1455924625,Qkill,Qkill
suga妈妈附身,1540.617,1,16777215,2026-04-04 14:21:27,1602741036,1,为了消灭鬼舞辻无惨,鬼灭之刃 柱训练篇,1455924625,suga,suga
义忍cb,756.874,1,16777215,2026-04-04 13:13:21,1602741036,1,为了消灭鬼舞辻无惨,鬼灭之刃 柱训练篇,1455924625,cb,cb
小忍的B G M！,2746.293,1,6830715,2026-04-03 21:38:14,1602741036,1,为了消灭鬼舞辻无惨,鬼灭之刃 柱训练篇,1455924625,B G M,B G M
QAQ画质感人,36.458,1,16777215,2026-04-03 20:34:43,1602741036,1,为了消灭鬼舞辻无惨,鬼灭之刃 柱训练篇,1455924625,QAQ,QAQ
hhhhhh,633.752,1,16777215,2026-04-03 19:43:28,1602741036,1,为了消灭鬼舞辻无惨,鬼灭之刃 柱训练篇,1455924625,hhhhhh,hhhhhh
大哥TvT,1650.198,1,16777215,2026-04-03 12:46:55,1602741036,1,为了消灭鬼舞辻无惨,鬼灭之刃 柱训练篇,1455924625,TvT,TvT
卡其诺QQ,339.627,1,16777215,2026-04-02 21:15:54,1602741036,1,为了消灭鬼舞辻无惨,鬼灭之刃 柱训练篇,1455924625,QQ,QQ
1 Neo QQ,307.499,1,16777215,2026-04-02 21:15:18,1602741036,1,为了消灭鬼舞辻无惨,鬼灭之刃 柱训练篇,1455924625,1 Neo QQ,1 Neo QQ
In nio QQ,301.398,1,16777215,2026-04-02 21:15:08,1602741036,1,为了消灭鬼舞辻无惨,鬼灭之刃 柱训练篇,1455924625,In nio QQ,In nio QQ
Kat nak aku,220.139,1,16777215,2026-04-02 21:13:43,1602741036,1,为了消灭鬼舞辻无惨,鬼灭之刃 柱训练篇,1455924625,Kat nak aku,Kat nak aku
666这个天元还是个S来的,2127.837,1,16777215,2026-04-01 22:59:05,1602741036,1,为了消灭鬼舞辻无惨,鬼灭之刃 柱训练篇,1455924625,666S,666S
善善和猪猪呢？qwp,539.702,1,16777215,2026-04-01 22:00:37,1602741036,1,为了消灭鬼舞辻无惨,鬼灭之刃 柱训练篇,1455924625,qwp,qwp
Wow 居然退休了,865.868,1,8700107,2026-04-01 21:08:46,1602741036,1,为了消灭鬼舞辻无惨,鬼灭之刃 柱训练篇,1455924625,Wow,Wow
无惨： Ok呀。也是知道客服阳光的，贵了ok直接派人抢好吧,517.836,1,16777215,2026-04-01 20:22:48,1602741036,1,为了消灭鬼舞辻无惨,鬼灭之刃 柱训练篇,1455924625,Okok,Okok
义勇：我和你们不一样，我是gay,1380.783,1,16707842,2026-04-01 18:36:15,1602741036,1,为了消灭鬼舞辻无惨,鬼灭之刃 柱训练篇,1455924625,gay,gay
弹幕上的CP88哈,1975.806,1,16777215,2026-03-31 21:52:18,1602741036,1,为了消灭鬼舞辻无惨,鬼灭之刃 柱训练篇,1455924625,CP88,CP88
岩柱+音柱BGM,2778.911,5,16707842,2026-03-31 19:20:59,1602741036,1,为了消灭鬼舞辻无惨,鬼灭之刃 柱训练篇,1455924625,BGM,BGM
Yay!!!,1959.428,1,16777215,2026-03-30 22:17:08,1602741036,1,为了消灭鬼舞辻无惨,鬼灭之刃 柱训练篇,1455924625,Yay,Yay
Sanami ,740.697,1,16777215,2026-03-30 21:05:46,1602741036,1,为了消灭鬼舞辻无惨,鬼灭之刃 柱训练篇,1455924625,Sanami,Sanami
Dana I,729.757,1,16777215,2026-03-30 21:02:48,1602741036,1,为了消灭鬼舞辻无惨,鬼灭之刃 柱训练篇,1455924625,Dana I,Dana I
oi,320.594,1,16777215,2026-03-29 22:40:57,1602741036,1,为了消灭鬼舞辻无惨,鬼灭之刃 柱训练篇,1455924625,oi,oi
"hello,hello,各位又见面了 我是你们的老朋友柠栀",12.86,1,16777215,2026-03-29 14:10:52,1602741036,1,为了消灭鬼舞辻无惨,鬼灭之刃 柱训练篇,1455924625,hellohello,hellohello
恶鬼传说。退赛。是不是没有回来到啊到时候再给你留着啊。Sun.,492.235,1,16777215,2026-03-28 14:21:30,1602741036,1,为了消灭鬼舞辻无惨,鬼灭之刃 柱训练篇,1455924625,Sun,Sun
不信谣，不传谣，不要万物皆可兄长。Rip我是number one。,1290.416,1,16777215,2026-03-27 22:31:40,1602741036,1,为了消灭鬼舞辻无惨,鬼灭之刃 柱训练篇,1455924625,Ripnumber one,Ripnumber one
boss直聘,2609.018,1,16777215,2026-03-26 21:19:50,1602741036,1,为了消灭鬼舞辻无惨,鬼灭之刃 柱训练篇,1455924625,boss,boss
dokidoki,307.568,1,16777215,2026-03-26 19:44:59,1602741036,1,为了消灭鬼舞辻无惨,鬼灭之刃 柱训练篇,1455924625,dokidoki,dokidoki
我去竟然是mfs爷青回,2647.235,1,16777215,2026-03-25 01:08:37,1602741036,1,为了消灭鬼舞辻无惨,鬼灭之刃 柱训练篇,1455924625,mfs,mfs
Hi,1864.944,1,16777215,2026-03-23 18:58:57,1602741036,1,为了消灭鬼舞辻无惨,鬼灭之刃 柱训练篇,1455924625,Hi,Hi
boku！,1142.132,1,16777215,2026-03-22 18:40:24,1602741036,1,为了消灭鬼舞辻无惨,鬼灭之刃 柱训练篇,1455924625,boku,boku
______x鱼x______,825.524,1,15138834,2026-03-21 22:08:37,1602741036,1,为了消灭鬼舞辻无惨,鬼灭之刃 柱训练篇,1455924625,xx,xx
ovo,90.139,1,16777215,2026-03-21 18:50:24,1602741036,1,为了消灭鬼舞辻无惨,鬼灭之刃 柱训练篇,1455924625,ovo,ovo
照顾小姑子ing......,568.98,1,16777215,2026-03-21 13:07:36,1602741036,1,为了消灭鬼舞辻无惨,鬼灭之刃 柱训练篇,1455924625,ing,ing
小忍的眼睛奇怪的像Ai,801.959,1,16777215,2026-03-20 21:38:52,1602741036,1,为了消灭鬼舞辻无惨,鬼灭之刃 柱训练篇,1455924625,Ai,Ai
此时的义勇终于意识到问题的严重性（Doge）,674.953,5,8700107,2024-07-11 11:41:34,1602741611,2,水柱·富冈义勇的痛楚,鬼灭之刃 柱训练篇,1005750540,Doge,Doge
你俩去开eva吧。,1180.78,5,11890,2024-07-12 18:53:49,1602741611,2,水柱·富冈义勇的痛楚,鬼灭之刃 柱训练篇,1005750540,eva,eva
锖兔TU,747.16,1,16777215,2024-07-04 15:43:42,1602741611,2,水柱·富冈义勇的痛楚,鬼灭之刃 柱训练篇,1005750540,TU,TU
E人入侵I人空间,656.7,1,16777215,2024-06-30 21:09:59,1602741611,2,水柱·富冈义勇的痛楚,鬼灭之刃 柱训练篇,1005750540,EI,EI
义勇∶一次外向换来终身内向。。（bs）,689.852,5,41194,2024-08-22 18:56:09,1602741611,2,水柱·富冈义勇的痛楚,鬼灭之刃 柱训练篇,1005750540,bs,bs
令人心动的offer,117.435,5,15772458,2024-08-17 18:13:47,1602741611,2,水柱·富冈义勇的痛楚,鬼灭之刃 柱训练篇,1005750540,offer,offer
义勇眼里活下来的锖兔：单手杀上二三，嘴里还能叼个上一，扔出去还能给无惨砸si,789.955,1,16777215,2026-01-20 20:18:17,1602741611,2,水柱·富冈义勇的痛楚,鬼灭之刃 柱训练篇,1005750540,si,si
义勇：AT立场全开,630.624,5,4351678,2024-07-08 16:34:03,1602741611,2,水柱·富冈义勇的痛楚,鬼灭之刃 柱训练篇,1005750540,AT,AT
这里的bgm是对战童磨时bgm的变奏,1279.716,5,16707842,2025-08-22 00:57:23,1602741611,2,水柱·富冈义勇的痛楚,鬼灭之刃 柱训练篇,1005750540,bgmbgm,bgmbgm
那么就当汨柱吧(mi),556.644,5,16777215,2024-08-01 20:18:33,1602741611,2,水柱·富冈义勇的痛楚,鬼灭之刃 柱训练篇,1005750540,mi,mi
被逆天Ne震惊到了,1177.368,5,16707842,2024-07-04 22:04:19,1602741611,2,水柱·富冈义勇的痛楚,鬼灭之刃 柱训练篇,1005750540,Ne,Ne
炭治郎你是enfp吗。。,597.282,5,38979,2024-07-24 20:09:48,1602741611,2,水柱·富冈义勇的痛楚,鬼灭之刃 柱训练篇,1005750540,enfp,enfp
提cp88,754.119,1,16777215,2026-02-24 14:46:56,1602741611,2,水柱·富冈义勇的痛楚,鬼灭之刃 柱训练篇,1005750540,cp88,cp88
q 桑心想：我不配为柱  q 桑说的：我们不一样  柱们听到的：你们不配与我为伍,858.029,1,16777215,2026-02-23 18:37:33,1602741611,2,水柱·富冈义勇的痛楚,鬼灭之刃 柱训练篇,1005750540,q   q,q q
应该是这届有个bug 村田,830.053,1,16777215,2026-02-23 18:48:18,1602741611,2,水柱·富冈义勇的痛楚,鬼灭之刃 柱训练篇,1005750540,bug,bug
i人与e人的区别,653.669,1,16777215,2026-02-20 13:31:35,1602741611,2,水柱·富冈义勇的痛楚,鬼灭之刃 柱训练篇,1005750540,ie,ie
义忍99（cd）,1282.845,1,16777215,2026-02-28 18:58:18,1602741611,2,水柱·富冈义勇的痛楚,鬼灭之刃 柱训练篇,1005750540,99cd,99cd
你不是来劝他的吗？你自己怎么emo了？,940.792,1,16777215,2026-02-24 16:19:57,1602741611,2,水柱·富冈义勇的痛楚,鬼灭之刃 柱训练篇,1005750540,emo,emo
义勇and炭治郎；五蚂蚁,1180.881,5,16777215,2026-04-12 10:22:14,1602741611,2,水柱·富冈义勇的痛楚,鬼灭之刃 柱训练篇,1005750540,and,and
cb999,527.256,1,16777215,2026-03-28 12:27:58,1602741611,2,水柱·富冈义勇的痛楚,鬼灭之刃 柱训练篇,1005750540,cb999,cb999
义忍cp88cb99,1189.004,1,16777215,2026-03-22 19:00:21,1602741611,2,水柱·富冈义勇的痛楚,鬼灭之刃 柱训练篇,1005750540,cp88cb99,cp88cb99
锖义88cb99,704.914,5,16707842,2026-03-12 23:27:26,1602741611,2,水柱·富冈义勇的痛楚,鬼灭之刃 柱训练篇,1005750540,88cb99,88cb99
cp88 正剧提cp全88,519.567,1,16777215,2026-03-10 18:01:56,1602741611,2,水柱·富冈义勇的痛楚,鬼灭之刃 柱训练篇,1005750540,cp88 cp88,cp88 cp88
i人碰到e人be like：,623.572,5,41194,2026-03-03 12:25:14,1602741611,2,水柱·富冈义勇的痛楚,鬼灭之刃 柱训练篇,1005750540,iebe like,iebe like
锖义88，提cp的都88,1189.691,1,16777215,2026-03-01 20:57:00,1602741611,2,水柱·富冈义勇的痛楚,鬼灭之刃 柱训练篇,1005750540,88cp88,88cp88
没有CP向锖义88Cb 99,727.695,1,16777215,2026-03-01 18:09:51,1602741611,2,水柱·富冈义勇的痛楚,鬼灭之刃 柱训练篇,1005750540,CP88Cb 99,CP88Cb 99
cd99,537.042,1,16777215,2026-02-28 18:06:28,1602741611,2,水柱·富冈义勇的痛楚,鬼灭之刃 柱训练篇,1005750540,cd99,cd99
官方没有CP向  88,515.712,1,41194,2026-02-27 00:00:02,1602741611,2,水柱·富冈义勇的痛楚,鬼灭之刃 柱训练篇,1005750540,CP  88,CP 88
CP 88,516.602,1,41194,2026-02-26 23:58:08,1602741611,2,水柱·富冈义勇的痛楚,鬼灭之刃 柱训练篇,1005750540,CP 88,CP 88
又开始贴脸了，CP 88 cb 99,516.602,1,41194,2026-02-26 23:57:40,1602741611,2,水柱·富冈义勇的痛楚,鬼灭之刃 柱训练篇,1005750540,CP 88 cb 99,CP 88 cb 99
易探88 cb 99,511.022,1,41194,2026-02-26 23:56:10,1602741611,2,水柱·富冈义勇的痛楚,鬼灭之刃 柱训练篇,1005750540,88 cb 99,88 cb 99
锖义88官方认证cb你们磕你老木呢,814.907,1,16777215,2026-02-26 17:55:46,1602741611,2,水柱·富冈义勇的痛楚,鬼灭之刃 柱训练篇,1005750540,88cb,88cb
cd99 cp88,520.825,1,16777215,2026-02-26 16:23:24,1602741611,2,水柱·富冈义勇的痛楚,鬼灭之刃 柱训练篇,1005750540,cd99 cp88,cd99 cp88
正片公屏磕CP的肆了,1062.399,1,16777215,2026-02-22 14:04:16,1602741611,2,水柱·富冈义勇的痛楚,鬼灭之刃 柱训练篇,1005750540,CP,CP
俺没偷MAX～,3.0,1,16777215,2026-02-20 19:58:37,1602741611,2,水柱·富冈义勇的痛楚,鬼灭之刃 柱训练篇,1005750540,MAX,MAX
COS锖兔,424.283,1,16777215,2026-02-19 21:25:15,1602741611,2,水柱·富冈义勇的痛楚,鬼灭之刃 柱训练篇,1005750540,COS,COS
T. T,1063.596,1,16777215,2026-04-13 17:43:02,1602741611,2,水柱·富冈义勇的痛楚,鬼灭之刃 柱训练篇,1005750540,T T,T T
在弹幕提cp的全be,714.684,1,16777215,2026-04-12 20:23:32,1602741611,2,水柱·富冈义勇的痛楚,鬼灭之刃 柱训练篇,1005750540,cpbe,cpbe
义勇说他不是水柱，那他就是海柱的喽O_o,592.914,1,16777215,2026-04-12 20:02:36,1602741611,2,水柱·富冈义勇的痛楚,鬼灭之刃 柱训练篇,1005750540,Oo,Oo
I人和E人相处中,641.141,1,16777215,2026-04-11 15:58:01,1602741611,2,水柱·富冈义勇的痛楚,鬼灭之刃 柱训练篇,1005750540,IE,IE
0人提到了cp弹幕在88啥乐不乐,1215.183,1,16777215,2026-04-11 13:49:30,1602741611,2,水柱·富冈义勇的痛楚,鬼灭之刃 柱训练篇,1005750540,0cp88,0cp88
没有义忍的事  Cb向,1208.065,1,16777215,2026-04-11 11:41:07,1602741611,2,水柱·富冈义勇的痛楚,鬼灭之刃 柱训练篇,1005750540,Cb,Cb
ki勇桑,663.869,5,16777215,2026-04-11 10:54:31,1602741611,2,水柱·富冈义勇的痛楚,鬼灭之刃 柱训练篇,1005750540,ki,ki
cp88 cb99,522.09,1,16777215,2026-04-08 18:42:52,1602741611,2,水柱·富冈义勇的痛楚,鬼灭之刃 柱训练篇,1005750540,cp88 cb99,cp88 cb99
cp88cd99,523.945,1,16777215,2026-04-06 21:04:31,1602741611,2,水柱·富冈义勇的痛楚,鬼灭之刃 柱训练篇,1005750540,cp88cd99,cp88cd99
锖 qiang,736.939,1,16777215,2026-04-06 13:17:42,1602741611,2,水柱·富冈义勇的痛楚,鬼灭之刃 柱训练篇,1005750540,qiang,qiang
Cos锖兔在义勇房间里待一晚上，啥都解决了。,429.097,1,16777215,2026-04-06 11:22:06,1602741611,2,水柱·富冈义勇的痛楚,鬼灭之刃 柱训练篇,1005750540,Cos,Cos
踏入肉哟i不谋面玉米片v预计热拍吧要他提感觉玩儿出么飞机,302.78,1,16777215,2026-04-06 09:15:47,1602741611,2,水柱·富冈义勇的痛楚,鬼灭之刃 柱训练篇,1005750540,iv,iv
锖义99  其它cp都死了,925.823,5,15138834,2026-04-04 10:19:13,1602741611,2,水柱·富冈义勇的痛楚,鬼灭之刃 柱训练篇,1005750540,99  cp,99 cp
锖义99锖义99其它Cp都死了哦,905.429,5,15138834,2026-04-04 10:18:09,1602741611,2,水柱·富冈义勇的痛楚,鬼灭之刃 柱训练篇,1005750540,9999Cp,9999Cp
l人和E人的相处,545.353,1,15138834,2026-04-01 20:17:26,1602741611,2,水柱·富冈义勇的痛楚,鬼灭之刃 柱训练篇,1005750540,lE,lE
qycb99,1146.304,1,16646914,2026-03-30 21:30:57,1602741611,2,水柱·富冈义勇的痛楚,鬼灭之刃 柱训练篇,1005750540,qycb99,qycb99
qy88,1117.786,1,16646914,2026-03-30 21:30:29,1602741611,2,水柱·富冈义勇的痛楚,鬼灭之刃 柱训练篇,1005750540,qy88,qy88
DIY.,1113.232,1,16777215,2026-03-27 23:00:16,1602741611,2,水柱·富冈义勇的痛楚,鬼灭之刃 柱训练篇,1005750540,DIY,DIY
hr话术（,117.97,1,16777215,2026-03-26 21:23:00,1602741611,2,水柱·富冈义勇的痛楚,鬼灭之刃 柱训练篇,1005750540,hr,hr
勇以！:Me是海柱,569.974,1,16777215,2026-03-24 19:17:53,1602741611,2,水柱·富冈义勇的痛楚,鬼灭之刃 柱训练篇,1005750540,Me,Me
要看的话就好好看，不要提什么cp。再提的话，你加cp88！,1256.196,1,15138834,2026-03-23 14:15:08,1602741611,2,水柱·富冈义勇的痛楚,鬼灭之刃 柱训练篇,1005750540,cpcp88,cpcp88
Bhbhubhn,645.337,1,16777215,2026-03-20 21:07:00,1602741611,2,水柱·富冈义勇的痛楚,鬼灭之刃 柱训练篇,1005750540,Bhbhubhn,Bhbhubhn
ohoh,56.179,1,16777215,2026-03-15 19:37:13,1602741611,2,水柱·富冈义勇的痛楚,鬼灭之刃 柱训练篇,1005750540,ohoh,ohoh
4k爽飞了,790.801,1,16777215,2026-03-15 18:35:33,1602741611,2,水柱·富冈义勇的痛楚,鬼灭之刃 柱训练篇,1005750540,4k,4k
QI桑萌,521.673,1,16777215,2026-03-15 10:18:42,1602741611,2,水柱·富冈义勇的痛楚,鬼灭之刃 柱训练篇,1005750540,QI,QI
虽然但是小葵的这一身OLAy真的很萌啊!,355.949,1,8700107,2026-03-15 00:34:30,1602741611,2,水柱·富冈义勇的痛楚,鬼灭之刃 柱训练篇,1005750540,OLAy,OLAy
谁磕义忍谁是Gay,1213.264,1,16777215,2026-03-13 18:30:10,1602741611,2,水柱·富冈义勇的痛楚,鬼灭之刃 柱训练篇,1005750540,Gay,Gay
man,296.339,1,16777215,2026-03-12 23:22:51,1602741611,2,水柱·富冈义勇的痛楚,鬼灭之刃 柱训练篇,1005750540,man,man
？义炭88 cb向99,1196.569,1,16777215,2026-03-12 22:53:03,1602741611,2,水柱·富冈义勇的痛楚,鬼灭之刃 柱训练篇,1005750540,88 cb99,88 cb99
nv ,613.0,1,16777215,2026-03-11 04:15:19,1602741611,2,水柱·富冈义勇的痛楚,鬼灭之刃 柱训练篇,1005750540,nv,nv
锖义cb99 cp88,735.28,1,16777215,2026-03-09 01:21:11,1602741611,2,水柱·富冈义勇的痛楚,鬼灭之刃 柱训练篇,1005750540,cb99 cp88,cb99 cp88
当你的同学是卷王时belike,211.984,5,16777215,2024-07-06 20:02:18,1604757731,3,炭治郎痊愈!!柱训练大参加,鬼灭之刃 柱训练篇,1156185329,belike,belike
不是这都俩赛季了才有MVP结算吗（doge,849.262,5,16777215,2024-07-06 22:38:41,1604757731,3,炭治郎痊愈!!柱训练大参加,鬼灭之刃 柱训练篇,1156185329,MVPdoge,MVPdoge
此乃flag。。。,658.321,1,16777215,2024-07-06 20:25:17,1604757731,3,炭治郎痊愈!!柱训练大参加,鬼灭之刃 柱训练篇,1156185329,flag,flag
MC玩家：挖矿洞发现没火把时的现状,922.813,5,16777215,2024-07-07 18:17:19,1604757731,3,炭治郎痊愈!!柱训练大参加,鬼灭之刃 柱训练篇,1156185329,MC,MC
oi~oi~,1134.779,1,16777215,2024-07-14 13:47:22,1604757731,3,炭治郎痊愈!!柱训练大参加,鬼灭之刃 柱训练篇,1156185329,oioi,oioi
所以说：一个全盛时期的音柱，加上朱世小姐的药可以秒掉一个无惨（doge）（bushi）,1052.771,1,15138834,2024-07-06 22:02:14,1604757731,3,炭治郎痊愈!!柱训练大参加,鬼灭之刃 柱训练篇,1156185329,dogebushi,dogebushi
bilibili制衣厂,231.097,5,15138834,2024-07-06 20:30:50,1604757731,3,炭治郎痊愈!!柱训练大参加,鬼灭之刃 柱训练篇,1156185329,bilibili,bilibili
all炭治郎《重生之我在柱训练里带动所有玩家》,1185.318,5,14811775,2026-01-14 15:29:19,1604757731,3,炭治郎痊愈!!柱训练大参加,鬼灭之刃 柱训练篇,1156185329,all,all
无惨不能在ed里摘一朵蓝色彼岸花吗（,1384.364,5,41194,2026-02-15 17:46:58,1604757731,3,炭治郎痊愈!!柱训练大参加,鬼灭之刃 柱训练篇,1156185329,ed,ed
炭治郎cos柱呢,58.426,5,16777215,2026-02-16 18:40:02,1604757731,3,炭治郎痊愈!!柱训练大参加,鬼灭之刃 柱训练篇,1156185329,cos,cos
老师对待坏学生vs好学生,170.598,1,16777215,2026-02-26 13:41:13,1604757731,3,炭治郎痊愈!!柱训练大参加,鬼灭之刃 柱训练篇,1156185329,vs,vs
义忍99无cp向,120.306,1,16777215,2026-03-29 14:08:37,1604757731,3,炭治郎痊愈!!柱训练大参加,鬼灭之刃 柱训练篇,1156185329,99cp,99cp
炭治郎我笑纳了，灶门家的长男我笑纳了，会使用火之神神乐和水之呼吸以及霹雳一闪的鬼杀队队员我笑纳了，祢豆子，竹雄，花子，茂和六太的哥哥我笑纳了，鬼灭之刃的主角我笑纳了，身高165cm的我笑纳了，穿着黑绿,878.289,1,16777215,2026-03-01 13:49:34,1604757731,3,炭治郎痊愈!!柱训练大参加,鬼灭之刃 柱训练篇,1156185329,165cm,165cm
购买顾客v哦v快哦放假哦的kik给哦扩大反扒尴尬吗,766.732,1,16777215,2026-02-25 17:16:06,1604757731,3,炭治郎痊愈!!柱训练大参加,鬼灭之刃 柱训练篇,1156185329,vvkik,vvkik
u规划部v技能技能巨款v看i就很急很那,745.555,1,16777215,2026-02-25 17:15:32,1604757731,3,炭治郎痊愈!!柱训练大参加,鬼灭之刃 柱训练篇,1156185329,uvvi,uvvi
Flag已立,330.185,1,15138834,2026-02-20 21:49:20,1604757731,3,炭治郎痊愈!!柱训练大参加,鬼灭之刃 柱训练篇,1156185329,Flag,Flag
小芭内是istj吧,773.035,1,16777215,2026-02-15 18:45:16,1604757731,3,炭治郎痊愈!!柱训练大参加,鬼灭之刃 柱训练篇,1156185329,istj,istj
n魚鱼其实对炭炭很，所以义炭99,610.934,1,16777215,2026-02-14 10:08:44,1604757731,3,炭治郎痊愈!!柱训练大参加,鬼灭之刃 柱训练篇,1156185329,n99,n99
tiktok,1277.173,5,41194,2026-02-11 13:51:29,1604757731,3,炭治郎痊愈!!柱训练大参加,鬼灭之刃 柱训练篇,1156185329,tiktok,tiktok
让炭几喽cosplay缘一全剧终,775.44,1,16777215,2026-02-10 15:30:31,1604757731,3,炭治郎痊愈!!柱训练大参加,鬼灭之刃 柱训练篇,1156185329,cosplay,cosplay
老师眼中的好学生be  like,465.952,1,16777215,2026-04-12 12:01:14,1604757731,3,炭治郎痊愈!!柱训练大参加,鬼灭之刃 柱训练篇,1156185329,be  like,be like
99（CP向致歉）,671.731,1,16777215,2026-04-11 20:37:40,1604757731,3,炭治郎痊愈!!柱训练大参加,鬼灭之刃 柱训练篇,1156185329,99CP,99CP
Good,1160.11,1,16777215,2026-04-11 08:26:28,1604757731,3,炭治郎痊愈!!柱训练大参加,鬼灭之刃 柱训练篇,1156185329,Good,Good
T7大人加入了直播间,921.462,1,16777215,2026-04-07 23:07:34,1604757731,3,炭治郎痊愈!!柱训练大参加,鬼灭之刃 柱训练篇,1156185329,T7,T7
y-y,974.605,1,16777215,2026-04-05 14:06:02,1604757731,3,炭治郎痊愈!!柱训练大参加,鬼灭之刃 柱训练篇,1156185329,yy,yy
No一一一一一一一一一一一一,1303.523,1,15138835,2026-04-04 19:58:33,1604757731,3,炭治郎痊愈!!柱训练大参加,鬼灭之刃 柱训练篇,1156185329,No,No
AAA,768.999,1,16777215,2026-04-02 21:44:35,1604757731,3,炭治郎痊愈!!柱训练大参加,鬼灭之刃 柱训练篇,1156185329,AAA,AAA
oo。。,936.976,1,16777215,2026-03-30 20:43:45,1604757731,3,炭治郎痊愈!!柱训练大参加,鬼灭之刃 柱训练篇,1156185329,oo,oo
对不起  我感觉好像蟑螂QwQ,148.623,1,16777215,2026-03-28 21:07:52,1604757731,3,炭治郎痊愈!!柱训练大参加,鬼灭之刃 柱训练篇,1156185329,QwQ,QwQ
dokitoki！,1279.728,5,16777215,2026-03-20 19:42:19,1604757731,3,炭治郎痊愈!!柱训练大参加,鬼灭之刃 柱训练篇,1156185329,dokitoki,dokitoki
oi oi～,1133.477,1,16777215,2026-03-17 18:22:38,1604757731,3,炭治郎痊愈!!柱训练大参加,鬼灭之刃 柱训练篇,1156185329,oi oi,oi oi
"Oh,",28.965,1,16777215,2026-03-15 13:46:22,1604757731,3,炭治郎痊愈!!柱训练大参加,鬼灭之刃 柱训练篇,1156185329,Oh,Oh
out,975.005,1,16777215,2026-03-12 18:47:48,1604757731,3,炭治郎痊愈!!柱训练大参加,鬼灭之刃 柱训练篇,1156185329,out,out
Man,133.243,1,16777215,2026-03-09 23:25:57,1604757731,3,炭治郎痊愈!!柱训练大参加,鬼灭之刃 柱训练篇,1156185329,Man,Man
0o,941.544,1,15138834,2026-03-08 14:58:19,1604757731,3,炭治郎痊愈!!柱训练大参加,鬼灭之刃 柱训练篇,1156185329,0o,0o
Y＿Y,942.28,1,15138834,2026-03-08 12:39:10,1604757731,3,炭治郎痊愈!!柱训练大参加,鬼灭之刃 柱训练篇,1156185329,YY,YY
en,1206.018,1,16777215,2026-03-07 11:45:28,1604757731,3,炭治郎痊愈!!柱训练大参加,鬼灭之刃 柱训练篇,1156185329,en,en
oioioi 华丽丽,1131.796,1,16777215,2026-03-06 22:55:03,1604757731,3,炭治郎痊愈!!柱训练大参加,鬼灭之刃 柱训练篇,1156185329,oioioi,oioioi
npc：诗人？,210.005,1,16777215,2026-03-01 19:22:45,1604757731,3,炭治郎痊愈!!柱训练大参加,鬼灭之刃 柱训练篇,1156185329,npc,npc
Oi！,1134.512,1,16777215,2026-03-01 15:51:04,1604757731,3,炭治郎痊愈!!柱训练大参加,鬼灭之刃 柱训练篇,1156185329,Oi,Oi
0w0,1165.726,1,16777215,2026-03-01 11:33:35,1604757731,3,炭治郎痊愈!!柱训练大参加,鬼灭之刃 柱训练篇,1156185329,0w0,0w0
森oy？（欧外）,282.347,1,16777215,2026-02-28 19:07:08,1604757731,3,炭治郎痊愈!!柱训练大参加,鬼灭之刃 柱训练篇,1156185329,oy,oy
详略得当（do ge,832.156,5,16707842,2024-07-13 20:18:19,1610537595,4,能够露出笑容,鬼灭之刃 柱训练篇,1506214074,do ge,do ge
叮，您的常驻NPC 已到达,296.926,1,16777215,2024-07-13 20:16:35,1610537595,4,能够露出笑容,鬼灭之刃 柱训练篇,1506214074,NPC,NPC
西提girl,1381.773,5,14811775,2024-07-13 20:09:27,1610537595,4,能够露出笑容,鬼灭之刃 柱训练篇,1506214074,girl,girl
gia！,694.022,5,16646914,2024-07-21 00:00:54,1610537595,4,能够露出笑容,鬼灭之刃 柱训练篇,1506214074,gia,gia
锋利度测试～(Ray音）,290.127,1,16777215,2025-02-09 19:55:58,1610537595,4,能够露出笑容,鬼灭之刃 柱训练篇,1506214074,Ray,Ray
蛇柱:碳子，碳子，我要diss你！,1380.576,5,15138834,2024-07-14 21:21:52,1610537595,4,能够露出笑容,鬼灭之刃 柱训练篇,1506214074,diss,diss
大开杀戒辣！（bu shi,725.571,5,16707842,2024-07-13 20:15:58,1610537595,4,能够露出笑容,鬼灭之刃 柱训练篇,1506214074,bu shi,bu shi
我做语文阅读理解时Be like：,666.48,5,8700107,2026-01-31 17:47:38,1610537595,4,能够露出笑容,鬼灭之刃 柱训练篇,1506214074,Be like,Be like
Aaa 纸飞机批发商,947.351,1,16777215,2026-02-22 16:11:13,1610537595,4,能够露出笑容,鬼灭之刃 柱训练篇,1506214074,Aaa,Aaa
就是因为偷偷把刀磨得太锋利，所以到无线城的时候把刀拿不出来TVT,327.0,1,16777215,2026-02-25 22:01:24,1610537595,4,能够露出笑容,鬼灭之刃 柱训练篇,1506214074,TVT,TVT
2026成功接到offer,1138.616,5,16777215,2026-03-08 14:35:48,1610537595,4,能够露出笑容,鬼灭之刃 柱训练篇,1506214074,2026offer,2026offer
无一郎是鬼杀队里年龄最小的吧，男性队员都比他高也正常鹏儿任天宇UI,750.719,1,16777215,2026-02-22 19:39:53,1610537595,4,能够露出笑容,鬼灭之刃 柱训练篇,1506214074,UI,UI
炭:os？,681.792,1,16777215,2026-04-06 17:43:26,1610537595,4,能够露出笑容,鬼灭之刃 柱训练篇,1506214074,os,os
蛇风：（鬼点子生成中）炭治郎你等着吧（bushis,674.121,1,16777215,2026-03-04 18:58:15,1610537595,4,能够露出笑容,鬼灭之刃 柱训练篇,1506214074,bushis,bushis
爱女仆max,5.564,1,16777215,2026-02-27 18:10:25,1610537595,4,能够露出笑容,鬼灭之刃 柱训练篇,1506214074,max,max
我感觉更像是intp,447.995,1,16777215,2026-02-26 15:16:02,1610537595,4,能够露出笑容,鬼灭之刃 柱训练篇,1506214074,intp,intp
sa上岸,1168.315,1,16777215,2026-02-23 13:52:20,1610537595,4,能够露出笑容,鬼灭之刃 柱训练篇,1506214074,sa,sa
aaa,1337.628,1,16777215,2026-04-12 18:33:27,1610537595,4,能够露出笑容,鬼灭之刃 柱训练篇,1506214074,aaa,aaa
A女仆max,3.465,1,16777215,2026-04-12 12:15:27,1610537595,4,能够露出笑容,鬼灭之刃 柱训练篇,1506214074,Amax,Amax
我要不行了 木棍得了mvp,609.0,1,16777215,2026-04-10 20:48:22,1610537595,4,能够露出笑容,鬼灭之刃 柱训练篇,1506214074,mvp,mvp
boy天真的以为自己能打过一个小孩,607.119,1,16777215,2026-04-06 12:21:57,1610537595,4,能够露出笑容,鬼灭之刃 柱训练篇,1506214074,boy,boy
Computer，原来我是把所有弹幕全部屏蔽了,1172.139,1,16777215,2026-04-06 10:25:06,1610537595,4,能够露出笑容,鬼灭之刃 柱训练篇,1506214074,Computer,Computer
Tokkito ,480.344,1,16777215,2026-04-02 15:32:51,1610537595,4,能够露出笑容,鬼灭之刃 柱训练篇,1506214074,Tokkito,Tokkito
666怎么还chang,1416.597,1,16777215,2026-03-29 20:16:09,1610537595,4,能够露出笑容,鬼灭之刃 柱训练篇,1506214074,666chang,666chang
Guy.,1239.181,1,16777215,2026-03-27 23:14:49,1610537595,4,能够露出笑容,鬼灭之刃 柱训练篇,1506214074,Guy,Guy
wow,1114.023,5,38979,2026-03-26 12:51:31,1610537595,4,能够露出笑容,鬼灭之刃 柱训练篇,1506214074,wow,wow
插眼cd这么快吗,490.117,1,16777215,2026-03-26 12:12:14,1610537595,4,能够露出笑容,鬼灭之刃 柱训练篇,1506214074,cd,cd
弹幕剧透的都sm了吧,1156.052,1,16777215,2026-03-25 18:10:25,1610537595,4,能够露出笑容,鬼灭之刃 柱训练篇,1506214074,sm,sm
duang,506.705,1,16777215,2026-03-24 21:17:43,1610537595,4,能够露出笑容,鬼灭之刃 柱训练篇,1506214074,duang,duang
pest上岸！！！！！！,1133.893,1,16777215,2026-03-24 12:49:21,1610537595,4,能够露出笑容,鬼灭之刃 柱训练篇,1506214074,pest,pest
2026生地会考A！,1138.408,1,16777215,2026-03-21 16:27:11,1610537595,4,能够露出笑容,鬼灭之刃 柱训练篇,1506214074,2026A,2026A
mimi,1141.217,1,16777215,2026-03-20 21:10:30,1610537595,4,能够露出笑容,鬼灭之刃 柱训练篇,1506214074,mimi,mimi
Orz,1041.545,5,16777215,2026-03-19 22:38:14,1610537595,4,能够露出笑容,鬼灭之刃 柱训练篇,1506214074,Orz,Orz
B-(:-):):):):):):):):):):):):):):):):):):):):):):):):):):(:S:-P;)=-[:$,509.008,1,16777215,2026-03-15 12:31:58,1610537595,4,能够露出笑容,鬼灭之刃 柱训练篇,1506214074,BSP,BSP
透透好萌QUQ,1152.079,1,8700107,2026-03-14 22:17:57,1610537595,4,能够露出笑容,鬼灭之刃 柱训练篇,1506214074,QUQ,QUQ
poju,1150.933,1,16777215,2026-03-14 12:05:23,1610537595,4,能够露出笑容,鬼灭之刃 柱训练篇,1506214074,poju,poju
gfhhy,680.768,1,104601,2026-03-08 12:37:59,1610537595,4,能够露出笑容,鬼灭之刃 柱训练篇,1506214074,gfhhy,gfhhy
伊黑：除了我谁还把你当小孩.mp3,853.628,5,16777215,2024-07-20 23:55:09,1618044074,5,不惜吞食恶鬼,鬼灭之刃 柱训练篇,1556191793,mp3,mp3
风哥:o.0？,806.029,5,16777215,2024-07-20 20:13:06,1618044074,5,不惜吞食恶鬼,鬼灭之刃 柱训练篇,1556191793,o0,o0
不愿跳过OP的来报个到doge,71.179,5,16777215,2024-07-20 20:06:42,1618044074,5,不惜吞食恶鬼,鬼灭之刃 柱训练篇,1556191793,OPdoge,OPdoge
《当代漫展coser集邮现状,17.405,5,16707842,2024-07-28 20:15:54,1618044074,5,不惜吞食恶鬼,鬼灭之刃 柱训练篇,1556191793,coser,coser
猪猪cv松冈祯丞和善子cv下野纮去体验了瀑布修行,1269.512,5,16776960,2024-07-21 00:07:50,1618044074,5,不惜吞食恶鬼,鬼灭之刃 柱训练篇,1556191793,cvcv,cvcv
快到木刀都滞空了hhhhhhh,265.957,5,16777215,2024-07-20 20:11:28,1618044074,5,不惜吞食恶鬼,鬼灭之刃 柱训练篇,1556191793,hhhhhhh,hhhhhhh
总结：玄弥打上弦拼命，差点die,1106.685,1,38979,2024-07-30 03:34:27,1618044074,5,不惜吞食恶鬼,鬼灭之刃 柱训练篇,1556191793,die,die
炭治郎：我最终，只是他们兄弟play的一环啊,1224.699,1,16777215,2024-07-24 15:42:56,1618044074,5,不惜吞食恶鬼,鬼灭之刃 柱训练篇,1556191793,play,play
s属性大曝发——sleep,853.26,5,15138834,2024-07-21 21:59:19,1618044074,5,不惜吞食恶鬼,鬼灭之刃 柱训练篇,1556191793,ssleep,ssleep
T～M～D,283.131,1,15138834,2024-07-20 22:13:57,1618044074,5,不惜吞食恶鬼,鬼灭之刃 柱训练篇,1556191793,TMD,TMD
炭治郎：难怪这么好吃，md原来是断头饭啊！,220.262,1,9599289,2024-08-04 20:22:44,1618044074,5,不惜吞食恶鬼,鬼灭之刃 柱训练篇,1556191793,md,md
鳄鱼老师：oK OK,902.495,5,16777215,2026-02-16 23:21:24,1618044074,5,不惜吞食恶鬼,鬼灭之刃 柱训练篇,1556191793,oK OK,oK
这里因为炭炭是山里入，所以以为芭蕾服是正常衣服OwO,168.215,1,16777215,2026-02-19 19:41:22,1618044074,5,不惜吞食恶鬼,鬼灭之刃 柱训练篇,1556191793,OwO,OwO
东北冻梨(。-ω-)zzz,888.552,1,16777215,2026-02-17 10:17:03,1618044074,5,不惜吞食恶鬼,鬼灭之刃 柱训练篇,1556191793,zzz,zzz
 このgmは三兄のではありませんか誰が三兄のオーディオを運んできましたか,664.437,1,16777215,2026-02-13 14:43:07,1618044074,5,不惜吞食恶鬼,鬼灭之刃 柱训练篇,1556191793,gm,gm
阿尼亚：spy ？哇酷哇酷,503.652,1,9599289,2026-02-23 14:03:32,1618044074,5,不惜吞食恶鬼,鬼灭之刃 柱训练篇,1556191793,spy,spy
qq特别关心响了,266.636,1,16777215,2026-02-11 18:21:55,1618044074,5,不惜吞食恶鬼,鬼灭之刃 柱训练篇,1556191793,qq,qq
】‘【p】【破iu一哦怕【】=p-iuyiop【】、,464.088,1,16777215,2026-04-09 10:25:48,1618044074,5,不惜吞食恶鬼,鬼灭之刃 柱训练篇,1556191793,‘piupiuyiop,‘ piupiuyiop
SOS 完蛋,993.386,1,15138834,2026-04-06 16:20:03,1618044074,5,不惜吞食恶鬼,鬼灭之刃 柱训练篇,1556191793,SOS,SOS
爱女仆Max,3.326,1,16777215,2026-04-05 15:26:21,1618044074,5,不惜吞食恶鬼,鬼灭之刃 柱训练篇,1556191793,Max,Max
ng,200.022,1,16777215,2026-04-05 12:43:41,1618044074,5,不惜吞食恶鬼,鬼灭之刃 柱训练篇,1556191793,ng,ng
nd99,938.317,5,16777215,2026-04-04 19:33:55,1618044074,5,不惜吞食恶鬼,鬼灭之刃 柱训练篇,1556191793,nd99,nd99
巨峰葡萄（Bushi）,1080.903,5,16777215,2026-04-01 21:29:47,1618044074,5,不惜吞食恶鬼,鬼灭之刃 柱训练篇,1556191793,Bushi,Bushi
hhhhhhhh,807.004,1,16777215,2026-04-01 21:22:12,1618044074,5,不惜吞食恶鬼,鬼灭之刃 柱训练篇,1556191793,hhhhhhhh,hhhhhhhh
Get out!,743.8,1,16777215,2026-04-01 17:24:40,1618044074,5,不惜吞食恶鬼,鬼灭之刃 柱训练篇,1556191793,Get out,Get out
Mitsuri,43.908,1,16777215,2026-04-01 16:30:37,1618044074,5,不惜吞食恶鬼,鬼灭之刃 柱训练篇,1556191793,Mitsuri,Mitsuri
？。 Words去,249.339,1,15138834,2026-03-29 15:01:14,1618044074,5,不惜吞食恶鬼,鬼灭之刃 柱训练篇,1556191793,Words,Words
蛇恋9q,703.779,1,16777215,2026-03-28 13:04:48,1618044074,5,不惜吞食恶鬼,鬼灭之刃 柱训练篇,1556191793,9q,9q
细节Anki,893.551,5,16777215,2026-03-28 12:54:28,1618044074,5,不惜吞食恶鬼,鬼灭之刃 柱训练篇,1556191793,Anki,Anki
笑死我了WC,1191.504,1,16777215,2026-03-27 09:10:57,1618044074,5,不惜吞食恶鬼,鬼灭之刃 柱训练篇,1556191793,WC,WC
特ma嘟。。,289.382,1,16777215,2026-03-23 18:51:40,1618044074,5,不惜吞食恶鬼,鬼灭之刃 柱训练篇,1556191793,ma,ma
hhhhhhhhh,820.885,1,16777215,2026-03-21 11:32:44,1618044074,5,不惜吞食恶鬼,鬼灭之刃 柱训练篇,1556191793,hhhhhhhhh,hhhhhhhhh
fufu！,36.505,5,16777215,2026-03-20 20:05:22,1618044074,5,不惜吞食恶鬼,鬼灭之刃 柱训练篇,1556191793,fufu,fufu
BAB,8.48,1,16777215,2026-03-14 14:59:42,1618044074,5,不惜吞食恶鬼,鬼灭之刃 柱训练篇,1556191793,BAB,BAB
实玄cb/cp99,1227.988,1,6830715,2026-03-09 22:16:58,1618044074,5,不惜吞食恶鬼,鬼灭之刃 柱训练篇,1556191793,cbcp99,cbcp99
此处细节  是实咪与玄咪de疤痕,241.601,1,6830715,2026-03-09 22:06:35,1618044074,5,不惜吞食恶鬼,鬼灭之刃 柱训练篇,1556191793,de,de
声音萌萌的QWQ,29.684,1,16777215,2026-03-08 13:24:02,1618044074,5,不惜吞食恶鬼,鬼灭之刃 柱训练篇,1556191793,QWQ,QWQ
超喜欢这个op的！！,73.048,1,16777215,2026-03-07 12:45:19,1618044074,5,不惜吞食恶鬼,鬼灭之刃 柱训练篇,1556191793,op,op
岩岩祟祟.JPG,971.46,5,16777215,2024-07-27 20:21:09,1626612191,6,鬼杀队最强者,鬼灭之刃 柱训练篇,1156294839,JPG,JPG
ww玄弥好可爱啊，傲娇反差猫猫,1104.781,1,16777215,2024-07-27 21:01:29,1626612191,6,鬼杀队最强者,鬼灭之刃 柱训练篇,1156294839,ww,ww
阿伟ProMAX,2.515,1,16777215,2025-03-15 18:27:48,1626612191,6,鬼杀队最强者,鬼灭之刃 柱训练篇,1156294839,ProMAX,ProMAX
v我50给你一个支点,862.956,5,16777215,2024-07-27 20:53:33,1626612191,6,鬼杀队最强者,鬼灭之刃 柱训练篇,1156294839,v50,v50
开瓶盖，bo～,249.01,5,41194,2024-07-27 20:51:17,1626612191,6,鬼杀队最强者,鬼灭之刃 柱训练篇,1156294839,bo,bo
3个人一起推327米（Doge）,1208.482,5,16707842,2024-08-25 20:55:15,1626612191,6,鬼杀队最强者,鬼灭之刃 柱训练篇,1156294839,3327Doge,3327Doge
叠buff,1167.74,1,16777215,2024-07-27 20:13:18,1626612191,6,鬼杀队最强者,鬼灭之刃 柱训练篇,1156294839,buff,buff
鬼灭のfree,493.43,1,41194,2024-09-22 01:23:58,1626612191,6,鬼杀队最强者,鬼灭之刃 柱训练篇,1156294839,free,free
刚查了一下，直径5~6m的石头，大致在150吨到。370吨的样子。,437.906,5,16777215,2026-02-14 13:34:08,1626612191,6,鬼杀队最强者,鬼灭之刃 柱训练篇,1156294839,56m150370,56m150370
半夜憋笑是真的很累啊eeeeeeee,294.139,5,41194,2026-01-01 01:43:24,1626612191,6,鬼杀队最强者,鬼灭之刃 柱训练篇,1156294839,eeeeeeee,eeeeeeee
Free长男游泳部,497.441,1,16777215,2026-02-04 17:25:46,1626612191,6,鬼杀队最强者,鬼灭之刃 柱训练篇,1156294839,Free,Free
鸣女：无限城顶级WIFI,600.11,5,16777215,2026-02-03 00:40:19,1626612191,6,鬼杀队最强者,鬼灭之刃 柱训练篇,1156294839,WIFI,WIFI
不是，因为他的师兄，也就是雷之呼吸继承人，变成鬼了，爷爷自尽了，所以很sad,787.438,1,16777215,2026-02-17 22:56:50,1626612191,6,鬼杀队最强者,鬼灭之刃 柱训练篇,1156294839,sad,sad
又刀wo,834.79,5,16777215,2026-02-06 18:57:09,1626612191,6,鬼杀队最强者,鬼灭之刃 柱训练篇,1156294839,wo,wo
这才是正常人的反应吧！善善就是演我内心dT-Tb,457.723,1,16777215,2026-01-27 01:22:45,1626612191,6,鬼杀队最强者,鬼灭之刃 柱训练篇,1156294839,dTTb,dTTb
san值狂掉啊,652.004,1,16777215,2026-02-23 11:23:57,1626612191,6,鬼杀队最强者,鬼灭之刃 柱训练篇,1156294839,san,san
人！泥豪啊！（   0v0   ）（朝你挥手）,1139.276,1,16777215,2026-02-17 17:27:59,1626612191,6,鬼杀队最强者,鬼灭之刃 柱训练篇,1156294839,0v0,0v0
apt apt,499.233,1,16777215,2026-02-13 22:00:38,1626612191,6,鬼杀队最强者,鬼灭之刃 柱训练篇,1156294839,apt apt,apt apt
OnO,1148.024,1,16777215,2026-02-07 02:06:35,1626612191,6,鬼杀队最强者,鬼灭之刃 柱训练篇,1156294839,OnO,OnO
No no no no,671.242,1,16777215,2026-02-01 17:39:47,1626612191,6,鬼杀队最强者,鬼灭之刃 柱训练篇,1156294839,No no no no,No no no no
mikey你串台了,260.116,1,16777215,2026-01-30 23:28:53,1626612191,6,鬼杀队最强者,鬼灭之刃 柱训练篇,1156294839,mikey,mikey
俩只猫猫w w w w w,1133.019,1,16777215,2026-01-25 13:21:45,1626612191,6,鬼杀队最强者,鬼灭之刃 柱训练篇,1156294839,w w w w w,w w w w w
别拿大哥刀我q w q,1131.835,1,6830715,2026-02-19 13:27:45,1626612191,6,鬼杀队最强者,鬼灭之刃 柱训练篇,1156294839,q w q,q w q
那么问题来了 已知推力F g=10m/s 求加速度 以及动摩擦系数,1289.182,1,16777215,2026-02-03 16:15:27,1626612191,6,鬼杀队最强者,鬼灭之刃 柱训练篇,1156294839,F g10ms,F g10ms
Mikey？,253.713,1,16777215,2026-01-27 01:29:08,1626612191,6,鬼杀队最强者,鬼灭之刃 柱训练篇,1156294839,Mikey,Mikey
啊米pro MAX,3.303,1,16777215,2026-04-10 14:20:07,1626612191,6,鬼杀队最强者,鬼灭之刃 柱训练篇,1156294839,pro MAX,pro MAX
斑纹sop,1163.494,1,16777215,2026-04-06 22:55:39,1626612191,6,鬼杀队最强者,鬼灭之刃 柱训练篇,1156294839,sop,sop
DGHJKFS,1402.906,1,16777215,2026-04-06 16:39:53,1626612191,6,鬼杀队最强者,鬼灭之刃 柱训练篇,1156294839,DGHJKFS,DGHJKFS
''A'AFDGS,1248.481,1,16777215,2026-04-06 16:32:59,1626612191,6,鬼杀队最强者,鬼灭之刃 柱训练篇,1156294839,AAFDGS,AAFDGS
继国缘一：‘so？’,0.758,5,16777215,2026-03-28 20:36:29,1626612191,6,鬼杀队最强者,鬼灭之刃 柱训练篇,1156294839,‘so’,‘ so ’
IO多路复用,556.155,1,16777215,2026-03-25 22:07:26,1626612191,6,鬼杀队最强者,鬼灭之刃 柱训练篇,1156294839,IO,IO
"''/'/''nm;...    m, , ;s'.;/ /  ?",130.199,1,16777215,2026-03-19 21:19:49,1626612191,6,鬼杀队最强者,鬼灭之刃 柱训练篇,1156294839,nm    m  s,nm m s
'’                                                             a,120.166,1,16777215,2026-03-19 21:19:39,1626612191,6,鬼杀队最强者,鬼灭之刃 柱训练篇,1156294839,’                                                             a,’ a
人【；‘’‘’‘f、、、】、】、,106.739,1,16777215,2026-03-19 21:19:26,1626612191,6,鬼杀队最强者,鬼灭之刃 柱训练篇,1156294839,‘’‘’‘f,‘ ’ ‘ ’ ‘ f
AMBOYS,6.262,1,16777215,2026-03-15 16:06:47,1626612191,6,鬼杀队最强者,鬼灭之刃 柱训练篇,1156294839,AMBOYS,AMBOYS
AM,1.0,1,16777215,2026-03-15 16:03:23,1626612191,6,鬼杀队最强者,鬼灭之刃 柱训练篇,1156294839,AM,AM
AA,1.0,1,16777215,2026-03-15 16:03:14,1626612191,6,鬼杀队最强者,鬼灭之刃 柱训练篇,1156294839,AA,AA
好nice的转场,533.246,1,16777215,2026-03-14 01:40:59,1626612191,6,鬼杀队最强者,鬼灭之刃 柱训练篇,1156294839,nice,nice
这是AB的,15.253,1,16777215,2026-03-12 21:47:24,1626612191,6,鬼杀队最强者,鬼灭之刃 柱训练篇,1156294839,AB,AB
QK4343,1197.566,1,16777215,2026-03-10 21:33:14,1626612191,6,鬼杀队最强者,鬼灭之刃 柱训练篇,1156294839,QK4343,QK4343
JK,1176.399,1,16777215,2026-03-10 21:32:53,1626612191,6,鬼杀队最强者,鬼灭之刃 柱训练篇,1156294839,JK,JK
ffxxc,294.283,1,16777215,2026-03-08 21:13:23,1626612191,6,鬼杀队最强者,鬼灭之刃 柱训练篇,1156294839,ffxxc,ffxxc
hello,0.898,1,16777215,2026-03-06 16:23:49,1626612191,6,鬼杀队最强者,鬼灭之刃 柱训练篇,1156294839,hello,hello
炭炭小太阳呀OvO,725.588,1,16777215,2026-03-04 19:44:23,1626612191,6,鬼杀队最强者,鬼灭之刃 柱训练篇,1156294839,OvO,OvO
cctv,513.59,5,15772458,2026-03-02 14:47:15,1626612191,6,鬼杀队最强者,鬼灭之刃 柱训练篇,1156294839,cctv,cctv
free？2333,497.45,1,16777215,2026-03-01 21:30:16,1626612191,6,鬼杀队最强者,鬼灭之刃 柱训练篇,1156294839,free2333,free2333
kao哈哈哈哈哈哈哈哈哈哈哈哈哈哈哈哈哈哈哈哈,208.0,5,16707842,2026-02-27 21:37:49,1626612191,6,鬼杀队最强者,鬼灭之刃 柱训练篇,1156294839,kao,kao
真是kibo呢,582.328,1,38979,2026-02-27 06:23:27,1626612191,6,鬼杀队最强者,鬼灭之刃 柱训练篇,1156294839,kibo,kibo
CS登场,581.239,5,16777215,2024-08-03 20:12:58,1632279439,7,岩柱 悲鸣屿行冥,鬼灭之刃 柱训练篇,1056474885,CS,CS
sensei～,467.078,1,16777215,2024-08-03 20:56:07,1632279439,7,岩柱 悲鸣屿行冥,鬼灭之刃 柱训练篇,1056474885,sensei,sensei
炭治郎:我可是主角，那条鳄鱼不会拿我怎么样dog,894.523,5,16777215,2024-08-03 20:49:16,1632279439,7,岩柱 悲鸣屿行冥,鬼灭之刃 柱训练篇,1056474885,dog,dog
义炭99！不要互相贴脸a,1420.392,1,16777215,2026-04-13 19:37:35,1632279439,7,岩柱 悲鸣屿行冥,鬼灭之刃 柱训练篇,1056474885,99a,99a
cs,553.36,1,16777215,2026-04-13 19:30:40,1632279439,7,岩柱 悲鸣屿行冥,鬼灭之刃 柱训练篇,1056474885,cs,cs
hdfghd,1566.745,1,16777215,2026-04-13 13:08:49,1632279439,7,岩柱 悲鸣屿行冥,鬼灭之刃 柱训练篇,1056474885,hdfghd,hdfghd
NO！,1543.076,5,16777215,2026-04-12 22:29:19,1632279439,7,岩柱 悲鸣屿行冥,鬼灭之刃 柱训练篇,1056474885,NO,NO
WOW,1559.387,1,16777215,2026-04-12 13:11:39,1632279439,7,岩柱 悲鸣屿行冥,鬼灭之刃 柱训练篇,1056474885,WOW,WOW
合着自己唱BGN.呀,1694.532,1,16777215,2026-04-12 12:41:50,1632279439,7,岩柱 悲鸣屿行冥,鬼灭之刃 柱训练篇,1056474885,BGN,BGN
RANGWOKK,1799.487,1,16777215,2026-04-12 12:24:36,1632279439,7,岩柱 悲鸣屿行冥,鬼灭之刃 柱训练篇,1056474885,RANGWOKK,RANGWOKK
iuu,1684.0,1,16777215,2026-04-12 09:41:43,1632279439,7,岩柱 悲鸣屿行冥,鬼灭之刃 柱训练篇,1056474885,iuu,iuu
hiiii,1560.157,1,16777215,2026-04-12 09:26:42,1632279439,7,岩柱 悲鸣屿行冥,鬼灭之刃 柱训练篇,1056474885,hiiii,hiiii
f g g h uiu h h h h h h h h,1787.601,1,16777215,2026-04-12 09:19:26,1632279439,7,岩柱 悲鸣屿行冥,鬼灭之刃 柱训练篇,1056474885,f g g h uiu h h h h h h h h,f g g h uiu h h h h h h h h
d t y g v y h h b n h h n,1563.814,1,16777215,2026-04-12 09:17:03,1632279439,7,岩柱 悲鸣屿行冥,鬼灭之刃 柱训练篇,1056474885,d t y g v y h h b n h h n,d t y g v y h h b n h h n
Ciallo～(∠・ω< )⌒★！,1731.495,1,16777215,2026-04-12 08:20:21,1632279439,7,岩柱 悲鸣屿行冥,鬼灭之刃 柱训练篇,1056474885,Ciallo,Ciallo
Boss登场,1557.252,1,16777215,2026-04-12 07:57:31,1632279439,7,岩柱 悲鸣屿行冥,鬼灭之刃 柱训练篇,1056474885,Boss,Boss
（TV）,1589.424,1,16777215,2026-04-11 21:23:48,1632279439,7,岩柱 悲鸣屿行冥,鬼灭之刃 柱训练篇,1056474885,TV,TV
woq,1550.774,1,9033215,2026-04-11 13:35:29,1632279439,7,岩柱 悲鸣屿行冥,鬼灭之刃 柱训练篇,1056474885,woq,woq
前面的弹幕噢，有个egg的义炭,326.756,1,16777215,2026-04-11 13:03:49,1632279439,7,岩柱 悲鸣屿行冥,鬼灭之刃 柱训练篇,1056474885,egg,egg
无惨晒太阳lai,1557.96,1,16777215,2026-04-10 09:31:31,1632279439,7,岩柱 悲鸣屿行冥,鬼灭之刃 柱训练篇,1056474885,lai,lai
供货商se,1580.349,1,16777215,2026-04-09 20:13:48,1632279439,7,岩柱 悲鸣屿行冥,鬼灭之刃 柱训练篇,1056474885,se,se
uuuu,1574.915,1,16777215,2026-04-09 11:43:08,1632279439,7,岩柱 悲鸣屿行冥,鬼灭之刃 柱训练篇,1056474885,uuuu,uuuu
woikkk,1559.866,1,16777215,2026-04-08 20:42:25,1632279439,7,岩柱 悲鸣屿行冥,鬼灭之刃 柱训练篇,1056474885,woikkk,woikkk
chchhhv,1579.845,1,16777215,2026-04-08 20:38:23,1632279439,7,岩柱 悲鸣屿行冥,鬼灭之刃 柱训练篇,1056474885,chchhhv,chchhhv
“X}}‘,207.599,1,16777215,2026-04-07 20:44:25,1632279439,7,岩柱 悲鸣屿行冥,鬼灭之刃 柱训练篇,1056474885,“X‘,“ X ‘
I'm干冰,1690.626,1,16777215,2026-04-06 19:35:39,1632279439,7,岩柱 悲鸣屿行冥,鬼灭之刃 柱训练篇,1056474885,Im,Im
不！！！！！！！！！！！！！！dw,1566.93,1,16777215,2026-04-06 19:24:57,1632279439,7,岩柱 悲鸣屿行冥,鬼灭之刃 柱训练篇,1056474885,dw,dw
ATP,1548.785,1,16777215,2026-04-06 16:59:20,1632279439,7,岩柱 悲鸣屿行冥,鬼灭之刃 柱训练篇,1056474885,ATP,ATP
QVQ 他觉得他也不是故意的呀,616.021,1,16777215,2026-04-05 21:06:47,1632279439,7,岩柱 悲鸣屿行冥,鬼灭之刃 柱训练篇,1056474885,QVQ,QVQ
奖池dieji,1374.767,1,16777215,2026-04-05 17:01:22,1632279439,7,岩柱 悲鸣屿行冥,鬼灭之刃 柱训练篇,1056474885,dieji,dieji
xcs怎么来了,557.248,1,16777215,2026-04-05 16:15:33,1632279439,7,岩柱 悲鸣屿行冥,鬼灭之刃 柱训练篇,1056474885,xcs,xcs
Steven,1824.593,1,16777215,2026-04-05 14:20:57,1632279439,7,岩柱 悲鸣屿行冥,鬼灭之刃 柱训练篇,1056474885,Steven,Steven
Ke,1564.747,1,16777215,2026-04-05 11:39:59,1632279439,7,岩柱 悲鸣屿行冥,鬼灭之刃 柱训练篇,1056474885,Ke,Ke
武松打虎（在下FrostKEV留言）,755.318,1,41194,2026-04-04 21:50:05,1632279439,7,岩柱 悲鸣屿行冥,鬼灭之刃 柱训练篇,1056474885,FrostKEV,FrostKEV
dffgg,1552.227,1,8700107,2026-04-04 21:31:02,1632279439,7,岩柱 悲鸣屿行冥,鬼灭之刃 柱训练篇,1056474885,dffgg,dffgg
zmelih,1765.492,1,16777215,2026-04-03 23:35:23,1632279439,7,岩柱 悲鸣屿行冥,鬼灭之刃 柱训练篇,1056474885,zmelih,zmelih
wc好帅的字体,1547.695,1,16777215,2026-04-03 21:52:13,1632279439,7,岩柱 悲鸣屿行冥,鬼灭之刃 柱训练篇,1056474885,wc,wc
干冰男VS毁灭菇（doge,1845.991,1,16777215,2026-04-03 20:58:38,1632279439,7,岩柱 悲鸣屿行冥,鬼灭之刃 柱训练篇,1056474885,VSdoge,VSdoge
我想到了另一个麻美（ky致歉）,485.118,1,15138834,2026-04-03 20:53:36,1632279439,7,岩柱 悲鸣屿行冥,鬼灭之刃 柱训练篇,1056474885,ky,ky
垫 拉 砸走 I want you,1732.561,1,16777215,2026-04-03 19:04:56,1632279439,7,岩柱 悲鸣屿行冥,鬼灭之刃 柱训练篇,1056474885,I want you,I want you
ZHUGONG,1583.59,1,16777215,2026-04-03 18:28:03,1632279439,7,岩柱 悲鸣屿行冥,鬼灭之刃 柱训练篇,1056474885,ZHUGONG,ZHUGONG
ohno,1563.351,1,16777215,2026-04-02 23:27:42,1632279439,7,岩柱 悲鸣屿行冥,鬼灭之刃 柱训练篇,1056474885,ohno,ohno
xiei,885.752,1,16777215,2026-04-02 21:48:37,1632279439,7,岩柱 悲鸣屿行冥,鬼灭之刃 柱训练篇,1056474885,xiei,xiei
无惨：我说你们主公自己Cosplay苦力怕你们信吗,1758.447,5,16777215,2024-08-10 20:51:13,1643738090,8,最终集 柱·集结,鬼灭之刃 柱训练篇,1506452702,Cosplay,Cosplay
远远不止2种药，往后看吧，珠世这一下直接把buff上满了,1392.522,1,16777215,2024-08-10 20:20:44,1643738090,8,最终集 柱·集结,鬼灭之刃 柱训练篇,1506452702,2buff,2buff
每个op都有一个当ed的梦,2068.072,5,16776960,2024-08-10 20:45:22,1643738090,8,最终集 柱·集结,鬼灭之刃 柱训练篇,1506452702,oped,oped
其他人在等匹配，鸣柱是精准定位 开solo房去了,1915.879,5,16777215,2024-08-10 23:40:05,1643738090,8,最终集 柱·集结,鬼灭之刃 柱训练篇,1506452702,solo,solo
C4已安放,560.253,5,16777215,2024-08-10 21:57:32,1643738090,8,最终集 柱·集结,鬼灭之刃 柱训练篇,1506452702,C4,C4
回前面，ore是日本男性粗鄙的自称（俺），瓦达西是男女通用,405.013,5,16777215,2025-06-14 16:31:54,1643738090,8,最终集 柱·集结,鬼灭之刃 柱训练篇,1506452702,ore,ore
tomato炭治郎,1989.809,5,16777215,2024-08-10 20:34:17,1643738090,8,最终集 柱·集结,鬼灭之刃 柱训练篇,1506452702,tomato,tomato
有仇报仇，有怨报怨，没仇没怨按dna匹配,1833.059,5,16777215,2024-08-11 00:11:59,1643738090,8,最终集 柱·集结,鬼灭之刃 柱训练篇,1506452702,dna,dna
啊？得给打给咯，ki 米哇 ki 米带有,942.078,5,16777215,2024-08-10 20:15:51,1643738090,8,最终集 柱·集结,鬼灭之刃 柱训练篇,1506452702,ki  ki,ki ki
30000I恶,316.738,1,16777215,2026-04-05 10:15:38,1643738090,8,最终集 柱·集结,鬼灭之刃 柱训练篇,1506452702,30000I,30000I
nhtyuy,917.454,1,16777215,2026-04-13 20:56:05,1643738090,8,最终集 柱·集结,鬼灭之刃 柱训练篇,1506452702,nhtyuy,nhtyuy
《oya大杀马》,1059.515,1,16777215,2026-04-13 19:54:33,1643738090,8,最终集 柱·集结,鬼灭之刃 柱训练篇,1506452702,oya,oya
qialou,79.405,1,6830715,2026-04-13 13:47:31,1643738090,8,最终集 柱·集结,鬼灭之刃 柱训练篇,1506452702,qialou,qialou
eeeee,156.939,1,16777215,2026-04-13 07:13:51,1643738090,8,最终集 柱·集结,鬼灭之刃 柱训练篇,1506452702,eeeee,eeeee
knn,350.871,1,8700107,2026-04-12 14:46:31,1643738090,8,最终集 柱·集结,鬼灭之刃 柱训练篇,1506452702,knn,knn
Kdkdox,27.58,1,16777215,2026-04-12 13:19:27,1643738090,8,最终集 柱·集结,鬼灭之刃 柱训练篇,1506452702,Kdkdox,Kdkdox
me是干冰,13.861,1,16777215,2026-04-12 11:01:57,1643738090,8,最终集 柱·集结,鬼灭之刃 柱训练篇,1506452702,me,me
WTF,48.071,1,16777215,2026-04-12 00:02:14,1643738090,8,最终集 柱·集结,鬼灭之刃 柱训练篇,1506452702,WTF,WTF
6G6,14.415,1,16777215,2026-04-11 21:49:35,1643738090,8,最终集 柱·集结,鬼灭之刃 柱训练篇,1506452702,6G6,6G6
I am 干冰,12.449,1,16777215,2026-04-11 20:03:59,1643738090,8,最终集 柱·集结,鬼灭之刃 柱训练篇,1506452702,I am,I am
"MVP, MVP.",1302.521,5,16777215,2026-04-11 11:52:08,1643738090,8,最终集 柱·集结,鬼灭之刃 柱训练篇,1506452702,MVP MVP,MVP MVP
no不要啊,1076.364,1,16777215,2026-04-07 23:30:39,1643738090,8,最终集 柱·集结,鬼灭之刃 柱训练篇,1506452702,no,no
Ok，正片开始。,1835.116,1,16777215,2026-04-07 20:41:37,1643738090,8,最终集 柱·集结,鬼灭之刃 柱训练篇,1506452702,Ok,Ok
8szxu,2430.803,1,16777215,2026-04-07 14:27:40,1643738090,8,最终集 柱·集结,鬼灭之刃 柱训练篇,1506452702,8szxu,8szxu
好cool的弹幕,168.74,1,16777215,2026-04-06 23:17:18,1643738090,8,最终集 柱·集结,鬼灭之刃 柱训练篇,1506452702,cool,cool
HHH,39.204,1,16777215,2026-04-06 21:23:09,1643738090,8,最终集 柱·集结,鬼灭之刃 柱训练篇,1506452702,HHH,HHH
(T  T),920.789,1,16777215,2026-04-06 19:52:18,1643738090,8,最终集 柱·集结,鬼灭之刃 柱训练篇,1506452702,T  T,T T
ccc,117.031,1,16777215,2026-04-06 11:12:30,1643738090,8,最终集 柱·集结,鬼灭之刃 柱训练篇,1506452702,ccc,ccc
华丽very华丽,52.326,1,16777215,2026-04-06 10:09:00,1643738090,8,最终集 柱·集结,鬼灭之刃 柱训练篇,1506452702,very,very
HHHH,102.967,1,16777215,2026-04-05 11:45:39,1643738090,8,最终集 柱·集结,鬼灭之刃 柱训练篇,1506452702,HHHH,HHHH
eee,44.181,1,16777215,2026-04-04 17:51:54,1643738090,8,最终集 柱·集结,鬼灭之刃 柱训练篇,1506452702,eee,eee
xs,117.755,1,16777215,2026-04-04 14:27:10,1643738090,8,最终集 柱·集结,鬼灭之刃 柱训练篇,1506452702,xs,xs
So.这什么字体？特效吗？,10.482,1,16777215,2026-04-04 12:16:33,1643738090,8,最终集 柱·集结,鬼灭之刃 柱训练篇,1506452702,So,So
给无惨做了一个CT。,1320.847,5,16777215,2026-04-03 19:52:05,1643738090,8,最终集 柱·集结,鬼灭之刃 柱训练篇,1506452702,CT,CT
uuu,93.368,1,16777215,2026-04-03 19:11:55,1643738090,8,最终集 柱·集结,鬼灭之刃 柱训练篇,1506452702,uuu,uuu
什么叫Boss开的小号，放了一个技能，把boss硬控了10秒？,1291.635,1,16777215,2026-04-02 20:31:49,1643738090,8,最终集 柱·集结,鬼灭之刃 柱训练篇,1506452702,Bossboss10,Bossboss10
DD,1098.012,1,16777215,2026-04-02 18:02:56,1643738090,8,最终集 柱·集结,鬼灭之刃 柱训练篇,1506452702,DD,DD
kai,1839.943,1,16777215,2026-04-02 13:20:04,1643738090,8,最终集 柱·集结,鬼灭之刃 柱训练篇,1506452702,kai,kai
哦耶，干冰又出现了ilike˙ᗜ˙干冰,16.451,1,8700107,2026-04-01 22:20:53,1643738090,8,最终集 柱·集结,鬼灭之刃 柱训练篇,1506452702,ilike,ilike
Muzan ,518.289,1,16777215,2026-04-01 17:27:18,1643738090,8,最终集 柱·集结,鬼灭之刃 柱训练篇,1506452702,Muzan,Muzan
no no ,1142.204,5,16777215,2026-04-01 14:58:55,1643738090,8,最终集 柱·集结,鬼灭之刃 柱训练篇,1506452702,no no,no no
nononono,1829.231,1,8700107,2026-04-01 13:08:40,1643738090,8,最终集 柱·集结,鬼灭之刃 柱训练篇,1506452702,nononono,nononono
wao,17.191,1,16777215,2026-04-01 12:04:12,1643738090,8,最终集 柱·集结,鬼灭之刃 柱训练篇,1506452702,wao,wao
Games over,2014.376,1,16777215,2026-03-31 18:48:41,1643738090,8,最终集 柱·集结,鬼灭之刃 柱训练篇,1506452702,Games over,Games over
ohhhh,85.024,1,16777215,2026-03-31 13:28:31,1643738090,8,最终集 柱·集结,鬼灭之刃 柱训练篇,1506452702,ohhhh,ohhhh
无惨：杀死我要10吨TNT？,1110.005,1,16777215,2026-03-28 21:31:04,1643738090,8,最终集 柱·集结,鬼灭之刃 柱训练篇,1506452702,10TNT,10TNT
倘若主公死了，鬼杀队不会fang哎？祢豆子呢？,1779.766,1,15138834,2026-03-28 20:14:39,1643738090,8,最终集 柱·集结,鬼灭之刃 柱训练篇,1506452702,fang,fang
恭喜你解锁SS级副本：［无限城］,1818.449,1,16777215,2026-03-28 13:58:31,1643738090,8,最终集 柱·集结,鬼灭之刃 柱训练篇,1506452702,SS,SS
Bye bye,2013.907,1,16777215,2026-03-28 12:56:37,1643738090,8,最终集 柱·集结,鬼灭之刃 柱训练篇,1506452702,Bye bye,Bye bye
h11钢,19.56,1,16777215,2026-03-28 11:51:23,1643738090,8,最终集 柱·集结,鬼灭之刃 柱训练篇,1506452702,h11,h11
简直是UFO,305.49,1,16777215,2026-03-28 09:48:58,1643738090,8,最终集 柱·集结,鬼灭之刃 柱训练篇,1506452702,UFO,UFO
BH HHB,15.474,1,16777215,2026-03-28 02:20:27,1643738090,8,最终集 柱·集结,鬼灭之刃 柱训练篇,1506452702,BH HHB,BH HHB
l_____________l,147.857,1,16777215,2026-03-25 22:35:20,1643738090,8,最终集 柱·集结,鬼灭之刃 柱训练篇,1506452702,ll,ll
ii急急急急急急,118.619,1,16777215,2026-03-25 20:29:45,1643738090,8,最终集 柱·集结,鬼灭之刃 柱训练篇,1506452702,ii,ii
Iam 干冰,6.406,1,16777215,2026-03-25 16:47:05,1643738090,8,最终集 柱·集结,鬼灭之刃 柱训练篇,1506452702,Iam,Iam
Hello， hello，我是干冰,20.863,1,16777215,2026-03-25 16:19:27,1643738090,8,最终集 柱·集结,鬼灭之刃 柱训练篇,1506452702,Hello hello,Hello hello
"L.,MK,0",1203.621,1,16777215,2026-03-24 18:18:46,1643738090,8,最终集 柱·集结,鬼灭之刃 柱训练篇,1506452702,LMK0,LMK0
苹果17promax这个音效无敌,44.37,1,16777215,2026-03-23 23:39:57,1643738090,8,最终集 柱·集结,鬼灭之刃 柱训练篇,1506452702,17promax,17promax
Zz字体变了,54.533,1,16777215,2026-03-23 00:50:43,1643738090,8,最终集 柱·集结,鬼灭之刃 柱训练篇,1506452702,Zz,Zz
导师读我毕业论文时blk：,1385.605,1,16777215,2026-03-22 20:55:49,1643738090,8,最终集 柱·集结,鬼灭之刃 柱训练篇,1506452702,blk,blk
ohh,33.789,1,16777215,2026-03-22 16:40:01,1643738090,8,最终集 柱·集结,鬼灭之刃 柱训练篇,1506452702,ohh,ohh
mzy,133.603,1,16777215,2026-03-22 01:50:50,1643738090,8,最终集 柱·集结,鬼灭之刃 柱训练篇,1506452702,mzy,mzy
what,106.257,1,16777215,2026-03-21 23:25:56,1643738090,8,最终集 柱·集结,鬼灭之刃 柱训练篇,1506452702,what,what
别刀了，都进ICU了！！！,2378.091,1,16777215,2026-03-21 10:56:27,1643738090,8,最终集 柱·集结,鬼灭之刃 柱训练篇,1506452702,ICU,ICU
—5；dd,113.333,1,16777215,2026-03-21 10:08:37,1643738090,8,最终集 柱·集结,鬼灭之刃 柱训练篇,1506452702,5dd,5dd
