content,rate,rate_label,time,user_name,subject_id,anime_title,clean_content,segmented
看完Mygo，Mujica再看的这个。虽然屎已经咽下去了，但是多多来点薄荷冰爽漱口水总是好的很。,9,神作,2d 18h ago,狗头鸵鸟,431767,girls band cry,MygoMujica,MygoMujica
不错的乐队番，可惜梗小鬼太多污染环境，个人认为只是看个乐呵的话可能比mygo强一点，可惜我更喜欢mygo,7,推荐,2026-5-2 10:53,B小町大队长,431767,girls band cry,mygomygo,mygomygo
5/8：相比众多偶像音乐企划写rock和地下系故事在安全区转圈，花田这次地下系真实案例既视感过强了。看到了很多P主还是小屁孩时候（笑）的影子。,8,力荐,2026-5-1 12:33,SeikE_AnuL,431767,girls band cry,58rockP,58rockP
前半段还觉得有点尬有点无聊，看到后面觉得还不错，越来越好看的感觉。不过最后一集不和钻尘对邦而是退社，从现实中的角度来看也太扯了，刺团其他人就因为听完nina的悲惨霸凌经历之后决定和nina组一辈子乐队？rupa和tomo的职业梦就因为nina的任性而不追了？武道馆演出的目标就这么放弃了？,7,推荐,2026-4-25 21:37,DoHowie,431767,girls band cry,ninaninarupatomonina,ninaninarupatomonina
486daze,7,推荐,2026-4-25 12:28,洞爷湖,431767,girls band cry,486daze,486daze
断断续续看到ep5，本来看番体验挺好的，突然小孩姐蹦出一句“因为我们明明没有错！”直接激起了我的恐高ptsd（“更何况，泷老师他…又没做错任何事！”）。我就问有没有可能，gbc剧情看起来还行，不是因为花田懂摇滚，而只是因为花田三板斧惯用的“正论怪物”刚好能套上摇滚精神的皮呢？,7,推荐,2026-4-22 23:07,Multidimensional,431767,girls band cry,ep5“”ptsd“”gbc“”,ep5 “ ” ptsd “ ” gbc “ ”
追到一半就忘了这番，时隔一年我终于看完了。没错，我就是来看女人吵架的。补完发现比看mygo还要欢快，都是高手如云的番，mygo更戏剧性，这部则更有情绪。个人观感而言，这部虽然整的活没mygo那么多，但看得更有趣，让我笑得更欢，人物面部表情是加分项啊,8,力荐,2026-4-22 19:59,BGMを持参する,431767,girls band cry,mygomygomygo,mygomygomygo
"其实是只有7分的，但是由于个人情感因素可以给8分（已严肃因为剧场版跟13集和解）
gbc对我就是那种不是最好的但是是印象最深刻的，或许我永远都忘不了在出租车上迎着夕阳看到11集live的那个下午了",8,力荐,2026-4-19 18:39,1232,431767,girls band cry,"7813
gbc11live",7813 gbc11live
其实并不摇滚，小孩姐被导演附身以后人设割裂，对于家庭问题也只是包饺子，这哪摇滚了，软化反抗精神不可取（编剧还是得给其他staff磕一个）,7,推荐,2026-4-18 03:33,量产型_Lilin,431767,girls band cry,staff,staff
个人认为是近些年3D动画的代表作，之前一直对3渲2有刻板印象，但是看了GBC以后，才发现3D动画的制作也能如此精良,7,推荐,2026-4-17 23:08,是瓜子酱,431767,girls band cry,3D32GBC3D,3D32GBC3D
第3集live放完该多好，ed更是厨力拉满了,8,力荐,2026-4-17 00:05,jwajzh,431767,girls band cry,3liveed,3liveed
"超级Q弹动态的3D表现技术力，以及和去年Mygo完全不同的正经现实向主线，如果说Mygo在疯狂之后留下的是bt的狂欢，那么GBC则有爱马仕的王道之路影子。
nina声线的歌也很带感，那种锐利中带点小孩的感觉很不错，这位真的希望有续作，而不是某A队那样烂爆（）",8,力荐,2026-4-16 18:49,YouYi幽依,431767,girls band cry,"Q3DMygoMygobtGBC
ninaA",Q3DMygoMygobtGBC ninaA
补，花田的魔法，东大妈的业界顶级3D，超洗脑摇滚的音乐，青春叛逆感拉爆的剧情，许多小细节铺垫27和hina的支线，最后和解也是显得意料之中，这才是真正的少女乐队,8,力荐,2026-4-8 17:23,出租的抚子,431767,girls band cry,3D27hina,3D27hina
前几集还在无理取闹生闷气的小孩姐到了后面突然通情达理了（？）小孩姐和桃香在剧情里占的比重较多，导致486的问题直接被搁置了，后入团的俩直接当工具人使一笔带过。还有校园霸凌父母不理解这种现实问题只要BGM一响起来问题就迎刃而解了？实在对不上电波，理解不能，不过这最后两集绝对是发病了,6,还行,2026-4-8 03:47,Eutopia,431767,girls band cry,486BGM,486BGM
GBC你什么时候出第二季。我要听GBC的小曲。,7,推荐,2026-4-7 23:28,Okuma,431767,girls band cry,GBCGBC,GBCGBC
我恨你花田。前7集绝对是历史to50的水平，最后两集我觉得可以是2000名开外的水平行吗，我想不通为什么要讲加入公司再退出，还有你那个二百多粉丝的桥段究竟意味何，感觉你相当对不起我每周六放学回来看一遍原片看一遍泛式直播周日再看一遍切片啊，傻卵,9,神作,2026-4-4 00:23,秋笙声,431767,girls band cry,7to502000,7to502000
情感细腻，节奏顺畅，故事完整，乐队题材佳作。外耗型性格确实有趣，看着一点不费劲。总的来看剧情结构太像花田的lovelive了，依旧开局组个小团体，然后扩充成员，临近结局时再戏剧冲突一下，甚至对手团起的作用都很像，不过明显gbc处理的更好，剧情线索回收的更有水平，最后的转折一点不显得生硬。除了剧情我还挺关注本作的3d，处理motion capture dataset处理的已经对这种东西有ptsd了，手部动作不如2d动作精细也符合我的认知。,7,推荐,2026-3-28 01:24,SkyRainWind,431767,girls band cry,lovelivegbc3dmotion capture datasetptsd2d,lovelivegbc3dmotion capture datasetptsd2d
在和孤独摇滚，mygo里面现实元素最强的一部。不过比较深入讲的只有主角被霸凌辍学后的成长。其他部分正常走辍学组乐队流程。路帕和昴比较招人喜欢。高技术力2.5d非常提高角色的可爱程度和演出花哨程度。,8,力荐,2026-3-27 23:40,卡面,431767,girls band cry,mygo25d,mygo25d
第一集的空之箱，第五集的视界一隅，腐朽之声，第十二集的命运之花，mmk和27的相互拯救，可爱的486与精彩的单人回，27与父亲和阳菜与钻尘的和解，27与mmk的坚持。gbc有如此多的优点，也存在虎头蛇尾，种种的缺点，但就像冰菓和古利特里所说，处于节能处于无聊的人，总是希望会有一个人，一个东西可以将他们从“无聊”中拯救。在24年已经对动画有些懈怠的我，在那个4月，gbc只用第一集就拯救了我，或许在冷静下来我可以说出它太多太多的缺点，但动画对一个人的意义所在，就在于那几个瞬间，所以在我这里gbc是永远的9分。,9,神作,2026-3-21 11:02,saberll14,431767,girls band cry,mmk274862727mmkgbc“”244gbcgbc9,mmk274862727mmkgbc “ ” 244gbcgbc9
"总体推荐一看
先说优点：得益于3d制作带来的极其灵动的表情动作，以及live下的大动态运镜让人看的很舒服
除此之外我能看到的全都有点小问题：相比较之下的2d动画太差，看了流畅的3d，下一秒镜头一切，给到一个卡顿的2d动画的割裂感太强，十次有九次得出戏。
剧情方面只能认为是标准的主角带着大家一起走的感觉，只有个别集处理了成员间的矛盾，其余几乎全是无脑跟着队长走，而且在队伍里有阅历明显更深的两个大朋友在的情况下，我只能认为这是为剧情所做的妥协
在故事所想表达的方面，我感觉制作组想触碰的问题太多，太深，以至于短短的13集根本表达不清，结果是草草收尾，实在可惜。",7,推荐,2026-3-21 00:23,平泽祈,431767,girls band cry,"3dlive
2d3d2d

13",3dlive 2d3d2d 13
收尾方式可以说草率到比mujica还恶劣，完全无法接受。音乐节后剧情的内容跟节奏跟前几集完全脱节。而在文无第一，并且没有给出一个让人信服的标准的情况下评判音乐高低，本身就是一件很难绷的事情。,6,还行,2026-3-20 01:08,Orange_JAMGO,431767,girls band cry,mujica,mujica
这期神了，前面还有一点文戏讲一讲这个现实逻辑，讲一讲这个过往什么的2，后面逐渐猎奇向脱离实际，而且很明显的为了爆而爆全是女女关系性全是爆，开始小头控制大头开始瞎几把写圆不回来了，让后==然后依旧经典公式化打法开个live屁事没发生，花田你真他吗傻逼啊又搞伏笔又不出2。不过很有青春感是真的，中专能没青春感不。,7,推荐,2026-3-16 15:09,穗娜,431767,girls band cry,2live2,2live2
剧情老套，给我看睡着了，奇怪的氛围特效比较出戏，明明5个人的乐队，却基本只围绕着nina和mmk与隔壁钻石星尘的爱恨情仇写，486就负责给她俩不分场合不看氛围地爆来爆去打圆场，剩下俩纯工具人。live片段太少，镜头晃得我难受，很多细节逻辑上也很奇怪，结尾非常仓促。看下来唯一的记忆点是写亲情那一集，以及nina的cv表现不错,3,差,2026-3-15 20:16,洛汀,431767,girls band cry,5ninammk486liveninacv,5ninammk486liveninacv
3D质量非常好，东映做的还算不错。剧情还算可以，青春感太强烈了，大家性格都好扭曲。音乐质量也都不错，但是每次的live都看不过瘾就没了，音监在干嘛呢。结局感觉好草率，完全没意识到是最后一集，纯纯过渡回的感觉，然后就结束了，看着好不爽。看在原创份上，也还算可以了。,7,推荐,2026-3-15 00:13,白水可可,431767,girls band cry,3Dlive,3Dlive
情绪旋风，席卷四月。当隔壁夜晚水母不会游泳中道崩殂之后，GBC扛起了原创动画的大旗，基本圆满地延续到了最后。 监督酒井和男与脚本花田十辉的表现亮眼，在美少女X乐队的框架内，加入了一点点摇滚的香辛料，以及各个成员之间那股执拗的青春感，虽有些地方用力过猛，但作为一出故事而言恰到好处。虽第一季故事显然没讲完，但总体没太大问题。 以及最后，技术在强到某种程度的时候，则足以成为内容，同时又反哺于内容，本作的超精良3D就隶属此类。东映再一次向业界展示了哪怕是TV，3D都可以做到如此恐怖的水平，制作单独再加一分 [24.6.30; 25.1.2 二周目; 26.3.12 三周目],8,力荐,2026-3-12 01:08,Rika,431767,girls band cry,GBC X 3DTV3D 24630 2512  26312,GBC X 3DTV3D 24630 2512 26312
mmk daisuki❤️,8,力荐,2026-3-10 23:57,自行八卦炮,431767,girls band cry,mmk daisuki,mmk daisuki
讨厌ep10，13,5,不过不失,2026-3-10 01:24,绳梦,431767,girls band cry,ep1013,ep1013
最后live不放完你是人吗？还有你们五个人还能线下开live不？（另外三人还能复活吗？2026.3.9）,7,推荐,2026-3-9 22:09,花川芽衣子,431767,girls band cry,livelive202639,livelive202639
7.2 原来东映也要吃大少女乐队时代的宏利吗，我说年轻人看的第一部东映动画（。确实是有点为了摇滚而摇滚了，本质少女偶像乐队。不过歌好听。东映的3d确实有点烧钱了。,7,推荐,2026-3-8 06:53,gachi,431767,girls band cry,72 3d,72 3d
刚开始听说是3d本来没想看的，结果质量高到这种程度么，qwq,9,神作,2026-3-6 12:03,狼鸟,431767,girls band cry,3dqwq,3dqwq
"7.5/10 
几部热门少女乐队番里，GBC那后硬核、EMO曲风是我偏爱的，写得也确实好；可令我惋惜的是，GBC剧作完成度偏弱。
开篇把舞台放到了更广阔的世界，承载更多话题：独居、生存与梦想、独立与主流对抗、对风格的坚持或妥协…无不带有现实色彩、可展现角色做选择的能动性。可惜剧作似乎害怕把冲突写得出格，始终束手束脚，后五集尤其最后两集非常乏力，乐队事业、人际矛盾和解都进程仓促。仁菜出走后家人妥协、乐队演出反响好而新歌数据惨淡、反目的旧友想帮自己…这些困难像障碍赛关卡，给角色提供奋进、努力的理由，却未曾真正让角色陷入危机。而冲突的解决，经常是仁菜爆发宣泄，哪怕这番标题有“呐喊”，这喊口号的作用也太强了…Hina角色线失败，本应与仁菜相对照，但其描写缺失，沦为行为突兀的工具人。
不过因为对仁菜某些经历有共鸣，再加上视听体验好，追番过程还算享受。",7,推荐,2026-3-5 20:29,雪岭Snowii1999,431767,girls band cry,"7510 
GBCEMOGBC
“”Hina",7510 GBCEMOGBC “ ” Hina
ep10神回，单集可以给满分，算上之前的综合9分，可惜最后一集拉了，小孩姐性格还是有点欣赏不来，单论对于该不该帮被霸凌的那件事我还是站Hina那边，小孩姐这不纯引火上身了，看的头疼，但是动画制作确实精良，最终在7分和8分中选了8分，感觉给7太低了，8分偏高但是四舍五入可以给到8，至少比隔壁卖狗和母鸡卡那帮老娘们逼逼赖赖你推我搡强太多了,8,力荐,2026-3-1 01:24,日傘星雨,431767,girls band cry,ep109Hina788788,ep109Hina788788
（补档2024.12）作为一部日式少女乐队番，歌很好听，live的3d也很灵动，但是对于后来的两人组的安排不太友好，一直在解决的“做自己喜欢的音乐”其实并没有完全实现，回到了一开始的窘迫境地，希望有剧场版能够给出答复,7,推荐,2026-2-28 16:17,ANR,431767,girls band cry,202412live3d“”,202412live3d “ ”
GBC在画面表现这一块确实没的说，但剧情上的缺点也无法避之不谈，叙事的编排不太合理和13集TV动画的剧情容量导致结尾有些匆忙，甚至可以说是比较烂 然后是hina的人设从最后一话才开始立，明明是贯穿小孩姐一整个心理活动的重要人物，结果看下来似乎有没有都一样,6,还行,2026-2-28 13:11,🐷🦌🦊🦈🥥,431767,girls band cry,GBC13TV hina,GBC13TV hina
第一集观感很差，主观评分5分。宣传插画有多好看就衬得3D正片有多寒碜。从第一支单曲发布开始关注，到正片开播感到很失望，正片质量不如单曲PV，模型动作粗糙，表情总是过于夸张不够细腻，剧情发展生硬，讨论度全靠刻意meme化的镜头带起来，令人反感。希望后期角色全部正式出场开始铺陈之后能补足吧。第二集观感比第一集好很多。,6,还行,2026-2-28 04:54,ココアちゃん,431767,girls band cry,53DPVmeme,53DPVmeme
空の箱还得是mmk来唱，充满经历的大姐姐声音，温柔中有着一丝疲惫但又坚强的感觉。3d演出效果也特别好，就是帕鲁都累死了。,9,神作,2026-2-27 19:48,超级仓鼠王,431767,girls band cry,mmk3d,mmk3d
仁菜这个角色塑造得非常成功，小孩和大人的吵架写得也十分工整，整部作品却没有一个足够rock的结尾来应承前面的精彩，还是蛮可惜的。//我…我…我想起来了！?☝我才不是什么买够母鸡卡、什么纽带乐队、什么滑滑蛋、什么JELEE、什么芙兰秀秀的粉丝，我是有刺无刺的粉丝！（竖小拇指）,6,还行,2026-2-27 14:24,Melody,431767,girls band cry,rockJELEE,rockJELEE
"制作无可挑剔，精致的3D给观众带来了视觉盛宴，唯一不好受的可能是3D动画师们吧
不过整体来看并非十全十美，每一集都靠“爆”来解决问题，使动画变成了情绪主导而非剧情主导，完结之际再来细想剧情，其实就是4位低学历女士被1位大姐大带着不计后果的玩独立乐队，客观的讲，若这样的事情不是发生在动画中而是三次元中，或许我们也会嘲笑他们吧",7,推荐,2026-2-25 23:56,Aronnax,431767,girls band cry,"3D3D
“”41",3D3D “ ” 41
动画7分，优秀3d+2分，gbc的3d太好看了,9,神作,2026-2-25 17:30,Miku,431767,girls band cry,73d2gbc3d,73d2gbc3d
"这或许会成为我接受3d动画的转机/
/这动画做到这份上我觉得确实是相当牛逼了，很难想象花田同期还有个京吹，两边都不让主人公好过是吧？能不能让那所谓的抱憾美学一边凉快去？话是这么说，gbc的剧本我看着还是比较满意的，毕竟有刺无刺结束时是真的才刚刚开始，她们最后要真赢了钻团我才会觉得逻辑上有点说不过去（虽然会很爽）。最后感慨一下，小孩姐是真小孩，mmk也是真扭曲，两个傲娇凑一块，乐子遍地开。然后，rupa，tomo，486真可爱。歌也很好听，某些单集有花田魔法。",8,力荐,2026-2-24 23:43,guliwy111,431767,girls band cry,"3d
gbcmmkrupatomo486",3d gbcmmkrupatomo486
3d十分灵动，音乐夯（有冰），情感在ep8达到巅峰。后期给剧情减速（备战第二季？），结尾略微有些刻意，但整体完全对得起三个月的追番体验,8,力荐,2026-2-20 23:40,蜡屐丶,431767,girls band cry,3dep8,3dep8
"夯爆了！顶级MV！每一集都可以是神回，故事越看到后面越令人感动、泪目。
nina，因帮助被霸凌同学导致自己被霸凌至退学，她的成长与任性，正论怪就是这个年纪该有的年轻气盛的样子，虽然经常吵架，但正是她坚持没有错这一点才吸引到了更多人。
昴，队伍中的调和剂，高中生人设，不想和奶奶一样当演员，想组乐队，在音乐中宣泄。
桃香因为坚持自己的风格退出乐队，现在重组乐队遇到了一群同样目标的队友，在nina身上看到了曾经的自己。
小智也是辍学组乐队，但因为太坚持自己的想法，表达直白导致解散。现在的她和rupa一起遇到了能接受自己想法的人。
rupa，最知心最年长的大姐姐，经历了家人离世，陪伴小智度过了最艰难的时刻。
正是这样的五个人组成的乐队，才有着没有退路，不得不走下去信念。
太喜欢这样的歌词了，这些词发出的摇滚宣泄，就像刺一样击中人心。",8,力荐,2026-2-20 21:50,思详者,431767,girls band cry,"MV
nina

nina
rupa
rupa",MV nina nina rupa rupa
音乐和LIVE做得很出色，制作也太顶了，如果在11集结束这一季的话真的是很不错的一部作品；结果最后两集智能让我想起Princess Principal：主打一个跳跃和唐突，剧情快如火箭，人物的不少行为逻辑根本根本说服不了观众。以及DD的蓝毛和黑毛真可爱啊……,7,推荐,2026-2-19 20:57,Rye,431767,girls band cry,LIVE11Princess PrincipalDD,LIVE11Princess PrincipalDD
除了最后的播放量这种机械降鬼之外，只能说，神作！反正它是很深的触动到我了。立体的人物形象，不屈且反抗的内核，再佐以超强的演出，woc，最爱动画之一了好吧b（￣▽￣）d,10,超神作,2026-2-15 23:51,阴凉之地,431767,girls band cry,wocbd,wocbd
9-。文戏优秀。仁菜性格独特但又不招致观众反感，在剧情中还有成长弧光。Live的演出特效很有趣。昴奶奶没有被塑造成单纯的执拗家长好评。| ep.8 神回无须多言。| ep.9 仁奈的成长很棒，矛盾解决的过程很棒，但tomo的话与其说是建议不如说只是单纯的人身攻击吧.. | ep.10 又一个神回，不太感冒家庭戏但还是被感动到了 | ep.11 live太好看了 | 结尾真就是高高举起轻轻放下，live也只有半首歌，没有情绪爆点。,9,神作,2026-2-15 19:05,koala,431767,girls band cry,9Live ep8  ep9 tomo  ep10   ep11 live  live,9Live ep8 ep9 tomo ep10 ep11 live live
"三渲二做的很好，剧情过度也不错，就算是只听一听歌也是不错的
PS：我喜欢486和RUPA",10,超神作,2026-2-15 10:04,棠の祈,431767,girls band cry,PS486RUPA,PS486RUPA
【6.5+/10】仁菜那股子冲动鲁莽却又激情万丈的精神成为了全篇的最大内核，能否认同并欣赏仁菜对各种现实问题与矫揉造作进行横冲直闯是观看这部作品的一个门槛，从这点上看本作偏向理想与浪漫主义，如果对现实过分在意就会陷入无法进入心流的状态，我初看是也是如此，但在二刷后我坦然地进入了仁菜的节奏，跟着她一起闷头向前，此时的观看体验非常出彩，不仅仅是耗费心血的3d制作在视觉上与演出一同呈现了视觉盛宴，live歌曲更是在悦耳的基础上充分调动起了我渴望观看下去的欲望，但我实在是没想到这个结尾竟然如此糟糕以至于毁了我前面的所累积下来的激情，一方面是这个结局过分潦草轻率，粗暴把坑全填了之后留下第二季的预告这是很搞人心态的，而这结局的内核一反浪漫主义的美好，用现实迎头重击了主角团，后续的回旋让我看到精神全无，说到底gbc也算不上纯正的摇滚动画，但摇滚味被这结局一扫而空了,6,还行,2026-2-14 19:05,岚瑟,431767,girls band cry,65103dlivegbc,65103dlivegbc
笑麻了，有种当年追mygo的感觉总之非常爽。集集都有文戏+live演出/大小唱，配乐在渲染情感上做的很到位，节奏缜密观感十分舒适。3d模型的面部微表情处理也很出色（2d作画倒是很廉价），可惜结尾太仓促不是很满意，期待续篇,8,力荐,2026-2-12 13:17,ifo,431767,girls band cry,mygolive3d2d,mygolive3d2d
3d制作很惊艳 对live的表现力提升很大 矛盾的塑造确实摇滚 最后的结尾也确实虎头蛇尾 期待后续,8,力荐,2026-2-8 11:36,AY,431767,girls band cry,3d live,3d live
你的3D制作很丝滑，你的粒子特效很神秘。前十一集的剧情中规中矩，稳中带点创新，后两集则不尽人意。同样是近几年有热度的少女乐队动画，演出比mygo强，人物塑造与关系处理不如mygo，真希望这俩的优势能够结合。几首live写的还不错。而且我发现似乎这类番的故事推进只能靠冲突和爆点了，孤独摇滚的那种完全依托于人物欲望的动机线推进几乎很难再见到。,6,还行,2026-2-7 10:59,平丘寻冬,431767,girls band cry,3Dmygomygolive,3Dmygomygolive
3D技术做的太丝滑了，不过感觉rupa和tomo的塑造感觉有点少了，蹲第二季,8,力荐,2026-2-2 14:31,MLPK,431767,girls band cry,3Drupatomo,3Drupatomo
"这结尾太难受了吧，不知道何日能等到第二季。除了27和mmk其他队友塑造不算多，比较可惜。
我还是挺吃花田这一套的，情感上到位了。虽然有些情节确实不能细想（）
这种3d做的好可爱。
音乐意外的没怎么对上电波，再听一会。",7,推荐,2026-2-2 09:39,Wikn,431767,girls band cry,"27mmk

3d",27mmk 3d
"2024新作 我心中的top1
结尾的处理有点拉了，这个8分给得很别扭，心中7.7-7.8分左右的作品",8,力荐,2026-1-31 12:29,61117_s-s,431767,girls band cry,"2024 top1
87778",2024 top1 87778
"本身不是很喜欢这种题材，但是看完感觉很好，插曲很好听，特别的作画也使角色非常可爱
momoka这个角色给我的感觉很奇怪，故事里拉着高中同学破釜沉舟搞乐队，最后不乐意直接跳车了，还好动画里过的比较惨要不然她的观感真的会差很多，就这样还被主角硬推着跟老队友对决，这样想想主角其实是不讨喜的，把自己的意愿强加在其他人身上，作者为什么要为读者负责，你听了她的歌被解救了，也许只是别人的随手一曲，一千个观众有一千个哈姆雷特，拜托你不要擅自期待、擅自破防啊，hhh
13集想讲好一个贴近现实的成长故事太仓促了，还是比较可惜的",8,力荐,2026-1-31 01:31,Hikaren,431767,girls band cry,"momokahhh
13",momokahhh 13
本来觉得3D挺看不进去的  啊啊啊486可爱腻  mmk这个美啊 一开始觉得nina这个b性格挺烦的 但是他就是那种不服输的性格啊   老子就是喜欢这种直击心灵的番 终于可以看到不同风格的乐队番了 不再是人物类似 也不是剧情类似 nina篇还是挺感动挺戳我的  第十集真夯爆了 成长与青春共鸣 冰！！！！！！！,8,力荐,2026-1-30 22:25,喜之郎,431767,girls band cry,3D  486  mmk ninab        nina,3D 486 mmk ninab nina
"小孩姐我还挺喜欢的，其中印象深刻的与父亲和解、很多女女关系的吵架和解都很不错。
但是故事完整性欠缺，同时人物塑造没有mygo的出色，gbc当中后期加入的两个角色在前期的画面太少，以至于到后期这俩角色与整个团体的互动性，给我观感一般。
最严重的问题是，我怎么总感觉这故事都不是马上下个阶段了，是在进入第一个阶段结尾的时候把结尾砍掉了，这给我极大的割裂感7.5-8分左右，没有mygo那么优秀，但也算值得一看的少女乐队题材作品，小孩姐刻画极其优秀。
不赞同小孩姐的价值观，但是欣赏她这种精神，可能也随之年龄越来越大，不再是希望成为而变成单纯的欣赏这类人了，我对小智的观感很一般，远没有在看mygo与母鸡卡对祥子的喜爱和乐趣，整个剧情当中桃香的之前的钻石星辰基本上就是纯背景板，她的那仨队友跟路人没啥区别，对粉毛刻画态度好，最后一集草草结束，有感动也有乐趣，但",7,推荐,2026-1-30 16:31,码头上没薯条,431767,girls band cry,"mygogbc
758mygo
mygo",mygogbc 758mygo mygo
live演出很惊艳，全程3d毫无违和动作流畅得令人印象深刻，大部分曲子都很有jpop味，仁菜cv理名稚嫩但具有爆发力的声线也非常适合摇滚，美中不足的是对键盘手贝斯角色的塑造太少了，后半段剧情也略有赶工，感觉结束的较为突兀，是一部高开平走较为遗憾的作品,9,神作,2026-1-29 22:34,一根烤韭菜,431767,girls band cry,live3djpopcv,live3djpopcv
"...故事方面我认可了。
...但是除了空之箱以外的其他歌我自己真觉得听不下去。
唱太快了...风格不喜欢，
导致我在大量skip。
由于接受不了是我的问题，所以就不给6分了，给7分吧。算补偿一分。
但我不想看第二遍了。",7,推荐,2026-1-29 15:49,末永唯,431767,girls band cry,"skip
67",skip 67
"音乐的角度我打10分，太爽了这个有刺无刺！当时是看了PV，好厉害的3D作画，还是原创番，我倒要看看是什么样的。

原创番……标准结局……不能说低走吧，很戛然而止的感觉？

动画剧情的处理上，人物故事线来说很喜欢第十集仁菜回家的这段情节。",8,力荐,2026-1-27 23:38,予禾,431767,girls band cry,10PV3D,10PV3D
"大量精细3d的运用，带来了出色的画面表现以及生动的角色表情动作，几个角色的配音贴合形象，歌也好听。但剧情上，正论怪物巨大冲击gbc（？
从人物行为来说，其他角色的成长都遵循“组乐队-乐队与雷点冲突-解决心结”的模式，传统好用。但作为叙事中心，剧情中反复强调与自己、与家庭、与队友、与钻团的冲突，会让我感受到一种“小孩姐为什么又在找事”的荒谬感。
从剧情层面看，乐队的所有重大转折，无论是成为职业乐队、还是与钻团的纠葛、抑或是出道后又光速退社，起因或导火索总可以归结到小孩姐。小孩姐做这些是为了证明自己？替mmk正名？反抗在学校遭受的不公？还是单纯的想做一个天天辩论的正论怪兽？这一系列事件的爆发是否考虑过队友？或者说，13集结束，我们看到的是成长的小孩姐，还是认为自己不需要成长的小孩姐？
而最后以退社结尾，都只能算是情绪低谷剧情平稳落地的小遗憾了。",7,推荐,2026-1-27 07:11,vapourbun,431767,girls band cry,"3dgbc
“”“”
mmk13",3dgbc “ ” “ ” mmk13
二刷，虽然我不懂摇滚，但我感觉正论怪物很摇滚，结果路边一条很现实也很摇滚。从小时候被家长强迫为自己没做错的事道歉成为一辈子忘不掉的心理阴影，但不知什么时候开始一有人指出错误就唯唯诺诺地低头认错，心里再不爽但我只能安慰自己从经验来看这是最省事、最轻松的方法。就在前几天我骑车拐弯被路口冲出来的车撞了，那人刚爬起来就一口咬定我全责赔钱，看了看手表还有 5 分钟迟到，我再想理论也只能对对对然后赔钱走人，还要看他指高气昂地教训我以后拐弯记得长眼睛看路。至少对我这个被现实拷打而冷漠的灵魂来说，小孩姐这种我没有错的意志还是很感动的，在内心深处我也好想无视现实各种枷锁和这些咄咄逼人的家伙战斗到底啊(bgm38)。,0,未评分,2026-1-24 01:04,~翻~车~鱼~,431767,girls band cry,5 bgm38,5 bgm38
美味的女乐，使我的大脑旋转。虽然是3d但是演出观感不差，矛盾1集内解决，比隔壁那个很多字母的好多了o(´^｀)o,8,力荐,2026-1-23 22:44,ウゲツ,431767,girls band cry,3d1oo,3d1oo
live 真不赖，人设除了小孩都不错，但是小孩唱的歌真不赖吧。情节抛开 ep9~13 不谈也可以吧，ep12/13 像（x）就是大奋。还是期待一手第二季吧。能有这个分纯粹是歌不赖。7.7(+0.8),8,力荐,2026-1-20 21:30,bot,431767,girls band cry,live  ep913 ep1213 x7708,live ep913 ep1213 x7708
"两段超级live，超级没尾剧情。
本身可以有6.5的样子，但是如果你的不甘心都是假的，现实里没办法回到五人团。小孩姐是动画里面的自己想要对抗的样子。很难过。
超级回旋，团队集齐，一起爽快live ，除了最后结尾没做好，别的都给我反抗的力量。是最好的少女乐队之作！最强少女乐队！",8,力荐,2026-1-19 12:05,05mengmeizi,431767,girls band cry,"live
65
live",live 65 live
还行，特别是接住了mygo之后avemujica之前的时间。,6,还行,2026-1-19 08:11,许谎,431767,girls band cry,mygoavemujica,mygoavemujica
剧情没有槽点；第八话是神回（主要是“老DD永不解散”，“老DD坚持原创”和“害怕新刺团重蹈覆辙”的矛盾），对MMK的心理描写很强大；486很好看，NINA很好看。,8,力荐,2026-1-18 09:56,1s77k,431767,girls band cry,“DD”“DD”“”MMK486NINA,“ DD ” “ DD ” “ ” MMK486NINA
"高超的3d技术力背后是staff们的努力。
前面两集非常惊艳，后面关于青春成长的叙事我不喜欢。",6,还行,2026-1-15 15:04,mikoto334,431767,girls band cry,3dstaff,3dstaff
在本心方面，以愤怒为底色，把对不公和从众的抗争贯彻到底，仁菜是对的。在搞乐队方面，相比商业上迎合受众大卖的乐队，有个性和独立主题的乐队在立意上更高远，仁菜又对了。我不是不能输，但我不能违背我的本心，以及内心中燃烧的愤怒——我要尽我所有的力量，即使不能把一切打碎，也要用全身的刺给你们留下伤痕。对我而言，トゲナシトゲアリ的灵魂，这位不讨喜的正論モンスター，无疑是摇滚精神的绝佳体现。//很喜欢本作的仁菜part（ep1，ep10，ep13等），配上优秀的画面和曲目，情感演出非常精彩。乐队题材是适合写群像剧的，本作的人设也非常好，然而另几位主角有点可惜，除了桃香刻画稍多，看得出还有很多内容没有展开（展开好不好另说了）。//还是仁菜，一边大喊大叫，宣泄情绪，竖起小指；一边到处用佛像周边（？），在群聊里发佛像感谢表情包，这怎么能不算是另一种霹雳手段，菩萨心肠？,8,力荐,2026-1-15 00:26,香饵,431767,girls band cry,partep1ep10ep13,partep1ep10ep13
主线剧情我其实不想讨论什么，但是情节设计和表现力非常棒，如果不是结尾比较仓促，我要给出10分！剩下的都是k帧帕鲁的功劳，这个3d风格我真的非常喜欢，不知道这辈子还有没有下一次,8,力荐,2026-1-14 05:19,成神之日,431767,girls band cry,10k3d,10k3d
这番的看点首先就是3D了 算是我看过的3D表达的最完美的动画之一 角色表情 动作 舞台展示 都很灵动 和2D的优势比起来就是展示的更加完整。另外和其他的mygo mujica比起来 这番的重力实际上是关乎角色自身的成长 所以其实相对来说也不怎么重力。再加上角色的塑造其实也挺完善的 所以我认为算是很优秀的作品 缺点当然也有 也就是后期的剧情稍稍显得有些赶 算是个不大不小的遗憾吧。,8,力荐,2026-1-13 00:55,最喜欢老仓,431767,girls band cry,3D 3D     2Dmygo mujica,3D 3D 2Dmygo mujica
"每個玩樂團的人都有自己的理由，而本作的主角們正是因抱持著""我沒有錯""、""想反抗""、""想證明自己""的想法才聚集在了一起，這樣的情感宣洩，比孤獨搖滾來的猛烈，比mygo來的現實，將世間的不公與理念的不合全部釋放到音樂與歌聲中，這就是搖滾啊。而此類的題材正是花田的舒適圈，快速的劇情節奏讓觀眾不用在意劇情的細節只需隨著體會那豪放不羈的情緒流即可。本作的3D是另一個值得誇讚的點，絲滑順暢又Q彈的動作表現力不輸2D，頭一次覺得有這品質的3D那不用2D也行的動畫，而這背後是東映的帕魯們對著分鏡一幀幀K了三四年的心血。歌曲部分初聽沒特別喜歡，但意外地耐聽，現在刺團反而是最常聽的。結尾倉促的斷章算是本作唯一的遺憾，加上動畫完結後無後續企畫的消息便顯得有些不負責任。繼孤獨搖滾與mygo之後GBC也成功走出了屬於自己的路，不過照這製作進度就算有二期2028能出已經很樂觀了",8,力荐,2026-1-10 20:45,芒果咖啡,431767,girls band cry,mygo3DQ2D3D2DKmygoGBC2028,mygo3DQ2D3D2DKmygoGBC2028
"2024-06-29 看完
歌不如孤独摇滚，二创不如mygo，但是3D制作水平太强了",6,还行,2026-1-9 23:48,躁动的U型锁,431767,girls band cry,"20240629 
mygo3D",20240629 mygo3D
剧情9/10分，音乐9/10分，但GBC的セルルック效果是我目前看过的所有番里面最鹤立鸡群的存在。最初也是因为看到了竖中指谢谢的切片，然后被セルルック的质量狠狠惊艳到了才去追的（很久之前被LoveLive! Sunshine!!粗制滥造的3DCG演出吓晕过，吃过的最好的3D细糠也不过是希德尼亚的骑士这种水平的，东映则是直接改变了我对CG动画的认知——妈的只要肯砸钱就能做出无敌的セルルック动画，穿插2D手绘是为了省经费说是）。但我并不是因为这个100/10分的制作才打的10分，打10分是因为我喜欢理名！！！,10,超神作,2026-1-8 06:12,Moroshima,431767,girls band cry,910910GBCLoveLive Sunshine3DCG3DCG2D100101010,910910GBCLoveLive Sunshine3DCG3DCG2D100101010
适合小市民的摇滚精神，祝愿每个486不必成为nina就能收获幸福,8,力荐,2026-1-8 03:46,存在主义爱丽丝,431767,girls band cry,486nina,486nina
"前面忘了后面忘了，总之竖起中指
Ps：rupa的大雕同人真的很好看你知道吗",5,不过不失,2026-1-7 02:31,hbgodseeker,431767,girls band cry,Psrupa,Psrupa
"没看之前就被出圈的表情包刷爆过，近景手绘表情是真的精致，这种建模应该是我目前看过最精致的3D
不过远景依旧3D塑料感和Mygo一个通病
，剧情节奏上很流畅不会出现莫名其妙的小插曲（都有对应的伏笔），影响整条故事走向，一直低谷（详见Mujica），结尾略低于预期但也不算差
486是好女人...",9,神作,2026-1-6 23:39,olafbruce,431767,girls band cry,"3D
3DMygo
Mujica
486",3D 3DMygo Mujica 486
"制作和音乐是真的顶，小孩姐太牛了，就是不懂为什么live用录音室音源，临场感太差了，都不愿意改改混音，做成偶像番了
486一开始棒读也很出戏，到后面进步明显，可爱捏
剧情纯纯王道走向，结尾有点小孩过家家了...",8,力荐,2026-1-6 09:50,rr0r,431767,girls band cry,"live
486",live 486
优秀的3d略带争议的剧情，疑似有点rock了,7,推荐,2026-1-3 17:47,lafea,431767,girls band cry,3drock,3drock
"有部分很割裂，整体不及预期
角色个性算是塑造出来了，矛盾很到位，乐队里形象各个都挺立体的，虽然是3d但是做的非常不错（看得出来很烧钱，脸部造型跟光影很用心
歌曲水平不算稳，就op跟番内其中两首比较好听。",8,力荐,2026-1-2 11:29,Ikeni,431767,girls band cry,"3d
op",3d op
7.7分，好看的少女乐队番，需要第二季多来点live,8,力荐,2026-1-2 01:44,Mortis,431767,girls band cry,77live,77live
这部是一直想看但放着没看的，因为评论老是刷到只有一个正常人，但是看了还好，第一季其实展开讲了2个人的故事没有想象中的负担，反而全程节奏舒适，每几集就会有小高潮，低谷不会一次性很久。然后是这个3D，让我开眼了。我很喜欢live时成员的表情，比如k一on，后面看Mygo感觉表情不够生动还有点遗憾，没想到同为3D的GBC做得那么好,9,神作,2026-1-1 19:41,枫笺集思,431767,girls band cry,23DlivekonMygo3DGBC,23DlivekonMygo3DGBC
小孩姐的人物塑造得很好，这就是ROCK。3D制作意外地很不错。,7,推荐,2025-12-28 15:04,rikka0612,431767,girls band cry,ROCK3D,ROCK3D
7分，作为音乐企划是成功的，作为番剧是失败的，动画人不要命肝出来的划时代3D动画配上个乱七八糟的剧本也是可怜。人设本身没大问题，486可爱捏，但每个人的个人回就很牵强，自身问题都没有解决只是直接被抛弃，后面加入的2位更是一笔带过，重重拿起轻轻放下，剧情很割裂。卖歌方面，天赋主唱炫技，但说实话不太顺耳，还是说这个风格本身就很吵闹，不过能大卖估计是我落伍了，还有这个团名，嗯，真的就这样，还火了？行吧。,7,推荐,2025-12-23 03:41,憨居小朋友,431767,girls band cry,73D4862,73D4862
第8集达到情绪最高点，后续不能说不好看，但是总感觉差一口气；第9集tomo回，感觉就是小孩子不会说话，情商低了；第10集跟父亲和解，情感表达感觉太含蓄了，对我没太大触动；11音乐回，歌感觉一般，没mv画面好看；第12集给13集垫了，希望能来个大的,8,力荐,2025-12-21 03:27,无奈浮竹,431767,girls band cry,89tomo1011mv1213,89tomo1011mv1213
"同学推荐。看了前四集，感觉不错，对于同为3渲2的《mygo》来说，剧情变的更精彩，那些放弃乐队的理由也更有逻辑（这里不是说《mygo》不好看，而是一个好，另一个更好），同时也反映了想组乐队出道的梦想在当今社会还是难以实现。
现在看完了",10,超神作,2025-12-20 23:14,尤子然,431767,girls band cry,32mygomygo,32mygomygo
只有前八集在个人心中无疑是神作级的，特别是第八集的演出，还有原来3d的演出原来可以这么昂贵吗。可惜后面有点没活硬整了，为了矛盾而矛盾，我还以为是因为半夜发歌没推流才没播放量的，结果还真是没人听吗，那前面的live演出算什么？理名那么好听的歌声算什么？不如给个会有第二季的结尾还好点，毕竟小智和rupa你都没怎么讲。可惜没如果，只剩下结果~,7,推荐,2025-12-17 01:28,枝尾生雨雀,431767,girls band cry,3dliverupa,3dliverupa
3D制作是动画的一大亮点，最终呈现的效果很好，尤其是Live片段里炫技的运镜。这部番剧本的问题还是花田十辉那一套，很擅长设计极具爆发力的戏剧性场景和台词来调动观众情绪，当情绪成为主要驱动力时，角色的行为动机和情节的逻辑自洽可能被削弱从而掩盖了一些叙事上的逻辑。整个故事近乎Nina的“大女主传”，其他成员如rupa、昴等的背景故事浅尝辄止，更像推动主角成长的功能性角色。最后一集更像是赶进度，多条线未充分展开，结局铺垫不足，有仓促与“烂尾”感。Live方面更像是偶像番那种“情绪的终点”与“成果的展示，而不是像Mygo那样，把春日影、诗超绊融入到剧情中，发挥作用，从而令人印象深刻。而且音乐监制存在很大问题，Live缺乏临场混响，音质像CD。第八集和第十集的情绪流做得确实好，如果你喜欢独特的视觉体验、强烈的情感冲击，并能容忍部分剧情上的“任性”，那推荐观看。,7,推荐,2025-12-15 00:50,MOMOKA,431767,girls band cry,3DLiveNina“”rupa“”Live“”“MygoLiveCD“”,3DLiveNina “ ” rupa “ ” Live “ ” “ MygoLiveCD “ ”
struggle很真实，人设也很好，就是缺少了一些戏剧性，不知道是不是为第二季铺垫，但是有种没结束的感觉,8,力荐,2025-12-12 18:25,oiiaioiiiai,431767,girls band cry,struggle,struggle
ep10给我一种“和老妈吵架之后把自己锁在房间里，然后她终于喊我出门吃饭”的感觉//ep11演出目的明确到让人头皮发麻，太爽了,9,神作,2025-12-10 10:37,nolice,431767,girls band cry,ep10“”ep11,ep10 “ ” ep11
3dlive神中神，可惜最后花田憋了坨大的，要是第二季圆回来了再回来加一分,8,力荐,2025-12-10 00:00,Dreemurr,431767,girls band cry,3dlive,3dlive
［7.9］节奏很舒服，有完整的推进过程，gbc的角色塑造跟其他少女乐队番的切入点不太一样，在音乐制作的同时对角色进行塑造，是我喜欢的风格，期待下一季(=^▽^=)(mmk是真酷啊),8,力荐,2025-12-7 23:40,纸鸢逐风,431767,girls band cry,79gbcmmk,79gbcmmk
该说不说，本作对我的第一印象其实是堪称业界最先进的3d画面，其次是人物塑造方面也堪称优秀，个人认为桃香的塑造最佳，小孩姐塑造虽然次之，但却是最能打动我的，与父亲的矛盾、对现实的愤恨刻画出了一个外表带刺，内心娇柔的女孩形象。虽然剧情上面，后期的突然转变破坏了一部分观感，但并未造成不可挽回的影响（点名京吹3）。最后不得不提的是，作为一部乐队题材动漫，歌曲的重要性不言而喻，个人认为，不同版本的空之箱代表了不同人在不同时期的处境以及内心想法，细究歌词又能指代角色，对部分人的现实来说也能产生绝无仅有的共鸣，可以说这部动漫成功的1/3都归功于这首空之箱。期待后续！,8,力荐,2025-12-6 20:06,Uchiha Tobi,431767,girls band cry,3d313,3d313
很好看，不仅仅是精致的3Dlive，上头的歌曲尤其是op，我更喜欢主角仁菜的塑造，作为未成年的这种不成熟行为和叛逆感是好多所谓高中生题材作品里感受不到的，甚至我自己也有过类似和家人同学赌气争吵的经历因此很是感同身受，她在动画里的慢慢成长也让我很是欣慰。其他角色虽然也不是很完美但都十分讨喜，能真切的感受到有刺无刺乐队的活人感。可惜最后一集剧情还是太赶了，而且卢帕明明有着最悲惨的经历却是本片最亚撒西的角色，连个人回都没有很是可惜，总之希望能有个续集，想看他们在动画里登上武道馆\^O^/,8,力荐,2025-12-4 20:36,Deathstroke_Wilson,431767,girls band cry,3DliveopO,3DliveopO
最好的乐队动画，超一流的制作，激流勇进的剧情展开，优秀的人物塑造，酣畅淋漓的情感碰撞在音乐中绽放，叛逆而激昂的风格完美符合我心中的rock。结尾小有争议，可以说是没有把那种风格贯彻到底的感觉，但总体观感还是很爽快，希望来个剧场版补充一下【8+】,8,力荐,2025-11-27 20:02,爱城★华恋,431767,girls band cry,rock8,rock8
记得是高考刚结束看的 一开始因为是3d有些反感 后面越看越喜欢w 技术力太强了东映！人设很不错 声优的表演更是惊艳..小孩姐tql。期待剧场版！能不能有第二季啊TT,8,力荐,2025-11-27 18:40,illu,431767,girls band cry,3d w  tqlTT,3d w tqlTT
唉大女主，唉关系性，唉soulmate,8,力荐,2025-11-26 06:22,Aira,431767,girls band cry,soulmate,soulmate
"剧情比较有深度，对社会和人性描写的部分我比较喜欢。每个人心中都住着一个nina
可惜最后没写完，对于486，小智，露帕的剧情有些一笔带过，完成度稍差一些
制作没得说，砸了钱是真的能出好作品的",9,神作,2025-11-24 01:47,春待,431767,girls band cry,"nina
486",nina 486
3d做的太牛逼了，所有角色都很可爱，剧情觉得比mygo舒服多了，队员之间的羁绊情感非常动人，矛盾的展开也很好，不像mygo那么恶心人，第十集看泪目了，亲情的刻画很感人，少女乐队就应该这样，把人性中最美好最珍贵的东西展现出来，而不是搞什么黑深残，什么跪在地上爬之类的活。缺点是结局太突然了，期待续作,9,神作,2025-11-22 11:23,迷宫饭,431767,girls band cry,3dmygomygo,3dmygomygo
单从音乐来说，剧中的音乐大部分都一般 最好听的是op（虽然很洗脑）但是3渲2做的非常非常好 像我这种不喜欢3d的都很爱看 里面的人物互动都很搞笑很可爱 每一帧都能当表情包,8,力荐,2025-11-15 23:44,s0fumy,431767,girls band cry,op32 3d,op32 3d
做自己！//3D也能做出来这么可爱流畅的人物神态//7.5//240822二刷//251113三刷,8,力荐,2025-11-14 04:56,aerbioer,431767,girls band cry,3D75240822251113,3D75240822251113
7.5-9/客观还是到不了9，但意外地挺对胃口主观加分/比预想的好，剧情节奏很舒服，很多很有想法的分镜，女主性格意外地很能get到/优秀ep3，ep4，ep10，ep8小神回/ep9后其实剧情还是挺完整，但节奏确实太赶了，感觉如果多两集会更好/叙事分镜是真成熟/其实3d算作的很好了，做的很好的片段不少，尤其擅长加可爱的小动作，不过不自然的地方也还是很多，音乐“领域”的表现方式还是不然2d/第一集结尾还是略尬，后面还好，不过可惜可惜歌不是很合胃口（虽然风格可能很切呐喊的题），所以片里经常的结尾放live的手法我观感一般（这么一看才意识到btr的编曲风格真是在我这真是加分很多了），bgm的使用倒是加分的/486这个与其说是骗子不如说是三次元正常人/,9,神作,2025-11-11 16:49,gogogogoday,431767,girls band cry,7599getep3ep4ep10ep8ep93d“”2dlivebtrbgm486,7599getep3ep4ep10ep8ep93d “ ” 2dlivebtrbgm486
画面有点扣分了，希望能用好3D//ep1：王道的展开和有些刻意的现实要素混在一起让人物形象过分工具化，动作细节有待提升，保持这个水平到结局可能只有6到7分//总体低开高走再回落，少女乐队番最重要的情感细节略欠打磨，结局没有击中我呀，不然该有七分的,6,还行,2025-11-9 12:27,黑之钥,431767,girls band cry,3Dep167,3Dep167
haokan,9,神作,2025-11-7 21:37,R柱子,431767,girls band cry,haokan,haokan
//ep01 想着晚一点来看的，没想到居然拖了一年半。//ep02 才感觉有点过敏，想到17。嘛 完全成了老东西了啊我，时间好快,0,未评分,2025-11-6 18:53,天窗dd,431767,girls band cry,ep01 ep02 17,ep01 ep02 17
时隔1年半的补完，还是很明显地能感觉到因为各方面的原因，本作最后两集的故事内容很迅速地一笔带过了，多少有点可惜，不过续作剧场版也确定了，也算是好事吧！说回本作，首先对我来说最吸睛的莫过于本作剧场版级别的3DCG，可能是因为我看的少吧，这种类型的3DCG真的非常亮眼，不同于一般的CG，本作在表情动作上的形变可谓是相当疯狂，live部分更是极高质量，这种级别的CG真的大大提升了本作观赏性，也为本作故事提供了非常好的载体，ep1便是集大成之作，其他还有ep8、ep11等；其次便是“无刺有刺”主角团的人物塑造了，每个人的性格真的鲜明又鲜活，尤其主角nina，倔强冲动却又胆小脆弱，真的意外的讨喜（至少对我来说），也正是刺团五个人相互之间的化学反应才能让故事变得如此精彩！总之还是相当推荐的，一口气补完非常爽，期待后续剧场版了,8,力荐,2025-11-1 23:43,naralee77,431767,girls band cry,13DCG3DCGCGliveCGep1ep8ep11“”nina,13DCG3DCGCGliveCGep1ep8ep11 “ ” nina
"it's better to burn out than to fade away 
与其苟延残喘 不如从容燃烧",7,推荐,2025-10-30 21:43,はるゆき,431767,girls band cry,its better to burn out than to fade away,its better to burn out than to fade away
回过头来看gbc其实也算是一部不错的动画，当然里面也有没处理完的矛盾（比如nina和hina之间）结尾也是草草收束，以至于会有人说烂尾（毕竟续作到现在（26.2）都没消息），但个人觉得当nina回家与家人和解，回到东京队友全部来接那一段就已经把完成了这部番的叙事任务（当然如果停在这我就给8分了，那一段是真的很棒），后面的反而当附加的ova看或许会更能接受一些？（当然还是希望续作能出，花田应该也不至于搞成母鸡卡那种玩意儿吧）,7,推荐,2025-10-27 23:08,WPZRHD,431767,girls band cry,gbcninahina262nina8ova,gbcninahina262nina8ova
和mygo同期看更凸现其“呐喊”——很难拒绝的热血。nina塑造得太有意思了，幼稚里一丝沉重和十分的冲劲。回望自己的高中年代，正是像nina这样为了学校里正义的小事而呐喊着，更能理解为何那是“重要的事情”。整体节奏没什么问题，音乐加大分，作为一个前音游人我果然还是热衷于复杂的音乐编排。另：486我老婆,9,神作,2025-10-21 01:42,花阔,431767,girls band cry,mygo“”ninanina“”486,mygo “ ” ninanina “ ” 486
好作品，比起mygo来说更擅长用动作来表达人物思想，花田魔法确实是存在的，空之箱是遍体鳞伤的少女拼尽全力的嘶吼，空白与宣泄是少女们齐心协力向世界释放出的呐喊，cry从不是哭泣之意，而是呐喊之意，不想多说，也无需多说了,8,力荐,2025-10-19 23:48,ArisuS,431767,girls band cry,mygocry,mygocry
TV动画中单论3D质量难以逾越的高峰。拦卡车在我看来神回。tomo超可爱真迷死我了。,7,推荐,2025-10-18 17:07,草本灌 荷马,431767,girls band cry,TV3Dtomo,TV3Dtomo
7.5。首先加一分（bgm为什么没有0.5分）给东映的帕鲁们，让我看到了如此恐怖质量的3D动画（鉴定为手摇发电机），就是该死的音监拉大跨。gbc给我最大的感觉就是单拿一集跟着情绪流还不错，但串起来却没有很大的让人追着看完的动力，我断断续续试了四次才勉强看完，每集都是重复的爆了包了看着很累，猜都能猜到下集谁又要开始了。gbc虽然标榜摇滚离经叛道，但其实本质还是成长的故事，与其说是群像不如说是nina传，作为受到外力最多的人人物弧光也是最完整的（养女儿咯）；mmk只是自我拉扯（真闹麻了），486能解决自己的问题（靠谱小孩，可爱捏），tomo和lupa压根没怎么展开（tomo是对于音乐过于纯粹的小孩，lupa则是经历太多的的成熟体），这是gbc剧本的一大不足之处。某些编剧也是缺乏职业素养，结局给一部尚未可知能否出续作的动画整大的，生怕日子过好了观众不适应是,8,力荐,2025-10-11 15:35,乂之,431767,girls band cry,75bgm053Dgbcgbcninammk486tomolupatomolupagbc,75bgm053Dgbcgbcninammk486tomolupatomolupagbc
寓意倒是挺好的，不过辍学组乐队还是太大胆了些，抛开这个不提如果对上电波还是看的比较起劲的，虽然也不知道是不是自己的年龄过了，最后两集看的观感一般，反倒是第十集处理家庭关系上让我抹了把泪，不过该谈不谈，质量还是出色的，只是live直接用CD有点不爽，缺少真实感还是不行，就导致虽然每次特地放在片尾的演出却搞的和过ED一样空淡，我觉得这个是得扣分的，最后插个题外话（能不能把竖小拇指改改，每次一看一堆人在舞台上竖个小指头就好尬）,7,推荐,2025-10-11 03:46,七教,431767,girls band cry,liveCDED,liveCDED
神，24年的我已经很久很久没有追番了，但是GBC的出现又让我重新拥有了当初追番的感觉，每周都在期待更新。剧情以及演出方面也很好看，特别是第11集的演出，神回中的神回。,10,超神作,2025-10-8 17:48,YYMYDAZE,431767,girls band cry,24GBC11,24GBC11
"大少女乐队时代的优秀作品，划时代的60fps手动K帧，爆爆爆的剧情爽感（存疑）
剧情方面最后几集还是有点差强人意吧，也不知道第二季能不能填上坑，花田第二季的诅咒不要延续了。
替东映K帧牛马们点个好虐",7,推荐,2025-10-8 01:12,KochiyaTeioKKK,431767,girls band cry,"60fpsK

K",60fpsK K
7.5。这种比较激进的人设，能把故事完整的顺畅讲完，不让人感到奇怪，已经是很不错了。更不要说这个3D真的很强，贡献了很多2D比较少见的演出,7,推荐,2025-10-4 15:45,小可,431767,girls band cry,753D2D,753D2D
当季甚至2024年最喜欢的番，虽然2025年的现在已经无力再关注各路少女乐队的消息了，但gbc肯定会在我的记忆一角长久地留存下去。,9,神作,2025-10-2 20:16,Hottoite,431767,girls band cry,20242025gbc,20242025gbc
op很好听，音乐做的不赖，东映动画做的也让人印象深刻，gbc这一两年出的各种事情以及动画音乐nsy都让人看出了想做个长线企划的希望。而我眼中gbc这个企划唯一的雷点可能就是花田了，花田可能对这部是有贡献的，但对于后续是剧情动画呢？我不好说，后面给你第二季做成星二你胳膊刺从此就是路边的季度女同番……,6,还行,2025-10-1 22:30,某科学的理所当然,431767,girls band cry,opgbcnsygbc,opgbcnsygbc
"我认为GBC与其它乐队番完全不同的是它的主题——反抗。就拿第一集来说，竖中指嘲讽抢摊位的凤凰传奇的mmk真是超帅好嘛。当然也是造就了一些名场面就是了（笑）。接着是典中典mmk要放弃音乐，仁菜整理行李时，发现了mmk留给她的吉他，“竖起中指吧”这一段看得那叫个心潮澎湃啊——少女青春时的梦想被现实磨灭，只好竖起倔强的中指来嘲讽无能的自己与残酷的现实，没错，这就是这部番的最大特点——反抗。
说完主题就回到制作，制作组可以说是技术力爆表了。首先动作的流畅度没得说，每场live都是真人动捕的含金量无需多言，特别是第11集的神级live，新人cv富有穿透力的声音，热血沸腾的旋律，渲染拉满的灯光场景，3D才能做到的超强运镜，",8,力荐,2025-10-1 14:55,C137_Rained,431767,girls band cry,"GBCmmkmmkmmk“”
live11livecv3D",GBCmmkmmkmmk “ ” live11livecv3D
让我重新燃起追番热情的动画（上一次估计还在18年 我说不上他的剧情有多好 人设有多好 褪去追番色彩的话 只是一部普通的作品 但在追番的时候 他带给我的感动与泪水是真实 我可能再也找不到那三个月看gbc的感觉 但就为了我那短短三个月的感动 我愿意打出这个分数,9,神作,2025-9-29 12:20,丶cano丶,431767,girls band cry,18       gbc,18 gbc
这3D看的太爽了，作为3D区爱好者，恋活动画和各种二游角色的mmd真的看吐了。这种二次元风格的顶级3D动画真tm看一集少一集,9,神作,2025-9-28 15:57,ER1R1,431767,girls band cry,3D3Dmmd3Dtm,3D3Dmmd3Dtm
非常独特的3D少女乐队2.5次元企划，今天把最后三话补上了。怎么说呢，是一部情绪宣泄占主导的动画，而且最后几话有点赶火车跟不上节奏，不过也有一些情节、人物关系的设计是比较精彩的，歌也不错。正常说是推荐，为什么最后还是给了力荐呢，因为这是少有的3D占了极大比例的制作非常精良的动画，看了绝对能改变对3D的刻板印象（但是突然想起来说这个好像很压榨员工啊）。乐队live果然和3D是非常契合的。,8,力荐,2025-9-26 09:57,风居住的街道,431767,girls band cry,3D253D3Dlive3D,3D253D3Dlive3D
当时原创三大头播了几集之后，基本上gbc就是老大了，剧情也确实有趣，前期小孩哥咔咔战斗什么的，大家的人设也都很棒，486很可爱，还有那个妈妈桑一样的lupa 最后的结局，我感觉还算可以吧，说得过去，并没有感到很拉胯，而且自己对live这一块一直都没什么兴趣，看了那么多乐队动画，并没有什么喜欢的live什么的 因为都不是很感兴趣，这个也不例外，op很好听，确实很好听，很抓耳，看pv就感觉到了,7,推荐,2025-9-22 08:54,kaleikiu,431767,girls band cry,gbc486lupa livelive oppv,gbc486lupa livelive oppv
主推momoka，但是后期力度不足,7,推荐,2025-9-22 02:57,御坂白雪,431767,girls band cry,momoka,momoka
"全篇最遗憾的一点就是13集的叙事量不足以支撑起由人物叙事到团队情感叙事的突变。
双菜也就是贯穿全文的纠葛以一个nina突然成长大彻大悟想通了还是有些变态，只怪大家似乎都太亚撒西没有能发泄的对象了，理性来说，我认为这条线算是小烂尾了。似乎还是更想看羁绊最深的mmk和钻尘的对手戏，或者小智lupa的过去经历，互动桥段等等，只能期待似乎根本就没有考量过的第二季了，最后断章还保留在钻尘伟大，甚至无法预测刺团下一步发展的位置还是有些微妙的。
该说3D效果也太流畅了，业界顶级水准了，配合8集这样的神回和耐听好听歌词还有深意的OP、ED和插曲，唯一可惜的就是最后一集的一半Live了…。非常感激能有这样一部少女乐队番，不单单为了吸引眼球来选择爆点，只是做好应该做的内容，这样就是单纯的确幸和美好了。
OS：OP最后那段打歌服怎么不上正片T T，纯白小智太可爱了…。",6,还行,2025-9-16 00:05,Kistar.,431767,girls band cry,"13
ninammklupa
3D8OPEDLive
OSOPT T",13 ninammklupa 3D8OPEDLive OSOPT T
十七岁的小孩姐，带着乡下人的拘谨、年轻人的鲁莽、音乐天赋和尴尬的2.5D造型只身来到东京闯荡，前两集展开了一幅多么值得期待的图景。可后来发现她只是个表演型人格，用夸张的肢体语言模拟背后老头编剧的虚无幻想。 第九话钢琴姐时而说吉他不行，时而指责编曲，但从来没发表过一点建议，甚至从未指出过问题具体在哪（在她自己的回忆中同样如此）。这一定程度上反映了整部虚浮作品的缺陷，对自己批判的事物、理念丝毫不了解，想表现的只有态度，其种种叛逆争吵都属于网易云播客小团体对职业音乐人的意淫。 我认为不登校对女主最大的影响就是让她素质极低，或许编剧觉得与人交往中的礼貌、尊重、体贴有辱角色个性，可上述品德恰恰是个人十分看重的。我比较欣赏鼓手的性格。 要给mygo道歉，不该批评那部动画，真和解了。,7,推荐,2025-9-12 16:37,slothism,431767,girls band cry,25D   mygo,25D mygo
7.6 说实话到11话为止都还可以，前期非常惊艳但是高开低走，NINA真的从头倔到位把周围所有人拉下水，也能说是一种特色吧尽管观感不是很好，后面几场的LIVE真的不太行，音乐配不上画面那么激昂，最大的问题还是NINA每次的矛盾真的很鸡毛蒜皮，属于是硬要叛逆的那种,7,推荐,2025-9-6 11:16,影子越看越像她,431767,girls band cry,76 11NINALIVENINA,76 11NINALIVENINA
观感8分，但是我太喜欢了9分！主角是我这几年见过最个性分明的角色，而且不会让人反感，3D的效果也是出奇的好，这简直就是我心目中未来二次元3d的样子,9,神作,2025-9-5 00:12,yeah peace peace,431767,girls band cry,893D3d,893D3d
ep1:7.5 ep2:8 ep3:7,0,未评分,2025-9-4 17:54,Whyyy,431767,girls band cry,ep175 ep28 ep37,ep175 ep28 ep37
说实话，十一集直接结尾的话，除了短，真的没有多少缺点，3d质量高，音乐量大管饱，也有很多有意思的片段，就是围绕nina来写，让小智和RUPA没什么塑造。最后两集真的没必要，12集决定乐队未来，13集写nina和hina的冲突和和解，没什么看头，既不哭泣，也不呐喊，不在故事最高潮结尾，不懂花田怎么想的,7,推荐,2025-9-1 22:12,煮波是鱼,431767,girls band cry,3dninaRUPA1213ninahina,3dninaRUPA1213ninahina
"9.6二刷重评。简单说一下其较大的争议点，及不影响其满分的原因：1、小孩姐的性格方面：我对仁仁菜的评价为“生活中正直怀有理想主义的小孩，乐队中任性不计后果的团宠”。说实话我对小孩姐的人设并不感冒，甚至有种hina 所说“释放正义的尖刺，伤害所有人”的感觉，但我不否认其立体的性格以及对梦想的追求。在我看来，仁仁菜是一个成长型角色，成为曾经追逐的自己（包括果断放弃学业、练习吉他等方面），总是能在不经意间打动我，可以算优秀的角色塑造。
2、第十三集的仓促结局：我认为正如小孩姐不计后果的任性一样，这场live自然没有结果。gbc的故事线以小孩姐为轴，故一个理想化的、浪漫化的符合其人设的结局很有必要（虽然可能还有第二季）反驳说结尾是包饺子的：这只是留有一场精彩live的全面败北。巨额粉丝量差、资金及后台的欠缺必然导致失败，而花田的裁剪保证了形式上的得偿所愿。",10,超神作,2025-8-30 13:15,汪牛逼,431767,girls band cry,"961“”hina “”
2livegbclive",961 “ ” hina “ ” 2livegbclive
在这部番找到了共鸣，我也喜欢像仁菜那样对于不公平的事情说不，即使不是自己的问题却依然接受不了处理结果，最终只能不断精神内耗，虽然情况没仁菜这样严重，但看完后倒是坚定了我的决心：永远不屈服于不公平的事，倘若自己无错，那就不必在乎他人目光，大声喊出“我没有错”吧//总体而言个人观感剧情8/10，live加上动画制作可以给到9分，很不错的一部作品，分虽虚高但对我而言确实产生了特殊意义,9,神作,2025-8-27 05:30,mikufans1883,431767,girls band cry,“”810live9,“ ” 810live9
"所谓的“平稳落地”、“高开低走”大抵就是如此，hina与nina的故事以及解法还算自然，可仍旧让人看完怅然若失，好像少了些什么。最后两集的剧情与之前并不连贯，退所一事也显得有些突兀，lupa与tomo的故事几乎没讲显然还留了不少坑，486与奶奶的故事也略显潦草。故事的后期走向有种“反正只要美少女们在舞台上展露笑容开始歌唱，观众们就会买单”的既视感。这显然算不上一个优秀的结局，观众们包括我在内会感到不满是理所应当的。
可当我刚刚开始敲打评论，ed的旋律透过耳机，一种说不上来的不舍随着nina拖长的歌声涌了上来。理性的见解仿佛一下受到旋律的冲击，逐渐将我的苛刻与挑剔瓦解。我想我喜欢这部作品，我喜欢这些角色，喜欢她想要传达的故事。对于一个爱钻牛角尖的人来说，这是一部能如此感受到共鸣的作品，这就够了吧。期待第二季。",8,力荐,2025-8-25 23:34,kiohuh,431767,girls band cry,"“”“”hinaninalupatomo486“”
ednina",“ ” “ ” hinaninalupatomo486 “ ” ednina
7.5  去年完结后看的，剧情结尾太草率 + hina的人设太别扭，无法认同，看得眉头紧皱。制作很好，3d很灵动，歌好听,7,推荐,2025-8-24 21:10,アルミン,431767,girls band cry,75    hina3d,75 hina3d
very good,10,超神作,2025-8-20 02:32,Lkxkek,431767,girls band cry,very good,very good
补标，3D好丝滑，486可爱捏，歌也不错喵,7,推荐,2025-8-19 20:01,chino,431767,girls band cry,3D486,3D486
7.5，以3D演出为主和主角团全部采用乐手而不是专业cv是一次很大胆的尝试，在音乐质量方面在乐队番里是独一档的，因为高质量的3D也使得音乐演出效果发挥到了近乎极致，优点非常明显，但是也因此产生了一些明显的缺点，比如主角团除了桃香和nina以外的cv表现感觉真是一言难尽，除此之外还有一些剧情节奏问题。总的来说是一部缺点和优点都很大的番，如果你喜欢摇滚的话这部番将会给你很好的体验，反之则不然，另外提一句，第11集最后一段演出真是神中神,7,推荐,2025-8-19 02:27,noobmaster233,431767,girls band cry,753Dcv3Dninacv11,753Dcv3Dninacv11
3d效果出奇的好，有独特的画风，歌曲很容易溜起来，到动画本身，第十集和父亲的和解以及追回mmk让人感动，但结尾有点水，期待第二季,8,力荐,2025-8-18 22:50,ssxgsmywife,431767,girls band cry,3dmmk,3dmmk
"受安利而看。完全不在好球区上，但也不算雷。
//不雷个毛线，好tm麻烦的&quot;女女关系性&quot;，从哪个天杀的起，轻百+音乐变成了这个样子",6,还行,2025-8-17 06:10,Lookstona Fooledrunner,431767,girls band cry,tmquotquot,tmquotquot
"gbc是一个优秀的少女乐队企划，3D的技术很成熟，细节打磨出色，同时音乐大加分。
不过后期剧情处理没有那么出色，虽然相较其他空气系乐队番这部明显有更强烈的戏剧冲突但也受制于作品性质在部分场景的刻画没有令人那么满意，总体算是优秀。",7,推荐,2025-8-15 19:01,水马才夕,431767,girls band cry,gbc3D,gbc3D
3D技术非常震惊，彻底扫清了我对3D动画的偏见//原本对nina的成长颇有微词，但转念一想青春可能就是这样，自己也未必能做得更好,7,推荐,2025-8-15 01:10,Aeieop,431767,girls band cry,3D3Dnina,3D3Dnina
喜欢小孩姐和斯巴鲁可爱捏，有许多有意思的梗但不突兀，有一些冲突，但很快就能得到合理的解决，看起来不会显得压抑，总体较为轻松，live很爽，歌很好听，不愧是东映3d业界顶尖,8,力荐,2025-8-14 23:32,花漫惊梦人,431767,girls band cry,live3d,live3d
gbc也是24年暑假看的，尽管很多人说结尾不好，我仍然觉得gbc值得八分，有木柜子摇滚的加成,8,力荐,2025-8-14 02:10,完全形态,431767,girls band cry,gbc24gbc,gbc24gbc
"2025.8.13看完
mygo时代补到第三集没再看下去，这两天捡起来简直一发不可收拾。实话实说全程下来我最享受的是所有美少女的服装和表情，真是设计的太好了。小孩姐和486也都可可爱爱，看完陷入了一种空虚。",8,力荐,2025-8-13 17:41,Akari,431767,girls band cry,"2025813
mygo486",2025813 mygo486
gbc神，优秀的三渲二画面表现，性格鲜明的五位主角，完美的 live 演出，nina 无疑是最摇滚的，参团率百分百，这几个人真的很完美，性格互补,8,力荐,2025-8-13 15:26,beihai233,431767,girls band cry,gbc live nina,gbc live nina
nina就是摇滚本身虽然大家吐槽他是正论怪物但是她不服输的冲劲正是摇滚精神，mmk就像是大学生毕业几年被社会毒打过变得更现实了的人，遇到nina之后才想起来自己的梦想是什么。建议如果是学生的话等进社会一两年之后再回过来看这部番,9,神作,2025-8-12 21:08,Linus10,431767,girls band cry,ninammknina,ninammknina
我要玩旮娄给木.jpg 被二创给害了啊班友们/6+1，给社区二创,7,推荐,2025-8-10 00:28,L'AN,431767,girls band cry,jpg 61,jpg 61
8+1，3d能看的话制作完全挑不出任何毛病，音乐番的音乐好听live好看，剧情方面我认为至少算平稳落地，动画角度7.8乐队番角度8.0，合个人胃口更是神加一分9.0,9,神作,2025-8-7 03:30,高坂穗乃果,431767,girls band cry,813dlive788090,813dlive788090
质量上乘的流量大作，但剧情与内核都有硬伤。1优秀的3d作画。这部片的3d很活，甚至于说有点多动症，表情夸张丰富，难得在3d作品看到如此流畅的动作；2剧情与内核的硬伤，高中辍学开live，故事里反偶像乐队而自身又是个偶像企划。在注重摇滚元素和注重音乐元素之间选择了注重流量，一系列闹嘛了的疑似炒作的桥段也足以看出一丝创作者博流量的小心思。,6,还行,2025-8-6 01:55,cc旋风,431767,girls band cry,13d3d3d2live,13d3d3d2live
想了很多理由阻止自己打这么高，最终还是没能说服自己。和mujica一样，先是听了很久她们的歌，然后才开始补番，可以说在一开始就把期待拉得很高。不同的是，mujica完美地搞砸了，而gbc完美地超越了我的期待。通过剧透知道了剧情里包含了校园霸凌，包含了理念之争，但没想到另外还说了这么多现实的事情，以及对人生态度的较为深入的探讨，非常有共鸣。现实生活中我是hina，追求稳定，厌恶风险，但内心深处又住着个nina，正论怪物，犟驴不服输；只是我没有nina的勇气豁出一切去拼搏，也无法放下正论明哲保身到底。这部少女乐队番从各种意义上都非常对我胃口，因此打下了这个显著偏高的分，就当是对自己补番体验的一个记录吧。,9,神作,2025-8-3 00:18,Jeffrey-TNT,431767,girls band cry,mujicamujicagbchinaninanina,mujicamujicagbchinaninanina
第486部看过的动漫，“486”这个二次元中神奇的数字，当然要留给安和昴です！3D人物效果很灵动，每首歌都很好听，是少女乐队四大名著中最注重讨论“音乐”与“梦想”的一部，第11话live的运镜和回忆杀配上歌曲真是爽飞了！同时人物关系性和互动都很别出心裁，小孩姐仁菜有一种独特的魅力，剧本也是明显偏向她来写，其他角色如Rupa着墨不多有点可惜。脚本花田十辉对于一些小细节的巧思是很独到的，比较有印象的就是第八话仁菜和mmk争执中回忆的穿插以及mmk用车载音响盖住哭声，同时分镜的很多设计也为演绎增色不少。不过我认为第11话是最该结束的时间点，不然就会出现像第13话这样“明明只剩一话了但要解决的问题却讲不完”的窘迫情况，结尾也有点戛然而止，说好的对邦却根本没有任何结果，只是在大伙你看看我，我看看你的谜之氛围中结束了。不过我也看到第二季制作决定了，还是很期待的。,8,力荐,2025-8-2 23:17,幻琛2333,431767,girls band cry,486“486”3D“”“”11liveRupammkmmk1113“”,486 “ 486 ” 3D “ ” “ ” 11liveRupammkmmk1113 “ ”
大快朵颐一顿名为“哭泣少女乐队”的鲜活生命，向不顺心意的糟糕现实举起叛逆反旗，将永不服输的精神贯彻到底！GBC就是后MYGO时代中典型的少女乐队番代表，剧情更多的是负责提供话题讨论度，对其中现实议题最合适的处理方式就是轻描淡写地一笔带过，打擦边球浅尝辄止就好，不然详尽陈述下来会显得太过沉重，也难以把握，与题材和受众本身背道而驰，核心卖点永远是女女关系人设和舞台演出效果。虽然没有跳脱出“组乐队→闹矛盾→开live”这一套定式框架，但胜在叙事节奏很舒服，进展神速。伴随日常叙事的抒情bgm与舞台live感染力并重。拧巴又直率的小孩姐、飒爽又脆弱的MMK（简直不要太帅，请立刻停止散发你那该死的无处安放的魅力好吗，为了你，我要cos成你的模样！）、包容的486……面部表情和肢体动作丰富且栩栩如生，比我在现实中和人面对面交流还要更有活人气息。,7,推荐,2025-8-2 19:00,MISAKI鸣,431767,girls band cry,“”GBCMYGO“live”bgmliveMMKcos486,“ ” GBCMYGO “ live ” bgmliveMMKcos486
因为我本人也是搞乐队的，这个还真是我看过的观感最好的少女乐队番，具体原因可能还是”摇滚“的态度和音乐的质量吧，不说别的，gbc基本每首歌都能给我溜冰的感觉，其他少女乐队番真没有给我这么深刻的印象，给九分是个人私心，因为我是真的喜欢，也希望能出续集，因为结尾实在太草率了......,9,神作,2025-7-30 14:48,荒渡夜影,431767,girls band cry,”“gbc,” “ gbc
4月看的剩7集鸽到现在补完了，看到的表情包一个个打卡的感觉真奇妙啊。东映的这个3D技术能做到这么精细实在打破我的认知了，对比隔壁片场真是全方位吊打，经费足就是好啊。雑踏、僕らの街，空の箱我加起来听了几百遍了，雨夜车站即兴演出，小孩姐唱空箱那个live演出真给我看的鸡皮疙瘩都起来了，太有情感爆发力了，gbc乐队成员都很有个性，志同道合，相互依靠救赎。有着前面剧情发展都很紧凑，就是后面收尾太潦草了，回归到了最传统的套路上去了，但我真挺喜欢花田想表达出来的东西：理想与现实的碰撞，校园霸凌、家庭矛盾，追梦的经济压力....就算它没把主题深化到最好，也没啥分支，部分角色的塑造也很单薄，nina幼稚叛逆喜欢大喊大叫，但她这份遵从内心想法不认输的精神是真的很摇滚吧，让我重新审视了一下自己的一些想法TOGENASHI TOGEARI确实在我心里留下爪痕了。,8,力荐,2025-7-30 01:54,青江风,431767,girls band cry,473DlivegbcninaTOGENASHI TOGEARI,473DlivegbcninaTOGENASHI TOGEARI
"补2024.8.4
第一次看3d做的很不错，应该说是三渲二吗？然后就是歌：卧槽，冰！。",7,推荐,2025-7-29 01:40,PP,431767,girls band cry,"202484
3d",202484 3d
"不是很喜欢小孩不太坦率的性格，结尾也有些仓促了...但是486酱真的好可爱www
三次元来说理名的状态还是有的，声线很抓耳（我觉得ed比op好听
我宣布这是今年看过观感最好的番",10,超神作,2025-7-28 12:31,安和と昴すばる,431767,girls band cry,"486www
edop",486www edop
第一次看3d类的少女乐队番，我一直以为少女乐队都是轻音/孤独摇滚那种2d的。前几天刷到mygo原来邦邦也是3d的。好了说回来，这部基调蛮轻松的，虽然都打趣说是少女中专乐队，剧情还是很套路的原生家庭不好，通过乐队鼓舞了自己。音乐挺好听的，片头曲0帧起手真的很洗脑，里面最喜欢mmk～,6,还行,2025-7-28 11:47,Natut,431767,girls band cry,3d2dmygo3d0mmk,3d2dmygo3d0mmk
"即使贯彻自我意味着自己的刺总有一天会刺伤别人刺伤自己，那又如何？我仍然要沿着自己的道路走下去。
动画从始至终贯穿的“我没有错”,去做自己，不向这世俗间任何事物低头的反叛精神让人感动。很喜欢仁菜那种不服输，始终坚持自我的性格，她简直就是这部动画反叛精神的完美化身，也是无刺有刺之魂，动画的音画表现极其出色，几场live的表现更是惊艳，期待第二季的表现。",8,力荐,2025-7-26 01:11,万策尽,431767,girls band cry,“”live,“ ” live
实际上光是3d的制作水平就值得一看了，不过作为乐队番来说又是比较挑受众和对电波的，对我来说瑕疵更多的是在结尾，给人一种欲言又止的感觉 ，反而可能让人搞不清剧本想表现的核心思想。看得出来后期手底下做3d的牛马已经被压榨走不少了（,8,力荐,2025-7-25 01:52,羽漓,431767,girls band cry,3d 3d,3d 3d
前十集能拿9分，但最后几集观感明显下降，出现了很多在前十集不会有的问题：ep12/13突然就不会刻画群像之间的关系了，最后几集nina之外的刺团就好像是一个模子多刻了几个人；叙事太仓促了，完全没有把nina和hina的故事塑造好；商业相关的内容刻画得过于儿戏。期待第二季。,8,力荐,2025-7-24 23:34,竹田千爱,431767,girls band cry,9ep1213ninaninahina,9ep1213ninaninahina
"2025.7.14——2025.7.23补番
3D制作确实给乐队动画注入了不一样的血液，流畅地环绕live真的很爽，感谢东映相关的制作人，给我们呈现出如此精美的画面。
追完之后感觉，前面十集的完成度远高于最后两集，可以看出花田后期控不住了。如果在第十一集live之后就结束了，将会是一部非常好的作品，而不是在荒谬的两集签约完又退社，最后的live还没有完整版。但无论如何，追番的体验是很愉快的，希望能有第二季。
但还是很感谢帕鲁们的辛勤付出，听说他们有很多都累到辞职了，希望他们前程似锦。",8,力荐,2025-7-23 15:55,飞文,431767,girls band cry,"20257142025723
3Dlive
livelive",20257142025723 3Dlive livelive
堪称顶级的追番体验，可以这么说，从2019年开始看番，我第一次在B站追完一部番，然而东映整个大活，在我心中的地位接近游戏人生，因为游戏人生是我在B站看的第一部番，入宅作是未来日记，总感觉有些悲惨呢,9,神作,2025-7-22 12:34,哈茈乜弥苦,431767,girls band cry,2019BB,2019BB
第一集太有劲了，当时把周围看动漫的全拎着观赏过第一集，因此单单第一集我就看了四五遍，，卢帕和海老冢智（不是你俩谁？）塑造太平面了，就像在高速公路飙车突然莫名其妙甩进车里的两个人。还有前期感觉非常压抑和严重的80以及家庭氛围，在后面一个不了了之，另一个不是就这？逗我玩呢？高开低走，重拿轻放，失望至极。有缺点但美术顶级，live除了空之箱和oped没有印象深刻的地方。个人不是特别喜欢。7.7分,7,推荐,2025-7-21 22:50,index,431767,girls band cry,80liveoped77,80liveoped77
强大的3D技术力让人感到惊艳，剧情给人一种大开大合的爽文感，12、13话略显仓促。//溜gbc的歌蛮爽的,8,力荐,2025-7-20 22:58,正在祈祷的脑洞比熊,431767,girls band cry,3D1213gbc,3D1213gbc
"一路追过来的，每周五晚11点半开始在直播间找生肉看，看完生肉b站会有人传机翻再看，第二天早上陆续会有熟肉再看，周六晚上再看泛式的全切直播以及切片，基本每集我都要看五遍以上。追番过程中我基本把pv，访谈，官号发的视频以及23年就出过的歌都翻个遍。我与等番完结再一次看完的人感受自然是不同的，所以，对我们来说，即便是定义相同的东西，意义也一定是不同的。尽管GBC在国内的热度很高，我也不觉得自己能找到几个真正志同道合的理解者，但我会给 GBC 9分。
说回动画，我很欣赏nina，与其说我想成为nina不如说我想有一个nina这样的同伴，说到这我必须再借用一次XPJbox老师的话——书中的主角是读者在家阅读而一起去世界探险的伙伴，所以主角要个性鲜明。",9,神作,2025-7-15 18:33,Air Chika,431767,girls band cry,"11bpv23GBC GBC 9
ninaninaninaXPJbox",11bpv23GBC GBC 9 ninaninaninaXPJbox
"不是很喜欢花田的作品。感觉花田十辉总是痴迷于制造噱头、制造Drama。

宣发里“最大胆”“竖中指”，结果第二集就告诉你这是个噱头，甚至因为竖中指有点激进，改成了竖小拇指，变回了JK样板戏……

关于情感的部分也是一样，成员的成长、内心问题，根本就没打算回答，一切都用喜剧、扯头发搪塞过去，就像仁菜背后的“黑风”一样，需要的时候拿出来，不需要的时候就不见了。

不过虽然是样板戏吧，但也是很好的样板戏啦。",7,推荐,2025-7-8 13:49,……,431767,girls band cry,"Drama

“”“”JK

“”",Drama “ ” “ ” JK “ ”
一开始是冲着顶级3d去看的（pv就很炸裂了居然没人提也是离谱），然后直接“woc，冰！”上一部还是马三角，直接成我四月周指活了，呜呜呜我要第二季。,8,力荐,2025-7-8 11:50,Oldtype,431767,girls band cry,3dpv“woc”,3dpv “ ”
第一次看见如此鲜活的3d人物，表情和动作都很生动。推动故事前进的矛盾产生和解决主要来自各个人物各自的心结。486超可爱！！,8,力荐,2025-7-7 15:00,Klidopic,431767,girls band cry,3d486,3d486
番还行，就是不少刺小鬼逻辑很清奇：我比mujica好等于我是神作，应该值得你们珍惜和膜拜。那除了兽娘2京吹3星团2那些烂作之外大家都可以互相封神了，那业界不用用心写剧本了，都老老实实当打工人等同行烂光自动封神好了，希望这种思想能早日传到东瀛去那我们果漫崛起有望了,2,很差,2025-7-7 13:50,向荒诞世界奔去,431767,girls band cry,mujica232,mujica232
"怎么说呢
虽然小孩姐确实很幼稚，是一个爱说大道理的正论小孩
但坚持下来了嘛，至少真的吸引到了一帮伙伴

而且我在看之前真的没想到3d能如此灵动，大家都超级萌啊

「每次live的画面都感觉很短，戛然而止的感觉」",8,力荐,2025-7-7 08:18,墨陌漠,431767,girls band cry,"3d

live",3d live
剧本不如mygo，女主nina小仙女一开始的人设非常垃圾，印象最深的就是拿个灯螺旋桨打无辜路人，而我翻遍全网也找不到骂女主的视频，真是可怜我的十八岁的菜月昴了。后面的剧情也是，不够狠，非常普通，都是点到为止，最后再来点花田魔法包饺子。作为被吹到八分的作品，我只能打4分,4,较差,2025-7-5 08:35,不孝子菜月昴,431767,girls band cry,mygonina4,mygonina4
众所周知，所谓少女乐队，卖人设是不得不品的一环，而我们的gbc很显然这一环就很粗，但是粗过了有点过于依赖这一环了，全片相当一部分的剧情集中在了小孩姐的爆爆爆，事实上对于其他角色的剧情刻画是虽然有但是并不足够的，甚至于小孩姐的剧情都爆的不彻底，有点急于包寿司了www，但不得不承认在前期的爆爆爆环节，制作组的演出还是非常有东西的，尤其是小孩姐和mmk的故事线与人物塑造的双重结合，直接将爆爆爆环节的好看程度叠了一个平方。但是归根结底，这个结局和后续收尾我还是不够满意的，留白太多有一种要出第二季再说的感觉（但是东映懂得都懂哈哈哈…）,7,推荐,2025-7-5 05:47,JOYHUM,431767,girls band cry,gbcwwwmmk,gbcwwwmmk
"有趣的人设+前期扎实的脚本（nina和mmk和解后节奏就怪得很，还有对校园暴力的重拿轻放令人不适
但总体来看不愧为少女乐队四大名著",7,推荐,2025-7-5 01:42,starry_sky,431767,girls band cry,ninammk,ninammk
剧情方面，很开心看到仁菜的成长，各个人物都有血有肉，但是结局太仓促。动画制作方面，打工人手动K帧，动画质量真的很好，打破了我对于3D动画的偏见。最后，486天下第一！,8,力荐,2025-7-4 23:54,见笑见笑,431767,girls band cry,K3D486,K3D486
情绪流搞得不错，但是有的时候有点用力过猛，仁菜人设塑造有点问题，rupa塑造则太单薄，比较喜欢486的个人故事，另外结局收的也不是很好，整体来讲也算是好作品，希望有下一部,7,推荐,2025-7-2 04:07,Saku木口,431767,girls band cry,rupa486,rupa486
第10集之后我开始跟不上这部番的情绪流了，主角仁菜的叛逆也没有前面集数带给我的共鸣，歌还是不错的，可惜live混响依托,7,推荐,2025-6-28 02:21,洋飞,431767,girls band cry,10live,10live
怎么你们少女乐队的信条都是谁live赢了谁就能像辣鸡小游戏一样抢走对方所有的粉尸并狠狠的羞辱，tm隔壁班嘉豪都不一定做的到你做到了,8,力荐,2025-6-27 23:35,助手,431767,girls band cry,livetm,livetm
我觉得到十二集以前的剧情都非常不错，虽然十二十三集剧情差了一点但是瑕不掩瑜。仍然是近几年最摇滚的少女乐队作品，而且gbc的3D制作对3D动漫有了改观，没想到3D动画可以这么灵动。,10,超神作,2025-6-27 22:08,Envy_,431767,girls band cry,gbc3D3D3D,gbc3D3D3D
"《哭泣少女乐队》 无刺有刺

那种青春的刺痛感渲染的是很好的，nina赋予了我特别多的感受，
有种彻头彻尾的坚韧的感觉，不服输的感觉，不后悔的感觉，
让我羡慕的感觉，我没能做到的悔恨，
真的是正说大魔王呢，nina真的做到了很多我没做到的事情

GBC就是一群被现实打倒过，但依然热爱生活的，互相鼓励，一起朝向泥泞中走去的傻瓜们，
即使出淤泥而污秽也不愿妥协，朝着梦想进发的少女们的故事

我非常庆幸能和她们共同感受苦痛，与她们走过的旅程也是最能引起我共鸣的路途
1刺 = 103",8,力荐,2025-6-27 14:55,Noah,431767,girls band cry,"nina


nina

GBC



1  103",nina nina GBC 1 103
GBC作为一部原创动画十三集的内容虽然后面两集结尾稍显仓促但是讲完了完整的故事。可惜的是最后一话的live不是完整版。前十一集的几场live制作都极其精良尤其第三话和第十一话。文戏则是第八话和第十话发挥出色。十三话结尾也并没有选择包饺子而是以一种我们的战斗才刚刚开始结束，虽然如果没有第二季会让人很难受但是也贯彻了nina的我不想输，nina这个角色的魅力也在于对于自己认定的事情即使结果可能不敬人意但是依然不会后悔。nina和hina其实也m没有深仇大恨只是观念不同，hina虽然是结果导向者，会因为事情的结果而改变自己的行动，也正因为如此她才羡慕nina那个正论怪物吧。我们大多数人在现实中都会因为考虑结果而做出取舍，所以这才彰显nina这个角色的魅力，同时也非常的摇滚，因为妥协的摇滚不是摇滚。顺便全套蓝光BD已经支持，衷心因为能在继续见证刺刺乐队的故事,10,超神作,2025-6-25 18:49,彻底死去,431767,girls band cry,GBCliveliveninaninaninahinamhinaninaninaBD,GBCliveliveninaninaninahinamhinaninaninaBD
"闺泣！OP ED循环中
有点太现实了让人难受啊
第三集LIVE女主的绿裤袜我没背住
艹这没两集了还整活啊 我害怕
3D小表情是真的挺丰富的 486可爱捏

看完了，还好吧平稳落地，小孩姐讲的还是挺完整的",8,力荐,2025-6-25 07:07,rubick,431767,girls band cry,"OP ED

LIVE
 
3D 486",OP ED LIVE 3D 486
杀不死的熊本人，总体来说是梦想战胜原生家庭与规训，羁绊飞跃过往创伤的一篇，人物和live都非常用心，在孤独摇滚之后再次感受到了玩音乐的喜悦，虽然最后两集节奏看的困惑，op里的live也没有出现。,9,神作,2025-6-22 22:57,Sylvaine,431767,girls band cry,liveoplive,liveoplive
有一说一，就个人而言这部番的剧情并没有整出什么新花样，甚至哪集话大概会吵起来，吵起来后怎么解决，也大致猜到了七八成，至于深受大众好评的人物情感塑造部分我也只觉得”也就那么回事吧“。但到此，我对这部番也仅仅只是算不上喜欢。真正让我厌烦的还是第八集mmk带着人撤学搞乐队那段，本身mmk给我的印象就是那种总是带些情绪，但又不想说，于是憋着让人问也不是、不问也不是的态度。而新一集这人自说自话，先是欠了3个人毕业证，后面又自顾自的”背负不起“。到这会，她们爆了，我也想爆了，我脑子里只有”首先是吵架，然后是和解，然后是吵架，然后是和解...”有完没完啊。后面的集估摸着又要讲tomo和rupa的个人回，hina也是个定时炸弹，想想就头疼，或许乐队只是为了搞人物冲突而包的饺子？,6,还行,2025-6-22 15:01,阿昌,431767,girls band cry,”“mmkmmk3”“””tomorupahina,” “ mmkmmk3 ” “ ” ” tomorupahina
"制作很好，表情生动动作流畅
剧情上直到11集都不错，最后两集感觉冲突有点刻意了？个人认为mmk跟nina之间的关系不至于到这种程度，更不会到逼迫nina认输。直接解约也有些儿戏了。不过玩乐队的都对自己个性的追求和表达会更执着一些吧，从这个角度倒也不是不能理解。",8,力荐,2025-6-20 11:39,Aya,431767,girls band cry,11mmkninanina,11mmkninanina
"这下真的是刻板印象了, 搞艺术的多少有点心理问题hhh. 第二话挺好的, 像是孤独感的现实性写照吗 // 第五话的ed很像live的录像, 就是镜头太晃了. 欣赏完各种泥头车二创 来看看原作, 看小孩姐这个性格估计很难平稳落地啊 // 又看了几话, 还是觉得剧情会砸, 小孩这个人设就感觉没法, 也不能追求完美人. 那抛开剧情不谈, 3d质量很高, 每个角色的小表情也很到位. 歌好听 技术很强 // 各成员的家庭问题居然就平淡解决了, 小孩姐的爸人也很好, 能理解小孩姐. 最后一话, 现实中又混杂理想化, 我开始喜欢小孩姐了. 这种执拗和天真, 真好啊. 让我想起来团长了. 理想主义也挺好的不是吗",8,力荐,2025-6-18 13:04,墨冷,431767,girls band cry,hhh    edlive           3d,edlive 3d
音乐在线，演出在线，除了红生姜组合人物还不够丰满以及结尾有些仓促外没什么大问题，很喜欢togetoge的音乐，空白与净化神回 8.5,8,力荐,2025-6-16 23:22,Arcen,431767,girls band cry,togetoge 85,togetoge 85
"制作优良，经费充足，但是情节展开逆天，内核表达不知所云，主角完全配不上这个经费和乐队其他角色的塑造功底。
相比完整塑造的桃香和486，整个番中完全没有见到小孩姐的成长。刚来东京时什么样最后还是什么样，甚至变本加厉，擅自把自己的期待强加在别人身上并以此为动力强行PUA，在团队中又毫无担当和责任，live上一而再再而三地任性乱说话，其他队友完全没有义务这么照顾你的感受，还让队友一直承担着你的经济、情绪压力，这又是为什么呢？
再说整个情节上，桃香本人和旧队友对钻尘看得很开，也没有什么矛盾，是小孩姐硬生生把自己和nina的矛盾强插一脚到其中去，桃香当然没做错什么啊，这样让桃香以后怎么做人？和家庭的和解也是不知所云，没有表达只有相视一笑的和解，对霸凌伏笔的运用更是只有op，直接导致从相爱相杀变成了恶意避祸的形象。只能说是制作组难咎其责。",4,较差,2025-6-16 20:03,萧祁,431767,girls band cry,"486PUAlive
ninaop",486PUAlive ninaop
裹上了一层“理想的叛逆”的辣椒粉的咸口乐队番，花田十辉还时不时下点药。个人比较喜欢这个3D建模，部分与2D人物共同出现的演出（比如霸凌）确实别具一格。7.6//10.0,7,推荐,2025-6-16 17:43,昴,431767,girls band cry,“”3D2D76100,“ ” 3D2D76100
个人非常喜欢的作品，人物塑造的太好了。除了结尾有点差强人意，有很多集我都非常喜欢，1 4 7 9 10。真的很打动我。包括对教育的探讨等等等等。至少在我眼里，这绝对不是一部cjb作品！,9,神作,2025-6-16 13:56,瓦米哈,431767,girls band cry,1 4 7 9 10cjb,1 4 7 9 10cjb
"3D动画演出效果极佳，东映疯狂压榨牛马动画师亲手K帧造就了这么一部电影级别的番剧，人物表情和动作真的丰富。

全篇围绕nina和家庭、和学校霸凌者的抗争，但后面和hina的合好又显得nina像小丑了，不过倒是也有解释的方法，比如nina就是小孩、她成长了之类。但无论如何，nina的抗争精使得她成为了无刺有刺的队魂，然后把所有人拧成了一股绳。

虽然后面收尾略显仓促，但是还是给到九分，因为动画演出的效果太赞了，再加上这部也给我提供了很多有意思的二创。CV的演出也很到位，很喜欢mmk，但我也到了和姐系人物一个年龄的时候了，唉唉，光阴不等人，我已经是奔三的人了（误，此处自嘲，谁说20不是奔三）。

不喜欢CP党，但是也不会去跳脸，只看剧情。",9,神作,2025-6-14 23:52,CabbageLee,431767,girls band cry,"3DK

ninahinaninaninanina

CVmmk20

CP",3DK ninahinaninaninanina CVmmk20 CP
二次元特有的救赎，我看不出来主角的人物魅力在哪里，我只看出来随时随地的耍脾气摆脸色，说话没心没肺还赖这赖那，只要靠着主角关环就有人前继后赴地来拯救自己，还有一个大小姐和一个妈一直顺着你。干啥事都要分个无意义的对错，永远都是“我是对的，你是错的”。Bro活在梦里,1,不忍直视,2025-6-13 23:26,yagami,431767,girls band cry,“”Bro,“ ” Bro
"7.5/10 完全的高开低走，后半段的逻辑崩的一塌糊涂，结果结局还是断章状态，最搞笑的是这剧本是“现实主义不现实，摇滚乐队没大学”，人家正经摇滚乐队都是大学辍学好吧，没文化别来玩摇滚。
差点忘了，这个3D动态一看就是纯手k的，以后东映还能不能做出来都难说。",7,推荐,2025-6-10 00:29,MKLL,431767,girls band cry,"7510 “”
3Dk",7510 “ ” 3Dk
3D弄得太好了，其次是搞笑一集都不带下线的，不爱讲故事肆意降神却有ep8，ep13Apart这些高能回，新钻尘团利用率爆满。音乐番只有OPED抓人也是通病了，这片起码还多个空の箱，大量live曲也不难听,9,神作,2025-6-9 19:39,ハローチープヲ,431767,girls band cry,3Dep8ep13ApartOPEDlive,3Dep8ep13ApartOPEDlive
二次元入坑作品！当初是因为看到b站限免才去看的，结果发现b站的被删减了。神3d制作。神live，竖起中指吧！,9,神作,2025-6-9 10:10,Cubicheng,431767,girls band cry,bb3dlive,bb3dlive
先说不满意的地方：最后一集不满意，太赶了，对ヒナ的处理也不太好//每集体感只有5分钟，看到倒数第二集的时候我都惊了，这么快吗，角色塑造和文戏都写的非常非常好，剧中歌感觉是在传统摇滚和网红摇滚之间找到了精妙的平衡点，听下来最喜欢的是ED//故事肯定没讲完，还有人的故事线没展开啊，第二季能不能gkd,8,力荐,2025-6-7 22:32,jzd116,431767,girls band cry,5EDgkd,5EDgkd
作为差不多时期的现象级的乐队少女作品，很自然就会把它和GO放在一起品鉴。从剧情安排，作品完成度，制作水平上说，我认为GO要好一些，GBC的结尾感觉仓促了一些。但还是GBC的故事更能打动我。不知为何GBC很能让我体会到一个人无依无靠在大城市打拼的感觉，看前几集的时候我脑海里时常想起长渕刚的とんぼ ，特别是「ざらついたにがい砂を噛むと、ねじふせられた正直さが今ごろになってやけに骨身にしみる」等歌词。这特别能打动我，让我觉得它不是几个女孩子在过家家（没有贬低某A开头乐队作品的意思），而是几个人真的想把音乐作为自己事业，真的想通过音乐让别人了解自己思想。关于不登校，我接受它成为一个梗，但我绝不认为这是GBC成员的黑点。青春少年角色，就是会做出不成熟的选择的。我就是要看他们犯错口牙！这是多么浪漫！生活已经很现实了，为什么还要那么现实地看待作品呢？,7,推荐,2025-6-7 14:47,周東みゆき,431767,girls band cry,GOGOGBCGBCGBC AGBC,GOGOGBCGBCGBC AGBC
不错的音乐原创 OP和ED豪庭！ 顶级的3D制作 可惜结尾仓促,7,推荐,2025-6-7 05:02,秋ki,431767,girls band cry,OPED 3D,OPED 3D
制作精良，可以代表日本动画TV的3D制作水平了，演出也是非常好，剧情尚可。个人评分8.1分,8,力荐,2025-6-6 21:22,二次元测评,431767,girls band cry,TV3D81,TV3D81
总而言之不是很喜欢但就是很想看下去。歌好听，没看这番之前我就听了上千遍她们的歌了，但这live混响是人我吃。花田十辉这人写的剧本总有一种强烈的公式感，感情爆发过密以至于后面让人无感。3D制作至少比mygo强，但mygo剧情更深刻些，虽然这俩结局都比较潦草。人小孩姐能这么莽是因为有个中产阶级的好家庭，有音乐天赋，有四个无条件包容她的队友，所以我感觉她所谓反抗跟大祥老师斗财阀一样，有点闹麻。我真的很喜欢无刺有刺的歌，喜欢到处乱飞的486表情包，喜欢TOMO酱，但这番让我有点失望。歌好听，还是给个7分“推荐”吧，毕竟我网易云听最多的歌手就是无刺有刺,7,推荐,2025-6-6 00:13,😋😋😋,431767,girls band cry,live3Dmygomygo486TOMO7“”,live3Dmygomygo486TOMO7 “ ”
3D和live演出挺不错的，剧情感觉有点太“情绪流”了，结尾也是莫名其妙，草草结束了。,7,推荐,2025-6-1 09:35,slbiz,431767,girls band cry,3Dlive“”,3Dlive “ ”
